id,cliente_id,restaurante_id,fecha_hora,monto_total,forma_pago
1,584,5,2025-01-01 06:00:40,66.45,tarjeta
2,394,4,2025-01-01 06:03:32,26.00,tarjeta
3,627,1,2025-01-01 06:04:26,131.75,tarjeta
4,422,7,2025-01-01 06:09:12,15.50,efectivo
5,588,4,2025-01-01 06:11:20,22.00,tarjeta
6,813,7,2025-01-01 06:11:46,73.00,tarjeta
7,887,6,2025-01-01 06:20:20,152.80,tarjeta
8,460,6,2025-01-01 06:22:19,15.50,tarjeta
9,689,10,2025-01-01 06:29:25,10.95,tarjeta
10,45,6,2025-01-01 06:36:22,24.50,tarjeta
11,446,2,2025-01-01 06:36:23,25.50,efectivo
12,849,9,2025-01-01 06:37:55,106.50,efectivo
13,827,7,2025-01-01 06:40:45,195.65,efectivo
14,561,7,2025-01-01 06:42:12,60.45,efectivo
15,567,3,2025-01-01 06:42:52,22.00,efectivo
16,585,3,2025-01-01 06:42:59,158.20,efectivo
17,259,10,2025-01-01 06:44:07,191.75,efectivo
18,256,4,2025-01-01 06:45:55,41.95,efectivo
19,571,4,2025-01-01 06:47:29,48.95,efectivo
20,713,10,2025-01-01 06:58:58,51.95,efectivo
21,190,5,2025-01-01 07:06:00,89.85,efectivo
22,873,10,2025-01-01 07:08:13,45.95,efectivo
23,650,5,2025-01-01 07:09:22,55.50,tarjeta
24,206,2,2025-01-01 07:21:09,68.50,efectivo
25,8,7,2025-01-01 07:25:17,132.85,tarjeta
26,949,4,2025-01-01 07:25:28,54.90,efectivo
27,383,3,2025-01-01 07:28:45,35.00,tarjeta
28,760,5,2025-01-01 07:31:17,40.00,efectivo
29,167,9,2025-01-01 07:35:29,82.85,efectivo
30,664,5,2025-01-01 07:40:49,35.45,tarjeta
31,873,1,2025-01-01 07:41:34,10.95,efectivo
32,315,2,2025-01-01 07:43:05,72.00,efectivo
33,738,10,2025-01-01 07:44:45,125.60,tarjeta
34,732,5,2025-01-01 07:54:19,66.95,tarjeta
35,352,8,2025-01-01 07:56:58,96.50,tarjeta
36,923,2,2025-01-01 07:57:57,35.95,tarjeta
37,222,2,2025-01-01 07:58:27,26.95,efectivo
38,456,1,2025-01-01 08:02:08,15.50,tarjeta
39,446,2,2025-01-01 08:02:13,34.00,efectivo
40,200,9,2025-01-01 08:03:10,79.95,tarjeta
41,253,10,2025-01-01 08:05:19,66.95,tarjeta
42,849,2,2025-01-01 08:11:32,178.40,efectivo
43,633,7,2025-01-01 08:12:29,26.95,tarjeta
44,76,1,2025-01-01 08:13:54,22.50,efectivo
45,279,8,2025-01-01 08:15:06,59.95,tarjeta
46,85,5,2025-01-01 08:17:32,10.00,tarjeta
47,112,5,2025-01-01 08:22:00,27.50,efectivo
48,362,8,2025-01-01 08:24:55,80.50,efectivo
49,867,9,2025-01-01 08:28:08,35.45,efectivo
50,640,2,2025-01-01 08:33:09,163.30,tarjeta
51,54,5,2025-01-01 08:34:01,26.95,efectivo
52,152,3,2025-01-01 08:34:16,32.00,efectivo
53,596,10,2025-01-01 08:35:07,66.85,efectivo
54,422,2,2025-01-01 08:35:36,56.45,efectivo
55,183,4,2025-01-01 08:35:51,46.50,tarjeta
56,395,4,2025-01-01 08:36:04,89.90,tarjeta
57,657,10,2025-01-01 08:37:08,22.00,efectivo
58,933,1,2025-01-01 08:37:40,74.85,tarjeta
59,177,10,2025-01-01 08:38:02,45.45,tarjeta
60,295,1,2025-01-01 08:40:21,64.45,efectivo
61,317,7,2025-01-01 08:40:59,53.95,tarjeta
62,96,9,2025-01-01 08:41:36,54.40,efectivo
63,915,1,2025-01-01 08:43:19,32.95,tarjeta
64,27,9,2025-01-01 08:43:32,26.95,tarjeta
65,851,9,2025-01-01 08:46:52,108.50,tarjeta
66,406,3,2025-01-01 08:50:06,39.00,efectivo
67,363,2,2025-01-01 08:52:31,166.80,tarjeta
68,218,10,2025-01-01 09:04:38,22.00,tarjeta
69,831,2,2025-01-01 09:04:39,106.30,tarjeta
70,506,2,2025-01-01 09:08:12,56.50,tarjeta
71,771,4,2025-01-01 09:09:29,195.90,efectivo
72,177,6,2025-01-01 09:09:31,34.00,efectivo
73,823,8,2025-01-01 09:10:37,86.40,efectivo
74,729,6,2025-01-01 09:12:25,79.00,tarjeta
75,572,2,2025-01-01 09:13:50,73.45,efectivo
76,456,8,2025-01-01 09:15:18,37.50,efectivo
77,279,3,2025-01-01 09:15:35,111.40,tarjeta
78,90,4,2025-01-01 09:18:13,68.50,tarjeta
79,523,8,2025-01-01 09:20:14,25.50,tarjeta
80,901,9,2025-01-01 09:20:19,36.95,efectivo
81,217,1,2025-01-01 09:28:34,26.95,efectivo
82,280,3,2025-01-01 09:29:19,31.00,tarjeta
83,583,3,2025-01-01 09:35:56,10.00,efectivo
84,152,5,2025-01-01 09:38:12,31.00,tarjeta
85,69,1,2025-01-01 09:38:21,15.50,tarjeta
86,840,2,2025-01-01 09:39:01,142.85,tarjeta
87,196,2,2025-01-01 09:41:05,10.95,tarjeta
88,605,5,2025-01-01 09:43:11,98.45,tarjeta
89,9,1,2025-01-01 09:45:34,31.00,tarjeta
90,422,1,2025-01-01 09:51:30,36.95,efectivo
91,501,8,2025-01-01 09:57:46,78.00,tarjeta
92,562,2,2025-01-01 10:00:28,71.95,tarjeta
93,652,8,2025-01-01 10:05:29,26.95,tarjeta
94,585,6,2025-01-01 10:08:26,72.95,tarjeta
95,766,6,2025-01-01 10:15:57,31.00,efectivo
96,475,8,2025-01-01 10:17:19,22.00,tarjeta
97,448,2,2025-01-01 10:23:44,57.95,efectivo
98,548,8,2025-01-01 10:23:54,46.50,tarjeta
99,634,9,2025-01-01 10:25:29,173.90,tarjeta
100,556,6,2025-01-01 10:34:06,110.80,tarjeta
101,391,9,2025-01-01 10:34:10,69.50,efectivo
102,423,8,2025-01-01 10:36:42,36.95,tarjeta
103,430,8,2025-01-01 10:37:35,147.00,tarjeta
104,201,6,2025-01-01 10:43:15,61.00,efectivo
105,196,8,2025-01-01 10:48:25,67.00,efectivo
106,12,9,2025-01-01 10:55:17,41.95,tarjeta
107,643,6,2025-01-01 10:57:42,36.50,efectivo
108,995,10,2025-01-01 10:58:10,92.50,tarjeta
109,738,8,2025-01-01 10:58:11,163.65,efectivo
110,228,10,2025-01-01 11:08:37,116.00,efectivo
111,514,10,2025-01-01 11:13:21,27.85,tarjeta
112,891,8,2025-01-01 11:14:08,115.50,tarjeta
113,669,2,2025-01-01 11:16:14,59.50,efectivo
114,686,1,2025-01-01 11:16:47,72.40,tarjeta
115,431,3,2025-01-01 11:17:02,44.95,efectivo
116,857,3,2025-01-01 11:19:49,57.95,tarjeta
117,390,8,2025-01-01 11:20:55,113.00,tarjeta
118,623,9,2025-01-01 11:21:02,35.95,tarjeta
119,696,5,2025-01-01 11:27:59,44.00,tarjeta
120,334,2,2025-01-01 11:34:51,34.50,efectivo
121,203,6,2025-01-01 11:36:21,98.00,efectivo
122,243,3,2025-01-01 11:47:30,38.90,efectivo
123,875,10,2025-01-01 11:48:16,121.95,tarjeta
124,672,1,2025-01-01 11:54:03,92.50,tarjeta
125,561,9,2025-01-01 11:57:37,120.40,efectivo
126,240,2,2025-01-01 11:57:51,67.00,efectivo
127,163,6,2025-01-01 12:05:12,64.50,tarjeta
128,596,9,2025-01-01 12:05:39,67.50,efectivo
129,431,2,2025-01-01 12:06:07,78.50,efectivo
130,806,7,2025-01-01 12:08:24,88.00,efectivo
131,528,9,2025-01-01 12:10:32,46.50,efectivo
132,617,5,2025-01-01 12:15:30,64.45,tarjeta
133,337,3,2025-01-01 12:17:30,47.50,efectivo
134,700,4,2025-01-01 12:18:33,129.40,efectivo
135,453,4,2025-01-01 12:20:28,136.95,efectivo
136,279,9,2025-01-01 12:24:44,71.95,efectivo
137,253,10,2025-01-01 12:27:12,67.00,efectivo
138,726,7,2025-01-01 12:27:42,51.25,efectivo
139,768,8,2025-01-01 12:28:20,35.00,efectivo
140,754,9,2025-01-01 12:35:52,61.95,efectivo
141,616,6,2025-01-01 12:37:51,91.40,efectivo
142,566,8,2025-01-01 12:37:53,104.90,efectivo
143,316,9,2025-01-01 12:39:16,46.90,efectivo
144,884,10,2025-01-01 12:43:11,38.35,efectivo
145,931,2,2025-01-01 12:51:35,129.85,efectivo
146,871,1,2025-01-01 12:51:38,50.50,efectivo
147,672,4,2025-01-01 12:52:27,53.95,tarjeta
148,48,10,2025-01-01 13:03:23,73.80,tarjeta
149,612,3,2025-01-01 13:04:41,94.35,efectivo
150,798,7,2025-01-01 13:07:55,15.50,efectivo
151,625,9,2025-01-01 13:10:35,10.00,tarjeta
152,14,9,2025-01-01 13:10:38,87.50,tarjeta
153,239,2,2025-01-01 13:11:02,103.95,tarjeta
154,190,5,2025-01-01 13:17:00,67.95,efectivo
155,998,2,2025-01-01 13:17:02,94.00,efectivo
156,341,4,2025-01-01 13:24:40,116.45,tarjeta
157,986,4,2025-01-01 13:25:03,12.35,efectivo
158,283,1,2025-01-01 13:35:32,85.85,tarjeta
159,163,1,2025-01-01 13:36:59,77.95,tarjeta
160,13,8,2025-01-01 13:42:10,158.05,tarjeta
161,882,8,2025-01-01 13:42:22,64.45,efectivo
162,285,6,2025-01-01 13:46:26,45.95,tarjeta
163,752,1,2025-01-01 13:49:31,149.70,efectivo
164,788,5,2025-01-01 13:51:45,29.50,tarjeta
165,802,5,2025-01-01 13:53:33,59.95,efectivo
166,395,8,2025-01-01 13:57:08,62.95,efectivo
167,411,2,2025-01-01 14:03:23,131.50,efectivo
168,625,3,2025-01-01 14:05:30,63.50,tarjeta
169,940,1,2025-01-01 14:13:09,16.50,tarjeta
170,429,5,2025-01-01 14:13:25,8.00,tarjeta
171,241,5,2025-01-01 14:14:13,12.00,tarjeta
172,92,2,2025-01-01 14:14:20,31.95,tarjeta
173,428,1,2025-01-01 14:15:24,87.40,tarjeta
174,676,2,2025-01-01 14:20:14,61.00,efectivo
175,52,7,2025-01-01 14:36:25,62.95,efectivo
176,679,7,2025-01-01 14:37:54,76.00,tarjeta
177,205,1,2025-01-01 14:43:27,63.95,efectivo
178,401,3,2025-01-01 14:45:15,61.00,efectivo
179,831,5,2025-01-01 14:50:20,38.90,efectivo
180,746,3,2025-01-01 14:52:17,111.45,tarjeta
181,445,10,2025-01-01 14:52:18,110.95,efectivo
182,349,10,2025-01-01 14:53:30,55.50,efectivo
183,860,6,2025-01-01 14:54:17,159.90,tarjeta
184,241,2,2025-01-01 14:56:33,64.50,tarjeta
185,326,4,2025-01-01 15:00:40,28.50,tarjeta
186,44,9,2025-01-01 15:01:49,76.50,tarjeta
187,458,5,2025-01-01 15:02:47,58.00,tarjeta
188,776,10,2025-01-01 15:23:56,59.50,efectivo
189,245,2,2025-01-01 15:26:35,38.35,efectivo
190,241,4,2025-01-01 15:27:13,68.50,efectivo
191,965,3,2025-01-01 15:28:53,168.90,tarjeta
192,42,10,2025-01-01 15:31:19,174.50,efectivo
193,682,3,2025-01-01 15:37:29,85.45,efectivo
194,496,7,2025-01-01 15:38:09,69.00,tarjeta
195,333,7,2025-01-01 15:38:58,47.95,tarjeta
196,449,7,2025-01-01 15:39:55,81.00,efectivo
197,146,8,2025-01-01 15:46:01,67.90,tarjeta
198,924,1,2025-01-01 15:49:01,66.00,tarjeta
199,838,8,2025-01-01 15:53:46,92.85,tarjeta
200,686,6,2025-01-01 15:57:31,44.50,tarjeta
201,209,2,2025-01-01 16:05:45,51.25,tarjeta
202,83,2,2025-01-01 16:07:31,112.35,efectivo
203,234,2,2025-01-01 16:12:04,71.35,efectivo
204,856,3,2025-01-01 16:13:40,116.95,tarjeta
205,645,3,2025-01-01 16:15:05,58.00,tarjeta
206,886,3,2025-01-01 16:25:20,110.00,efectivo
207,226,5,2025-01-01 16:26:54,29.50,tarjeta
208,810,10,2025-01-01 16:29:32,125.95,tarjeta
209,416,7,2025-01-01 16:33:26,115.80,tarjeta
210,324,10,2025-01-01 16:38:15,128.00,efectivo
211,651,7,2025-01-01 16:41:30,55.50,tarjeta
212,646,7,2025-01-01 16:48:06,36.50,tarjeta
213,432,7,2025-01-01 16:48:23,10.95,efectivo
214,891,3,2025-01-01 16:52:43,30.35,tarjeta
215,857,5,2025-01-01 16:59:08,68.95,tarjeta
216,409,2,2025-01-01 17:00:05,108.45,efectivo
217,253,3,2025-01-01 17:02:50,12.35,efectivo
218,743,9,2025-01-01 17:21:36,70.00,efectivo
219,860,8,2025-01-01 17:22:11,71.85,tarjeta
220,585,3,2025-01-01 17:35:33,74.50,efectivo
221,158,8,2025-01-01 17:40:50,112.95,tarjeta
222,864,4,2025-01-01 17:41:48,64.50,tarjeta
223,123,3,2025-01-01 17:42:57,126.50,efectivo
224,952,2,2025-01-01 17:48:47,62.45,tarjeta
225,838,4,2025-01-01 17:50:17,35.95,tarjeta
226,174,5,2025-01-01 17:53:00,30.00,tarjeta
227,514,10,2025-01-01 18:02:17,124.85,tarjeta
228,175,10,2025-01-01 18:03:03,175.80,tarjeta
229,164,5,2025-01-01 18:05:11,12.00,efectivo
230,628,10,2025-01-01 18:09:33,51.45,efectivo
231,860,6,2025-01-01 18:19:20,94.30,tarjeta
232,682,2,2025-01-01 18:23:07,223.00,tarjeta
233,871,4,2025-01-01 18:28:26,22.00,efectivo
234,503,3,2025-01-01 18:28:48,61.00,tarjeta
235,945,5,2025-01-01 18:29:13,78.50,tarjeta
236,659,6,2025-01-01 18:57:51,160.90,efectivo
237,835,5,2025-01-01 18:58:01,153.35,efectivo
238,337,10,2025-01-01 19:19:54,55.45,tarjeta
239,698,8,2025-01-01 19:20:31,189.55,tarjeta
240,251,7,2025-01-01 19:23:20,98.00,tarjeta
241,891,6,2025-01-01 19:24:07,26.00,tarjeta
242,522,5,2025-01-01 19:28:07,142.30,efectivo
243,543,6,2025-01-01 19:41:56,91.45,efectivo
244,201,1,2025-01-01 19:48:41,123.95,tarjeta
245,672,1,2025-01-01 19:53:27,71.95,efectivo
246,883,2,2025-01-01 19:54:48,139.00,tarjeta
247,117,10,2025-01-01 19:58:26,90.50,efectivo
248,111,9,2025-01-01 20:06:35,111.00,efectivo
249,784,6,2025-01-01 20:22:21,38.90,tarjeta
250,86,4,2025-01-01 20:24:23,15.50,tarjeta
251,671,3,2025-01-01 20:26:34,110.95,tarjeta
252,55,6,2025-01-01 20:39:24,133.85,tarjeta
253,444,7,2025-01-01 20:40:26,61.00,tarjeta
254,737,1,2025-01-01 20:43:59,10.95,efectivo
255,973,7,2025-01-01 20:44:55,64.90,efectivo
256,618,9,2025-01-01 20:56:57,90.00,tarjeta
257,936,7,2025-01-01 21:00:01,55.50,efectivo
258,61,10,2025-01-01 21:02:09,54.50,tarjeta
259,580,5,2025-01-01 21:06:25,90.50,tarjeta
260,236,2,2025-01-01 21:07:56,126.45,tarjeta
261,203,2,2025-01-01 21:13:38,12.35,tarjeta
262,413,6,2025-01-01 21:14:47,37.50,efectivo
263,591,7,2025-01-01 21:20:26,45.00,efectivo
264,918,10,2025-01-01 21:24:11,59.85,tarjeta
265,758,2,2025-01-01 21:24:59,8.00,tarjeta
266,879,10,2025-01-01 21:30:56,103.85,tarjeta
267,167,2,2025-01-01 21:36:41,82.00,tarjeta
268,958,5,2025-01-01 21:40:10,87.00,tarjeta
269,345,9,2025-01-01 21:42:31,22.00,efectivo
270,167,9,2025-01-01 21:50:34,109.95,efectivo
271,731,4,2025-01-01 21:52:11,18.00,tarjeta
272,511,1,2025-01-01 21:58:38,55.95,tarjeta
273,444,4,2025-01-01 22:06:02,55.50,tarjeta
274,705,4,2025-01-01 22:06:33,93.95,tarjeta
275,404,8,2025-01-01 22:07:18,110.90,tarjeta
276,111,10,2025-01-01 22:37:29,39.90,tarjeta
277,600,7,2025-01-01 22:53:07,54.00,tarjeta
278,670,1,2025-01-01 22:53:08,41.50,tarjeta
279,686,6,2025-01-02 06:01:20,207.50,tarjeta
280,354,4,2025-01-02 06:02:39,95.50,efectivo
281,500,9,2025-01-02 06:02:55,57.90,efectivo
282,983,3,2025-01-02 06:03:21,83.35,tarjeta
283,932,9,2025-01-02 06:07:02,24.50,tarjeta
284,13,6,2025-01-02 06:07:50,36.00,efectivo
285,483,5,2025-01-02 06:14:39,20.95,tarjeta
286,487,9,2025-01-02 06:18:54,79.45,efectivo
287,377,6,2025-01-02 06:22:58,20.95,tarjeta
288,957,6,2025-01-02 06:31:28,65.50,tarjeta
289,407,3,2025-01-02 06:34:20,53.00,tarjeta
290,734,6,2025-01-02 06:36:26,32.50,efectivo
291,652,6,2025-01-02 06:48:54,38.50,tarjeta
292,585,8,2025-01-02 06:51:56,143.40,tarjeta
293,704,10,2025-01-02 06:51:59,37.95,tarjeta
294,376,8,2025-01-02 06:58:04,24.50,efectivo
295,185,6,2025-01-02 06:58:46,49.00,efectivo
296,494,7,2025-01-02 07:01:22,25.50,efectivo
297,377,3,2025-01-02 07:06:06,50.00,tarjeta
298,748,5,2025-01-02 07:12:02,26.95,efectivo
299,804,3,2025-01-02 07:19:26,16.50,efectivo
300,792,2,2025-01-02 07:24:13,22.00,tarjeta
301,406,4,2025-01-02 07:25:11,10.95,efectivo
302,650,6,2025-01-02 07:27:07,36.45,efectivo
303,245,2,2025-01-02 07:31:10,22.00,efectivo
304,245,10,2025-01-02 07:32:27,24.50,tarjeta
305,276,5,2025-01-02 07:33:22,29.50,tarjeta
306,763,4,2025-01-02 07:34:30,53.00,efectivo
307,8,10,2025-01-02 07:36:21,40.85,tarjeta
308,378,9,2025-01-02 07:37:38,117.80,tarjeta
309,732,3,2025-01-02 07:41:14,73.45,efectivo
310,544,7,2025-01-02 07:44:16,46.50,tarjeta
311,783,3,2025-01-02 07:45:50,32.95,efectivo
312,842,9,2025-01-02 07:47:33,10.95,efectivo
313,242,10,2025-01-02 07:51:36,92.95,tarjeta
314,276,1,2025-01-02 07:52:43,24.50,tarjeta
315,196,2,2025-01-02 07:57:09,33.30,tarjeta
316,854,5,2025-01-02 07:59:01,24.50,tarjeta
317,95,2,2025-01-02 08:00:34,82.45,efectivo
318,704,7,2025-01-02 08:01:01,88.00,tarjeta
319,526,6,2025-01-02 08:11:17,102.95,tarjeta
320,103,8,2025-01-02 08:17:30,12.00,efectivo
321,605,5,2025-01-02 08:18:38,39.00,efectivo
322,74,1,2025-01-02 08:18:55,57.95,efectivo
323,546,6,2025-01-02 08:25:08,85.45,efectivo
324,39,5,2025-01-02 08:27:06,32.00,tarjeta
325,112,6,2025-01-02 08:29:12,51.45,efectivo
326,687,9,2025-01-02 08:30:52,127.35,efectivo
327,831,5,2025-01-02 08:32:27,50.95,tarjeta
328,477,3,2025-01-02 08:33:40,50.95,tarjeta
329,245,9,2025-01-02 08:38:51,26.95,efectivo
330,39,10,2025-01-02 08:45:10,22.00,efectivo
331,652,9,2025-01-02 08:47:58,56.50,efectivo
332,915,7,2025-01-02 08:53:06,36.95,efectivo
333,803,7,2025-01-02 08:54:38,22.00,efectivo
334,915,6,2025-01-02 08:56:55,15.50,efectivo
335,787,10,2025-01-02 08:57:39,40.50,tarjeta
336,14,3,2025-01-02 08:59:24,61.50,tarjeta
337,508,7,2025-01-02 09:00:41,50.95,efectivo
338,414,1,2025-01-02 09:06:20,146.80,tarjeta
339,752,5,2025-01-02 09:15:31,146.80,tarjeta
340,275,7,2025-01-02 09:19:49,33.00,tarjeta
341,728,7,2025-01-02 09:21:53,12.00,tarjeta
342,189,3,2025-01-02 09:26:27,135.50,tarjeta
343,976,1,2025-01-02 09:27:19,75.00,efectivo
344,984,4,2025-01-02 09:30:38,56.50,efectivo
345,219,10,2025-01-02 09:31:07,91.45,tarjeta
346,468,1,2025-01-02 09:42:45,65.40,tarjeta
347,161,8,2025-01-02 09:43:59,37.90,tarjeta
348,314,8,2025-01-02 09:44:27,42.45,efectivo
349,983,4,2025-01-02 09:46:26,53.50,tarjeta
350,177,1,2025-01-02 09:46:48,22.00,tarjeta
351,160,5,2025-01-02 09:48:07,26.95,efectivo
352,93,8,2025-01-02 09:52:03,26.95,efectivo
353,792,10,2025-01-02 09:54:20,57.45,tarjeta
354,89,5,2025-01-02 09:57:41,10.00,efectivo
355,279,9,2025-01-02 10:02:38,93.95,tarjeta
356,446,5,2025-01-02 10:02:55,59.90,tarjeta
357,211,5,2025-01-02 10:03:33,71.00,efectivo
358,789,4,2025-01-02 10:03:51,38.00,efectivo
359,293,6,2025-01-02 10:04:57,31.00,efectivo
360,824,4,2025-01-02 10:07:33,70.00,efectivo
361,917,7,2025-01-02 10:09:50,22.00,efectivo
362,753,4,2025-01-02 10:12:37,46.50,tarjeta
363,377,4,2025-01-02 10:13:45,50.95,tarjeta
364,972,6,2025-01-02 10:14:00,10.95,tarjeta
365,32,10,2025-01-02 10:14:21,43.45,efectivo
366,544,6,2025-01-02 10:15:10,55.45,tarjeta
367,302,2,2025-01-02 10:16:59,52.50,efectivo
368,197,8,2025-01-02 10:17:34,71.00,efectivo
369,41,10,2025-01-02 10:18:22,42.45,efectivo
370,257,9,2025-01-02 10:18:24,32.95,efectivo
371,572,1,2025-01-02 10:22:26,51.45,efectivo
372,494,10,2025-01-02 10:23:08,10.95,tarjeta
373,359,10,2025-01-02 10:24:30,63.95,tarjeta
374,906,3,2025-01-02 10:26:13,8.00,tarjeta
375,206,8,2025-01-02 10:26:48,36.50,tarjeta
376,445,1,2025-01-02 10:38:32,34.50,tarjeta
377,291,5,2025-01-02 10:39:05,83.45,efectivo
378,368,7,2025-01-02 10:39:47,73.45,tarjeta
379,257,8,2025-01-02 10:42:37,8.00,efectivo
380,95,6,2025-01-02 10:52:56,51.45,tarjeta
381,170,2,2025-01-02 10:53:31,41.00,tarjeta
382,166,2,2025-01-02 10:56:18,37.95,efectivo
383,360,4,2025-01-02 11:05:29,35.95,tarjeta
384,531,2,2025-01-02 11:26:23,64.50,tarjeta
385,349,10,2025-01-02 11:26:28,39.50,tarjeta
386,111,3,2025-01-02 11:27:02,201.80,efectivo
387,758,1,2025-01-02 11:31:16,112.45,tarjeta
388,905,8,2025-01-02 11:39:13,88.40,efectivo
389,157,6,2025-01-02 11:42:07,49.85,tarjeta
390,511,2,2025-01-02 11:45:31,61.95,efectivo
391,146,5,2025-01-02 11:49:38,159.95,efectivo
392,682,7,2025-01-02 11:49:53,166.85,tarjeta
393,669,8,2025-01-02 11:53:26,32.00,efectivo
394,487,8,2025-01-02 11:57:34,29.50,efectivo
395,578,3,2025-01-02 12:00:06,93.00,efectivo
396,53,1,2025-01-02 12:07:38,100.40,efectivo
397,77,1,2025-01-02 12:17:18,81.00,efectivo
398,603,1,2025-01-02 12:22:55,50.90,efectivo
399,825,7,2025-01-02 12:23:28,73.50,tarjeta
400,617,9,2025-01-02 12:28:13,83.45,efectivo
401,301,6,2025-01-02 12:30:14,245.30,efectivo
402,580,6,2025-01-02 12:30:52,10.00,tarjeta
403,16,4,2025-01-02 12:31:14,73.50,efectivo
404,472,9,2025-01-02 12:34:05,114.85,efectivo
405,193,3,2025-01-02 12:35:19,163.00,tarjeta
406,576,9,2025-01-02 12:36:39,61.00,tarjeta
407,887,7,2025-01-02 12:41:29,138.35,efectivo
408,449,3,2025-01-02 12:53:48,157.00,tarjeta
409,328,10,2025-01-02 12:54:08,105.45,tarjeta
410,871,9,2025-01-02 12:59:00,85.50,efectivo
411,256,7,2025-01-02 13:03:45,122.45,efectivo
412,142,3,2025-01-02 13:04:17,34.85,efectivo
413,364,4,2025-01-02 13:08:32,50.90,tarjeta
414,101,1,2025-01-02 13:10:42,36.45,tarjeta
415,360,4,2025-01-02 13:22:14,38.90,efectivo
416,659,6,2025-01-02 13:23:23,211.15,efectivo
417,179,4,2025-01-02 13:26:37,114.95,tarjeta
418,192,3,2025-01-02 13:28:06,147.75,efectivo
419,618,3,2025-01-02 13:28:50,73.90,efectivo
420,158,10,2025-01-02 13:37:52,169.95,tarjeta
421,24,9,2025-01-02 13:38:13,36.95,tarjeta
422,779,10,2025-01-02 13:39:58,65.50,efectivo
423,709,9,2025-01-02 13:47:57,23.50,efectivo
424,884,2,2025-01-02 13:48:34,96.45,tarjeta
425,268,6,2025-01-02 13:50:46,85.95,tarjeta
426,770,4,2025-01-02 13:57:09,101.45,efectivo
427,136,6,2025-01-02 14:05:21,112.40,efectivo
428,960,3,2025-01-02 14:08:30,35.95,tarjeta
429,810,10,2025-01-02 14:10:34,106.75,tarjeta
430,965,1,2025-01-02 14:13:03,174.65,efectivo
431,861,9,2025-01-02 14:13:21,64.50,efectivo
432,88,7,2025-01-02 14:14:36,53.95,tarjeta
433,884,10,2025-01-02 14:16:43,48.30,efectivo
434,166,9,2025-01-02 14:16:48,166.85,tarjeta
435,414,1,2025-01-02 14:24:30,116.40,tarjeta
436,246,4,2025-01-02 14:25:41,78.50,tarjeta
437,733,5,2025-01-02 14:30:56,182.80,tarjeta
438,721,4,2025-01-02 14:35:52,28.00,efectivo
439,421,9,2025-01-02 14:41:34,101.60,tarjeta
440,641,8,2025-01-02 14:42:51,252.70,efectivo
441,55,4,2025-01-02 14:49:35,26.00,efectivo
442,3,5,2025-01-02 14:50:14,87.95,tarjeta
443,429,9,2025-01-02 14:52:21,35.00,tarjeta
444,876,1,2025-01-02 14:55:58,112.95,efectivo
445,228,4,2025-01-02 14:56:03,73.35,efectivo
446,186,10,2025-01-02 15:08:09,114.45,efectivo
447,919,2,2025-01-02 15:13:59,140.35,tarjeta
448,690,9,2025-01-02 15:20:10,137.80,efectivo
449,545,9,2025-01-02 15:43:34,37.95,tarjeta
450,471,3,2025-01-02 15:46:53,148.85,tarjeta
451,742,2,2025-01-02 15:50:12,89.90,tarjeta
452,104,10,2025-01-02 16:01:19,18.00,tarjeta
453,531,3,2025-01-02 16:15:49,90.50,efectivo
454,378,7,2025-01-02 16:29:31,134.40,efectivo
455,395,10,2025-01-02 16:29:33,76.85,efectivo
456,733,8,2025-01-02 16:30:55,193.25,efectivo
457,275,7,2025-01-02 16:43:38,96.80,efectivo
458,19,6,2025-01-02 16:44:06,51.00,efectivo
459,910,6,2025-01-02 16:52:22,10.95,tarjeta
460,490,8,2025-01-02 17:00:54,167.15,tarjeta
461,607,5,2025-01-02 17:05:20,146.80,tarjeta
462,669,9,2025-01-02 17:09:18,8.00,tarjeta
463,360,5,2025-01-02 17:15:27,43.00,tarjeta
464,737,3,2025-01-02 17:17:22,90.50,efectivo
465,758,8,2025-01-02 17:18:46,12.00,tarjeta
466,945,7,2025-01-02 17:20:27,123.85,efectivo
467,541,5,2025-01-02 17:30:32,40.50,efectivo
468,806,3,2025-01-02 17:30:39,138.75,tarjeta
469,784,9,2025-01-02 17:32:20,105.35,tarjeta
470,237,9,2025-01-02 17:45:45,22.50,tarjeta
471,578,7,2025-01-02 17:48:13,77.80,efectivo
472,546,7,2025-01-02 17:54:47,63.50,efectivo
473,508,8,2025-01-02 18:03:21,61.00,tarjeta
474,363,9,2025-01-02 18:05:02,86.95,efectivo
475,624,3,2025-01-02 18:08:25,65.45,efectivo
476,268,1,2025-01-02 18:09:58,60.00,tarjeta
477,695,3,2025-01-02 18:14:22,38.00,efectivo
478,339,6,2025-01-02 18:19:27,46.50,tarjeta
479,813,8,2025-01-02 18:22:40,53.00,tarjeta
480,802,5,2025-01-02 18:25:59,43.00,efectivo
481,661,1,2025-01-02 18:28:43,82.90,tarjeta
482,913,6,2025-01-02 18:30:49,91.45,efectivo
483,554,7,2025-01-02 18:31:44,102.00,efectivo
484,371,9,2025-01-02 18:34:10,81.85,tarjeta
485,927,4,2025-01-02 18:35:44,87.45,tarjeta
486,219,2,2025-01-02 18:45:56,98.45,efectivo
487,388,9,2025-01-02 18:48:33,22.50,efectivo
488,22,9,2025-01-02 18:49:34,32.00,efectivo
489,354,8,2025-01-02 18:50:54,70.95,efectivo
490,390,2,2025-01-02 19:02:39,72.50,efectivo
491,861,6,2025-01-02 19:03:36,32.00,tarjeta
492,836,2,2025-01-02 19:04:41,84.85,tarjeta
493,75,9,2025-01-02 19:08:27,44.00,tarjeta
494,212,4,2025-01-02 19:10:33,59.90,efectivo
495,943,10,2025-01-02 19:18:42,61.00,efectivo
496,756,4,2025-01-02 19:20:05,35.00,tarjeta
497,294,10,2025-01-02 19:25:50,22.50,efectivo
498,326,2,2025-01-02 19:28:48,35.00,tarjeta
499,733,2,2025-01-02 19:36:39,132.35,efectivo
500,131,4,2025-01-02 19:37:22,78.90,efectivo
501,675,3,2025-01-02 19:39:14,52.35,efectivo
502,723,7,2025-01-02 19:39:33,53.45,tarjeta
503,933,8,2025-01-02 19:56:07,120.80,tarjeta
504,742,6,2025-01-02 19:58:05,111.80,efectivo
505,926,4,2025-01-02 19:59:23,75.00,efectivo
506,324,3,2025-01-02 20:03:01,67.00,efectivo
507,166,6,2025-01-02 20:16:32,103.85,tarjeta
508,52,10,2025-01-02 20:17:44,90.50,tarjeta
509,580,10,2025-01-02 20:23:18,64.50,tarjeta
510,903,10,2025-01-02 20:32:07,87.00,tarjeta
511,757,5,2025-01-02 20:36:29,100.80,efectivo
512,905,6,2025-01-02 20:37:26,178.75,tarjeta
513,226,7,2025-01-02 20:38:46,93.40,tarjeta
514,17,10,2025-01-02 20:50:43,35.45,efectivo
515,940,3,2025-01-02 20:59:18,53.00,efectivo
516,410,8,2025-01-02 21:05:22,50.90,efectivo
517,757,4,2025-01-02 21:06:26,70.90,tarjeta
518,623,2,2025-01-02 21:08:59,54.00,efectivo
519,839,3,2025-01-02 21:09:18,141.85,efectivo
520,371,5,2025-01-02 21:10:46,101.40,efectivo
521,859,2,2025-01-02 21:12:50,85.50,efectivo
522,285,6,2025-01-02 21:23:20,8.00,tarjeta
523,101,5,2025-01-02 21:24:33,56.90,tarjeta
524,704,2,2025-01-02 21:26:06,61.00,tarjeta
525,576,7,2025-01-02 21:26:33,95.50,efectivo
526,926,2,2025-01-02 21:37:22,118.95,efectivo
527,68,2,2025-01-02 22:11:07,19.95,efectivo
528,193,6,2025-01-02 22:16:35,144.85,efectivo
529,271,7,2025-01-02 22:16:45,38.00,tarjeta
530,187,3,2025-01-02 22:18:37,136.40,efectivo
531,212,4,2025-01-02 22:27:28,99.95,tarjeta
532,316,10,2025-01-02 22:27:50,93.95,efectivo
533,612,2,2025-01-02 22:32:38,109.90,tarjeta
534,512,8,2025-01-02 22:37:02,83.45,efectivo
535,480,7,2025-01-02 22:45:43,75.00,tarjeta
536,892,4,2025-01-02 22:46:23,133.40,efectivo
537,283,3,2025-01-02 22:56:43,94.25,efectivo
538,442,10,2025-01-02 22:57:51,35.00,efectivo
539,71,7,2025-01-02 22:57:57,54.95,efectivo
540,183,9,2025-01-03 06:02:32,12.00,efectivo
541,41,4,2025-01-03 06:05:00,82.45,efectivo
542,901,3,2025-01-03 06:05:18,24.50,tarjeta
543,624,8,2025-01-03 06:06:48,54.00,efectivo
544,677,8,2025-01-03 06:07:38,31.00,tarjeta
545,51,6,2025-01-03 06:13:03,70.50,tarjeta
546,112,7,2025-01-03 06:13:59,35.45,efectivo
547,964,4,2025-01-03 06:20:19,26.45,efectivo
548,746,9,2025-01-03 06:23:46,62.95,tarjeta
549,200,6,2025-01-03 06:24:28,10.00,efectivo
550,209,2,2025-01-03 06:25:40,104.00,efectivo
551,908,5,2025-01-03 06:26:55,108.50,efectivo
552,1000,3,2025-01-03 06:28:21,41.00,efectivo
553,123,7,2025-01-03 06:28:27,208.25,efectivo
554,17,7,2025-01-03 06:32:00,35.00,efectivo
555,302,6,2025-01-03 06:40:10,22.00,efectivo
556,983,5,2025-01-03 06:51:12,22.00,efectivo
557,250,5,2025-01-03 06:51:33,18.00,tarjeta
558,885,1,2025-01-03 06:51:44,18.00,tarjeta
559,50,9,2025-01-03 06:52:19,124.90,efectivo
560,69,1,2025-01-03 06:54:49,26.00,tarjeta
561,283,5,2025-01-03 07:01:58,96.50,efectivo
562,466,3,2025-01-03 07:03:01,71.90,tarjeta
563,33,5,2025-01-03 07:04:57,77.95,tarjeta
564,956,1,2025-01-03 07:08:17,166.95,tarjeta
565,85,7,2025-01-03 07:13:53,24.50,efectivo
566,457,5,2025-01-03 07:20:00,31.00,efectivo
567,242,2,2025-01-03 07:20:04,18.95,tarjeta
568,81,9,2025-01-03 07:20:39,85.00,tarjeta
569,533,5,2025-01-03 07:31:56,69.50,efectivo
570,974,8,2025-01-03 07:34:31,37.50,efectivo
571,417,10,2025-01-03 07:39:03,54.95,efectivo
572,186,10,2025-01-03 07:40:51,122.50,tarjeta
573,18,2,2025-01-03 07:41:22,10.95,efectivo
574,12,6,2025-01-03 07:42:22,22.00,tarjeta
575,753,7,2025-01-03 07:44:18,41.95,efectivo
576,200,4,2025-01-03 07:44:48,20.00,tarjeta
577,428,10,2025-01-03 07:51:01,51.50,tarjeta
578,567,3,2025-01-03 08:00:26,31.00,efectivo
579,623,2,2025-01-03 08:02:31,61.95,efectivo
580,315,7,2025-01-03 08:08:44,24.50,tarjeta
581,765,1,2025-01-03 08:11:11,24.50,tarjeta
582,69,1,2025-01-03 08:13:33,22.00,efectivo
583,994,2,2025-01-03 08:13:48,105.40,tarjeta
584,314,7,2025-01-03 08:17:01,38.00,tarjeta
585,767,10,2025-01-03 08:20:26,31.00,efectivo
586,752,4,2025-01-03 08:24:49,113.75,efectivo
587,410,8,2025-01-03 08:25:34,118.85,tarjeta
588,217,6,2025-01-03 08:25:38,10.00,tarjeta
589,96,6,2025-01-03 08:27:19,55.50,tarjeta
590,732,8,2025-01-03 08:32:51,12.00,efectivo
591,933,9,2025-01-03 08:35:40,80.90,efectivo
592,446,10,2025-01-03 08:37:51,81.50,efectivo
593,376,7,2025-01-03 08:40:28,31.00,tarjeta
594,760,3,2025-01-03 08:41:50,60.95,tarjeta
595,485,8,2025-01-03 08:42:53,18.95,efectivo
596,728,7,2025-01-03 08:47:25,22.00,efectivo
597,448,9,2025-01-03 08:47:31,63.45,efectivo
598,865,9,2025-01-03 08:50:17,77.00,efectivo
599,801,2,2025-01-03 08:50:35,53.00,efectivo
600,533,3,2025-01-03 08:52:41,53.00,efectivo
601,85,4,2025-01-03 08:53:17,31.00,tarjeta
602,702,4,2025-01-03 09:06:57,61.45,tarjeta
603,572,5,2025-01-03 09:14:50,51.45,tarjeta
604,850,7,2025-01-03 09:15:35,51.45,tarjeta
605,526,5,2025-01-03 09:19:39,82.50,tarjeta
606,749,1,2025-01-03 09:20:43,10.95,tarjeta
607,692,7,2025-01-03 09:21:17,132.80,efectivo
608,755,7,2025-01-03 09:22:22,38.95,efectivo
609,921,4,2025-01-03 09:29:47,31.00,efectivo
610,937,5,2025-01-03 09:30:24,131.75,tarjeta
611,50,1,2025-01-03 09:30:32,42.95,efectivo
612,177,10,2025-01-03 09:30:46,94.45,efectivo
613,178,9,2025-01-03 09:31:05,37.50,tarjeta
614,321,7,2025-01-03 09:31:36,16.50,efectivo
615,326,4,2025-01-03 09:33:40,96.95,tarjeta
616,434,10,2025-01-03 09:36:14,10.95,efectivo
617,572,4,2025-01-03 09:39:00,73.00,efectivo
618,629,9,2025-01-03 09:40:00,60.95,efectivo
619,293,10,2025-01-03 09:42:48,33.50,tarjeta
620,412,1,2025-01-03 09:51:34,95.90,efectivo
621,254,10,2025-01-03 09:52:33,26.95,efectivo
622,50,9,2025-01-03 09:52:52,58.00,efectivo
623,397,10,2025-01-03 09:56:55,35.00,efectivo
624,761,2,2025-01-03 09:57:17,10.00,tarjeta
625,160,5,2025-01-03 10:01:26,37.90,tarjeta
626,85,1,2025-01-03 10:02:12,69.95,efectivo
627,773,6,2025-01-03 10:15:26,26.95,efectivo
628,977,6,2025-01-03 10:18:12,174.20,efectivo
629,3,10,2025-01-03 10:21:15,92.50,tarjeta
630,253,1,2025-01-03 10:22:51,71.95,efectivo
631,932,8,2025-01-03 10:23:25,31.00,tarjeta
632,95,6,2025-01-03 10:27:09,51.45,tarjeta
633,792,4,2025-01-03 10:34:32,12.00,tarjeta
634,506,8,2025-01-03 10:34:44,58.90,tarjeta
635,694,1,2025-01-03 10:39:47,24.70,tarjeta
636,710,10,2025-01-03 10:40:59,62.40,efectivo
637,95,4,2025-01-03 10:43:38,43.00,tarjeta
638,233,9,2025-01-03 10:43:42,57.45,efectivo
639,746,2,2025-01-03 10:46:47,105.95,tarjeta
640,452,8,2025-01-03 10:46:49,51.45,efectivo
641,680,9,2025-01-03 10:50:28,51.45,tarjeta
642,250,5,2025-01-03 10:55:03,57.95,efectivo
643,873,4,2025-01-03 10:56:37,12.00,tarjeta
644,292,10,2025-01-03 10:56:56,35.45,tarjeta
645,316,3,2025-01-03 11:03:28,35.00,tarjeta
646,271,9,2025-01-03 11:04:44,100.90,efectivo
647,203,9,2025-01-03 11:10:50,42.50,tarjeta
648,316,2,2025-01-03 11:11:48,61.00,tarjeta
649,226,10,2025-01-03 11:18:52,64.90,tarjeta
650,14,7,2025-01-03 11:21:00,52.45,tarjeta
651,825,7,2025-01-03 11:22:02,30.35,efectivo
652,620,4,2025-01-03 11:26:18,26.00,efectivo
653,848,7,2025-01-03 11:32:18,113.45,tarjeta
654,679,9,2025-01-03 11:36:50,29.50,tarjeta
655,682,3,2025-01-03 11:39:28,141.30,efectivo
656,110,3,2025-01-03 11:45:44,35.00,efectivo
657,225,5,2025-01-03 11:50:07,35.00,tarjeta
658,111,10,2025-01-03 11:51:44,121.95,efectivo
659,34,9,2025-01-03 11:56:53,32.00,tarjeta
660,22,6,2025-01-03 11:57:57,44.00,tarjeta
661,502,1,2025-01-03 12:03:36,33.45,efectivo
662,859,3,2025-01-03 12:06:15,35.00,efectivo
663,304,10,2025-01-03 12:06:46,80.95,efectivo
664,451,3,2025-01-03 12:19:09,159.45,efectivo
665,887,9,2025-01-03 12:45:52,145.00,tarjeta
666,487,10,2025-01-03 12:46:49,86.85,tarjeta
667,221,2,2025-01-03 12:47:45,62.00,efectivo
668,203,10,2025-01-03 12:59:51,91.45,tarjeta
669,779,6,2025-01-03 13:02:08,73.90,efectivo
670,110,4,2025-01-03 13:04:29,91.35,tarjeta
671,256,7,2025-01-03 13:04:51,38.90,efectivo
672,567,2,2025-01-03 13:11:06,37.50,efectivo
673,24,5,2025-01-03 13:14:23,116.95,efectivo
674,14,6,2025-01-03 13:15:34,44.35,tarjeta
675,531,2,2025-01-03 13:19:15,35.00,efectivo
676,507,7,2025-01-03 13:20:06,144.85,tarjeta
677,157,10,2025-01-03 13:21:25,122.85,tarjeta
678,821,4,2025-01-03 13:23:09,124.85,efectivo
679,268,9,2025-01-03 13:41:35,124.90,efectivo
680,407,9,2025-01-03 13:42:07,55.50,efectivo
681,487,2,2025-01-03 13:44:19,117.40,efectivo
682,539,5,2025-01-03 13:46:51,92.85,tarjeta
683,332,3,2025-01-03 13:47:04,133.90,tarjeta
684,43,10,2025-01-03 13:54:39,41.95,tarjeta
685,100,3,2025-01-03 13:56:16,70.45,efectivo
686,590,7,2025-01-03 13:59:05,136.40,tarjeta
687,226,2,2025-01-03 14:05:34,75.25,tarjeta
688,256,9,2025-01-03 14:07:41,44.95,efectivo
689,503,6,2025-01-03 14:07:42,113.35,efectivo
690,51,8,2025-01-03 14:09:13,183.20,tarjeta
691,14,7,2025-01-03 14:11:50,103.40,tarjeta
692,471,3,2025-01-03 14:15:13,85.95,tarjeta
693,442,8,2025-01-03 14:15:55,36.45,tarjeta
694,498,3,2025-01-03 14:20:03,100.95,efectivo
695,993,1,2025-01-03 14:22:24,55.50,tarjeta
696,612,7,2025-01-03 14:24:55,134.95,efectivo
697,227,4,2025-01-03 14:26:02,46.90,tarjeta
698,21,8,2025-01-03 14:28:26,64.95,efectivo
699,212,10,2025-01-03 14:41:07,26.95,efectivo
700,75,8,2025-01-03 14:44:00,53.45,tarjeta
701,892,8,2025-01-03 14:45:15,49.85,efectivo
702,676,10,2025-01-03 14:56:53,16.50,tarjeta
703,357,6,2025-01-03 15:00:52,46.90,efectivo
704,742,7,2025-01-03 15:11:39,45.00,efectivo
705,515,5,2025-01-03 15:18:37,8.00,efectivo
706,834,6,2025-01-03 15:31:07,18.00,tarjeta
707,827,3,2025-01-03 15:32:55,101.90,efectivo
708,81,5,2025-01-03 15:41:21,133.85,tarjeta
709,390,1,2025-01-03 15:42:53,147.35,efectivo
710,756,7,2025-01-03 15:42:55,61.00,efectivo
711,397,8,2025-01-03 16:00:20,90.45,tarjeta
712,602,4,2025-01-03 16:00:27,47.00,efectivo
713,625,10,2025-01-03 16:00:54,49.95,tarjeta
714,641,6,2025-01-03 16:10:11,127.90,tarjeta
715,718,3,2025-01-03 16:10:50,65.40,efectivo
716,467,7,2025-01-03 16:12:26,88.90,efectivo
717,470,5,2025-01-03 16:32:02,29.50,tarjeta
718,675,10,2025-01-03 16:38:42,42.50,tarjeta
719,553,10,2025-01-03 16:43:38,158.35,efectivo
720,439,1,2025-01-03 16:55:28,70.00,tarjeta
721,158,9,2025-01-03 17:01:11,36.00,tarjeta
722,113,1,2025-01-03 17:03:09,147.00,tarjeta
723,142,10,2025-01-03 17:10:53,26.00,efectivo
724,453,9,2025-01-03 17:11:18,153.00,efectivo
725,37,8,2025-01-03 17:33:33,107.80,tarjeta
726,154,3,2025-01-03 17:35:30,45.95,efectivo
727,442,6,2025-01-03 17:42:02,35.00,efectivo
728,188,3,2025-01-03 17:48:55,28.50,efectivo
729,117,10,2025-01-03 17:49:46,70.00,tarjeta
730,439,5,2025-01-03 17:52:04,28.50,tarjeta
731,715,5,2025-01-03 17:55:31,176.80,tarjeta
732,762,10,2025-01-03 17:59:55,10.95,efectivo
733,378,9,2025-01-03 18:04:50,125.90,efectivo
734,8,1,2025-01-03 18:16:47,112.00,efectivo
735,924,8,2025-01-03 18:16:49,189.40,tarjeta
736,608,1,2025-01-03 18:17:23,147.75,tarjeta
737,470,5,2025-01-03 18:17:58,44.00,efectivo
738,304,4,2025-01-03 18:23:50,40.50,efectivo
739,79,8,2025-01-03 18:31:15,67.50,tarjeta
740,705,4,2025-01-03 18:35:54,99.50,tarjeta
741,897,6,2025-01-03 18:36:38,38.90,efectivo
742,409,7,2025-01-03 18:41:09,58.00,tarjeta
743,522,5,2025-01-03 18:46:18,99.50,tarjeta
744,528,1,2025-01-03 18:51:25,56.45,tarjeta
745,253,2,2025-01-03 18:53:50,64.50,efectivo
746,730,6,2025-01-03 19:00:38,52.95,efectivo
747,798,8,2025-01-03 19:04:08,44.00,tarjeta
748,758,10,2025-01-03 19:06:19,18.00,tarjeta
749,973,9,2025-01-03 19:10:30,42.95,efectivo
750,226,5,2025-01-03 19:20:52,117.90,efectivo
751,97,1,2025-01-03 19:31:51,49.45,efectivo
752,578,5,2025-01-03 19:32:21,16.50,efectivo
753,42,2,2025-01-03 19:34:50,215.80,tarjeta
754,897,8,2025-01-03 19:39:58,34.00,tarjeta
755,717,2,2025-01-03 19:47:23,151.30,tarjeta
756,503,4,2025-01-03 19:54:23,64.45,efectivo
757,749,5,2025-01-03 19:56:47,32.00,efectivo
758,240,4,2025-01-03 19:58:53,102.00,tarjeta
759,24,8,2025-01-03 20:03:21,112.85,efectivo
760,385,8,2025-01-03 20:04:46,35.00,tarjeta
761,192,9,2025-01-03 20:11:49,15.50,tarjeta
762,318,7,2025-01-03 20:16:51,107.95,tarjeta
763,67,8,2025-01-03 20:20:05,170.80,efectivo
764,310,5,2025-01-03 20:28:48,82.50,tarjeta
765,623,8,2025-01-03 20:29:01,119.95,tarjeta
766,891,6,2025-01-03 20:40:12,86.40,tarjeta
767,745,4,2025-01-03 20:43:17,61.00,tarjeta
768,398,10,2025-01-03 20:46:08,102.25,efectivo
769,696,1,2025-01-03 20:58:35,41.85,efectivo
770,638,4,2025-01-03 21:02:04,89.50,tarjeta
771,988,10,2025-01-03 21:07:11,44.00,efectivo
772,175,2,2025-01-03 21:08:14,111.00,tarjeta
773,117,2,2025-01-03 21:11:49,74.85,tarjeta
774,388,9,2025-01-03 21:14:18,73.35,tarjeta
775,111,1,2025-01-03 21:14:19,156.90,tarjeta
776,982,7,2025-01-03 21:17:08,35.95,tarjeta
777,248,3,2025-01-03 21:21:57,165.50,tarjeta
778,701,4,2025-01-03 21:24:33,80.95,tarjeta
779,654,4,2025-01-03 21:30:21,10.00,efectivo
780,698,3,2025-01-03 21:40:14,123.85,tarjeta
781,840,6,2025-01-03 22:01:13,68.85,tarjeta
782,813,4,2025-01-03 22:21:47,91.35,tarjeta
783,151,3,2025-01-03 22:43:13,82.35,tarjeta
784,201,10,2025-01-03 22:53:40,99.90,tarjeta
785,219,1,2025-01-03 22:54:43,61.25,efectivo
786,226,10,2025-01-03 22:55:13,73.90,tarjeta
787,961,10,2025-01-03 22:57:40,69.00,efectivo
788,532,5,2025-01-04 06:05:02,39.45,efectivo
789,177,10,2025-01-04 06:06:04,24.50,tarjeta
790,260,7,2025-01-04 06:17:56,37.90,tarjeta
791,953,3,2025-01-04 06:18:02,77.50,tarjeta
792,380,4,2025-01-04 06:20:04,73.45,tarjeta
793,135,8,2025-01-04 06:25:56,50.50,efectivo
794,313,10,2025-01-04 06:28:44,10.95,tarjeta
795,995,1,2025-01-04 06:30:59,110.85,efectivo
796,67,9,2025-01-04 06:33:28,176.95,tarjeta
797,80,9,2025-01-04 06:33:38,78.85,tarjeta
798,401,9,2025-01-04 06:34:50,54.85,efectivo
799,575,4,2025-01-04 06:37:16,22.00,tarjeta
800,464,9,2025-01-04 06:41:26,10.95,efectivo
801,452,4,2025-01-04 06:44:33,31.00,efectivo
802,833,6,2025-01-04 06:46:58,107.90,tarjeta
803,33,2,2025-01-04 06:50:13,34.50,efectivo
804,633,5,2025-01-04 06:52:48,46.50,efectivo
805,944,10,2025-01-04 06:57:58,24.50,tarjeta
806,717,1,2025-01-04 06:59:55,82.00,tarjeta
807,763,4,2025-01-04 07:00:53,60.95,efectivo
808,374,8,2025-01-04 07:01:00,77.50,efectivo
809,322,7,2025-01-04 07:16:56,31.00,efectivo
810,242,8,2025-01-04 07:19:44,80.50,tarjeta
811,27,10,2025-01-04 07:21:19,42.00,tarjeta
812,851,10,2025-01-04 07:27:58,146.05,tarjeta
813,94,8,2025-01-04 07:30:55,32.50,efectivo
814,45,8,2025-01-04 07:34:24,31.00,efectivo
815,679,9,2025-01-04 07:36:30,90.50,efectivo
816,151,6,2025-01-04 07:41:50,83.40,efectivo
817,314,2,2025-01-04 07:42:19,20.95,tarjeta
818,104,6,2025-01-04 07:45:02,139.95,efectivo
819,854,5,2025-01-04 07:45:16,22.00,tarjeta
820,380,7,2025-01-04 07:48:55,24.50,tarjeta
821,633,8,2025-01-04 07:49:03,46.50,tarjeta
822,522,5,2025-01-04 07:50:20,63.85,efectivo
823,674,9,2025-01-04 07:51:50,50.50,efectivo
824,370,6,2025-01-04 08:02:26,64.95,tarjeta
825,954,7,2025-01-04 08:03:47,20.95,tarjeta
826,522,2,2025-01-04 08:04:21,94.50,efectivo
827,838,5,2025-01-04 08:04:30,42.50,tarjeta
828,786,2,2025-01-04 08:13:55,74.50,efectivo
829,657,3,2025-01-04 08:16:43,31.00,efectivo
830,990,2,2025-01-04 08:18:38,41.50,tarjeta
831,185,6,2025-01-04 08:26:05,15.50,efectivo
832,232,9,2025-01-04 08:26:58,32.00,efectivo
833,89,1,2025-01-04 08:29:49,15.50,efectivo
834,402,4,2025-01-04 08:35:00,32.95,efectivo
835,120,3,2025-01-04 08:35:12,10.00,tarjeta
836,417,9,2025-01-04 08:41:38,22.00,efectivo
837,717,3,2025-01-04 08:43:24,98.85,efectivo
838,207,2,2025-01-04 08:43:59,46.50,efectivo
839,270,5,2025-01-04 08:50:18,32.00,efectivo
840,796,9,2025-01-04 08:52:11,10.95,efectivo
841,568,8,2025-01-04 08:53:45,48.95,efectivo
842,633,10,2025-01-04 08:54:55,10.00,tarjeta
843,45,10,2025-01-04 08:54:59,47.95,efectivo
844,829,7,2025-01-04 08:56:03,86.50,tarjeta
845,52,8,2025-01-04 09:06:45,65.45,efectivo
846,482,5,2025-01-04 09:08:52,67.85,efectivo
847,629,2,2025-01-04 09:09:20,26.95,tarjeta
848,350,5,2025-01-04 09:12:58,12.00,tarjeta
849,704,10,2025-01-04 09:13:21,67.40,efectivo
850,376,2,2025-01-04 09:19:34,24.50,efectivo
851,697,3,2025-01-04 09:21:35,34.00,tarjeta
852,90,8,2025-01-04 09:27:46,54.50,tarjeta
853,245,8,2025-01-04 09:27:59,26.95,efectivo
854,841,3,2025-01-04 09:29:36,110.35,tarjeta
855,525,6,2025-01-04 09:29:39,59.20,efectivo
856,838,1,2025-01-04 09:29:43,56.90,efectivo
857,505,3,2025-01-04 09:31:03,54.40,efectivo
858,780,8,2025-01-04 09:32:17,178.70,efectivo
859,437,6,2025-01-04 09:33:06,35.00,efectivo
860,161,1,2025-01-04 09:33:43,10.00,tarjeta
861,227,6,2025-01-04 09:34:30,101.45,tarjeta
862,996,1,2025-01-04 09:35:51,86.95,efectivo
863,124,9,2025-01-04 09:37:05,57.95,tarjeta
864,604,8,2025-01-04 09:44:47,24.95,efectivo
865,878,6,2025-01-04 09:45:52,50.45,efectivo
866,260,8,2025-01-04 09:46:20,60.50,efectivo
867,150,6,2025-01-04 09:47:05,181.25,tarjeta
868,81,2,2025-01-04 09:56:59,93.80,efectivo
869,809,2,2025-01-04 09:59:09,100.50,tarjeta
870,302,10,2025-01-04 09:59:42,53.00,efectivo
871,671,4,2025-01-04 10:02:04,111.00,tarjeta
872,10,4,2025-01-04 10:02:49,38.00,efectivo
873,883,5,2025-01-04 10:03:04,42.95,tarjeta
874,944,7,2025-01-04 10:03:22,40.00,tarjeta
875,732,5,2025-01-04 10:03:26,79.00,efectivo
876,854,1,2025-01-04 10:06:44,22.95,efectivo
877,217,7,2025-01-04 10:09:32,10.00,tarjeta
878,84,4,2025-01-04 10:13:31,62.40,efectivo
879,584,9,2025-01-04 10:15:22,65.50,efectivo
880,372,2,2025-01-04 10:26:10,39.50,efectivo
881,475,6,2025-01-04 10:26:36,24.95,tarjeta
882,81,4,2025-01-04 10:29:41,79.95,efectivo
883,948,3,2025-01-04 10:38:19,59.95,tarjeta
884,917,4,2025-01-04 10:42:42,15.50,efectivo
885,893,9,2025-01-04 10:45:36,80.95,efectivo
886,766,8,2025-01-04 10:48:35,55.50,tarjeta
887,422,10,2025-01-04 10:49:44,12.00,tarjeta
888,92,5,2025-01-04 10:53:42,92.45,tarjeta
889,523,8,2025-01-04 10:56:58,10.00,efectivo
890,614,10,2025-01-04 10:58:21,35.45,tarjeta
891,682,9,2025-01-04 11:05:55,32.00,tarjeta
892,746,2,2025-01-04 11:06:56,53.95,tarjeta
893,780,8,2025-01-04 11:08:37,90.90,tarjeta
894,514,10,2025-01-04 11:09:59,113.50,efectivo
895,827,8,2025-01-04 11:11:03,95.85,efectivo
896,581,8,2025-01-04 11:24:54,62.45,efectivo
897,345,3,2025-01-04 11:27:07,18.00,tarjeta
898,556,2,2025-01-04 11:31:36,170.40,tarjeta
899,665,6,2025-01-04 11:31:47,89.50,efectivo
900,958,7,2025-01-04 11:38:03,73.00,efectivo
901,585,2,2025-01-04 11:43:22,42.70,tarjeta
902,840,6,2025-01-04 11:44:29,79.00,efectivo
903,776,7,2025-01-04 11:46:07,90.50,tarjeta
904,982,7,2025-01-04 11:51:30,19.95,tarjeta
905,637,10,2025-01-04 11:52:00,24.50,efectivo
906,804,9,2025-01-04 11:59:03,53.45,efectivo
907,855,6,2025-01-04 12:33:20,71.00,efectivo
908,391,10,2025-01-04 12:35:09,209.65,tarjeta
909,378,5,2025-01-04 12:41:56,56.35,efectivo
910,326,3,2025-01-04 12:43:06,102.85,tarjeta
911,705,2,2025-01-04 12:44:45,126.45,tarjeta
912,886,8,2025-01-04 12:46:21,54.95,efectivo
913,912,3,2025-01-04 12:46:29,12.35,efectivo
914,600,6,2025-01-04 12:47:38,53.50,efectivo
915,661,3,2025-01-04 12:48:00,65.00,efectivo
916,215,8,2025-01-04 12:49:42,83.45,tarjeta
917,130,6,2025-01-04 12:51:02,37.30,tarjeta
918,463,5,2025-01-04 12:54:31,58.50,tarjeta
919,221,4,2025-01-04 13:01:04,95.00,tarjeta
920,651,1,2025-01-04 13:10:54,29.50,efectivo
921,821,5,2025-01-04 13:12:29,41.85,tarjeta
922,438,10,2025-01-04 13:14:53,61.00,efectivo
923,532,3,2025-01-04 13:16:48,83.95,efectivo
924,251,1,2025-01-04 13:18:03,42.50,tarjeta
925,22,7,2025-01-04 13:24:43,69.90,efectivo
926,418,10,2025-01-04 13:25:58,71.95,tarjeta
927,521,6,2025-01-04 13:26:38,18.00,tarjeta
928,113,2,2025-01-04 13:29:17,187.65,efectivo
929,676,9,2025-01-04 13:30:50,105.20,efectivo
930,730,10,2025-01-04 13:30:50,148.50,tarjeta
931,401,1,2025-01-04 13:43:27,61.50,efectivo
932,236,4,2025-01-04 13:52:36,93.45,efectivo
933,459,10,2025-01-04 13:53:06,65.50,efectivo
934,757,4,2025-01-04 13:55:01,100.40,tarjeta
935,81,8,2025-01-04 13:57:18,108.80,tarjeta
936,204,6,2025-01-04 14:01:36,45.95,efectivo
937,624,5,2025-01-04 14:02:16,35.95,tarjeta
938,966,1,2025-01-04 14:06:17,35.00,efectivo
939,81,7,2025-01-04 14:30:48,0.00,tarjeta
940,223,3,2025-01-04 14:33:24,82.05,tarjeta
941,251,6,2025-01-04 14:33:48,44.00,efectivo
942,387,5,2025-01-04 14:34:46,103.95,tarjeta
943,665,2,2025-01-04 14:42:38,111.00,tarjeta
944,22,10,2025-01-04 14:46:15,34.50,tarjeta
945,790,1,2025-01-04 14:46:45,77.80,tarjeta
946,319,5,2025-01-04 14:50:08,15.50,tarjeta
947,705,3,2025-01-04 14:57:18,92.85,efectivo
948,831,10,2025-01-04 15:01:20,120.30,tarjeta
949,438,5,2025-01-04 15:13:36,35.00,tarjeta
950,997,3,2025-01-04 15:15:44,80.50,efectivo
951,221,10,2025-01-04 15:18:13,61.00,tarjeta
952,675,7,2025-01-04 15:20:55,134.70,efectivo
953,549,5,2025-01-04 15:21:34,15.50,tarjeta
954,616,9,2025-01-04 15:26:52,74.50,efectivo
955,882,8,2025-01-04 15:32:12,95.95,tarjeta
956,879,1,2025-01-04 15:38:45,56.90,tarjeta
957,61,5,2025-01-04 15:40:29,92.90,tarjeta
958,433,4,2025-01-04 15:42:03,114.50,efectivo
959,34,2,2025-01-04 15:46:22,43.00,efectivo
960,986,3,2025-01-04 15:51:21,19.95,efectivo
961,451,9,2025-01-04 15:53:43,140.40,tarjeta
962,97,3,2025-01-04 15:59:32,19.95,tarjeta
963,136,4,2025-01-04 16:06:11,98.50,efectivo
964,936,1,2025-01-04 16:06:45,44.00,efectivo
965,243,8,2025-01-04 16:07:12,108.45,efectivo
966,43,10,2025-01-04 16:12:38,53.00,tarjeta
967,499,5,2025-01-04 16:25:04,88.00,tarjeta
968,189,8,2025-01-04 16:25:29,127.85,tarjeta
969,65,7,2025-01-04 16:26:22,83.90,tarjeta
970,837,3,2025-01-04 16:28:48,108.50,efectivo
971,623,1,2025-01-04 16:31:16,10.00,efectivo
972,24,7,2025-01-04 16:33:13,110.85,efectivo
973,609,9,2025-01-04 16:39:34,10.95,tarjeta
974,780,1,2025-01-04 16:39:49,102.85,efectivo
975,223,2,2025-01-04 16:39:52,68.95,tarjeta
976,449,10,2025-01-04 16:40:47,35.95,efectivo
977,24,3,2025-01-04 16:46:34,79.50,tarjeta
978,612,6,2025-01-04 16:46:42,115.90,tarjeta
979,109,2,2025-01-04 16:54:46,204.65,tarjeta
980,363,9,2025-01-04 17:00:23,98.50,tarjeta
981,395,1,2025-01-04 17:08:22,109.80,efectivo
982,37,7,2025-01-04 17:09:27,52.50,efectivo
983,663,4,2025-01-04 17:18:52,117.00,efectivo
984,634,9,2025-01-04 17:19:47,120.85,efectivo
985,438,1,2025-01-04 17:21:25,50.95,tarjeta
986,582,6,2025-01-04 17:22:45,51.45,tarjeta
987,267,4,2025-01-04 17:25:18,114.50,efectivo
988,797,10,2025-01-04 17:30:23,42.95,efectivo
989,463,10,2025-01-04 17:31:58,59.50,efectivo
990,466,10,2025-01-04 17:33:18,59.90,efectivo
991,270,8,2025-01-04 17:45:03,31.00,efectivo
992,641,7,2025-01-04 18:03:21,113.00,tarjeta
993,977,5,2025-01-04 18:10:42,65.95,tarjeta
994,487,6,2025-01-04 18:16:20,26.00,efectivo
995,585,7,2025-01-04 18:24:13,95.95,efectivo
996,73,4,2025-01-04 18:25:49,94.50,efectivo
997,490,8,2025-01-04 18:34:39,218.20,tarjeta
998,576,7,2025-01-04 18:36:50,53.95,tarjeta
999,381,7,2025-01-04 18:37:24,51.45,efectivo
1000,653,1,2025-01-04 18:52:48,73.95,tarjeta
1001,634,4,2025-01-04 19:00:41,160.90,tarjeta
1002,5,1,2025-01-04 19:01:45,49.85,efectivo
1003,71,6,2025-01-04 19:11:25,156.85,tarjeta
1004,883,8,2025-01-04 19:25:32,83.40,tarjeta
1005,198,10,2025-01-04 19:26:00,76.95,tarjeta
1006,337,7,2025-01-04 19:29:35,40.00,efectivo
1007,256,10,2025-01-04 19:32:05,18.00,tarjeta
1008,871,2,2025-01-04 19:43:03,26.00,efectivo
1009,615,7,2025-01-04 19:46:20,90.90,efectivo
1010,960,3,2025-01-04 19:46:57,53.00,efectivo
1011,163,7,2025-01-04 19:48:04,67.00,efectivo
1012,634,8,2025-01-04 19:48:52,58.45,tarjeta
1013,509,8,2025-01-04 19:56:16,22.50,tarjeta
1014,871,10,2025-01-04 19:59:41,101.00,tarjeta
1015,115,7,2025-01-04 20:03:50,79.00,tarjeta
1016,982,10,2025-01-04 20:06:23,97.00,efectivo
1017,674,9,2025-01-04 20:09:26,68.50,tarjeta
1018,219,6,2025-01-04 20:18:49,63.50,tarjeta
1019,327,2,2025-01-04 20:21:19,12.00,efectivo
1020,565,5,2025-01-04 20:25:41,26.45,efectivo
1021,339,2,2025-01-04 20:25:42,60.50,efectivo
1022,239,9,2025-01-04 20:32:06,56.90,efectivo
1023,221,4,2025-01-04 20:32:53,56.90,tarjeta
1024,622,5,2025-01-04 20:33:39,220.90,efectivo
1025,980,5,2025-01-04 20:46:39,53.00,efectivo
1026,959,10,2025-01-04 20:47:38,61.90,tarjeta
1027,40,2,2025-01-04 20:48:20,61.95,efectivo
1028,318,3,2025-01-04 20:57:58,79.00,efectivo
1029,157,6,2025-01-04 21:00:54,72.40,tarjeta
1030,83,2,2025-01-04 21:02:26,227.95,tarjeta
1031,832,3,2025-01-04 21:14:19,35.00,efectivo
1032,855,3,2025-01-04 21:16:15,92.85,efectivo
1033,471,2,2025-01-04 21:17:15,124.90,efectivo
1034,779,5,2025-01-04 21:19:46,91.45,efectivo
1035,775,7,2025-01-04 21:26:57,57.00,efectivo
1036,474,9,2025-01-04 21:28:40,43.35,tarjeta
1037,715,7,2025-01-04 21:30:36,57.00,efectivo
1038,941,5,2025-01-04 21:38:33,40.00,efectivo
1039,450,2,2025-01-04 21:49:36,73.90,tarjeta
1040,756,9,2025-01-04 21:57:45,82.50,tarjeta
1041,50,4,2025-01-04 21:58:54,116.70,efectivo
1042,40,9,2025-01-04 22:00:04,81.50,efectivo
1043,936,2,2025-01-04 22:01:13,67.50,tarjeta
1044,651,5,2025-01-04 22:02:11,59.95,efectivo
1045,566,3,2025-01-04 22:11:16,57.00,tarjeta
1046,353,9,2025-01-04 22:12:17,35.00,tarjeta
1047,660,9,2025-01-04 22:17:47,102.95,tarjeta
1048,701,3,2025-01-04 22:18:34,81.00,tarjeta
1049,822,1,2025-01-04 22:19:24,103.90,tarjeta
1050,401,8,2025-01-04 22:31:13,19.95,tarjeta
1051,225,6,2025-01-04 22:35:55,101.00,efectivo
1052,757,10,2025-01-04 22:44:21,35.95,efectivo
1053,348,1,2025-01-04 22:49:55,108.85,efectivo
1054,908,1,2025-01-04 22:59:11,24.50,tarjeta
1055,130,8,2025-01-05 06:01:58,91.90,tarjeta
1056,314,10,2025-01-05 06:02:55,12.00,tarjeta
1057,494,8,2025-01-05 06:04:23,18.00,tarjeta
1058,39,4,2025-01-05 06:07:06,48.95,efectivo
1059,799,4,2025-01-05 06:12:11,48.95,efectivo
1060,398,5,2025-01-05 06:13:14,114.95,tarjeta
1061,323,2,2025-01-05 06:14:54,79.90,tarjeta
1062,843,4,2025-01-05 06:17:39,22.00,efectivo
1063,115,8,2025-01-05 06:17:55,22.00,tarjeta
1064,206,1,2025-01-05 06:18:39,15.50,efectivo
1065,292,6,2025-01-05 06:19:15,22.00,efectivo
1066,288,5,2025-01-05 06:20:21,26.95,efectivo
1067,267,6,2025-01-05 06:20:38,85.40,tarjeta
1068,994,9,2025-01-05 06:22:55,100.45,efectivo
1069,796,6,2025-01-05 06:37:14,15.50,tarjeta
1070,505,6,2025-01-05 06:39:02,61.90,efectivo
1071,575,7,2025-01-05 06:42:43,52.35,tarjeta
1072,107,3,2025-01-05 06:43:09,92.80,efectivo
1073,299,1,2025-01-05 06:52:15,26.00,tarjeta
1074,813,5,2025-01-05 06:52:38,46.90,efectivo
1075,448,6,2025-01-05 06:55:43,26.95,efectivo
1076,853,10,2025-01-05 07:02:01,10.95,tarjeta
1077,405,4,2025-01-05 07:04:56,36.95,tarjeta
1078,383,4,2025-01-05 07:10:56,24.50,tarjeta
1079,457,2,2025-01-05 07:13:19,22.00,efectivo
1080,944,1,2025-01-05 07:17:06,10.95,tarjeta
1081,697,1,2025-01-05 07:22:30,69.95,tarjeta
1082,315,10,2025-01-05 07:23:38,87.50,tarjeta
1083,288,3,2025-01-05 07:26:01,18.00,efectivo
1084,573,8,2025-01-05 07:28:38,34.50,efectivo
1085,446,9,2025-01-05 07:34:55,38.50,tarjeta
1086,122,3,2025-01-05 07:35:07,24.50,tarjeta
1087,433,5,2025-01-05 07:38:47,83.50,efectivo
1088,554,8,2025-01-05 07:42:16,74.95,tarjeta
1089,666,1,2025-01-05 07:43:07,22.00,tarjeta
1090,28,1,2025-01-05 07:45:04,32.00,efectivo
1091,763,10,2025-01-05 07:47:04,35.45,efectivo
1092,434,8,2025-01-05 07:47:07,119.40,efectivo
1093,680,9,2025-01-05 07:50:13,24.50,efectivo
1094,962,2,2025-01-05 07:56:00,38.50,efectivo
1095,9,4,2025-01-05 07:59:29,22.00,tarjeta
1096,712,5,2025-01-05 08:03:20,65.00,efectivo
1097,590,9,2025-01-05 08:11:00,74.90,tarjeta
1098,805,7,2025-01-05 08:14:54,64.50,tarjeta
1099,50,8,2025-01-05 08:18:04,72.00,efectivo
1100,314,1,2025-01-05 08:18:43,38.95,efectivo
1101,513,7,2025-01-05 08:26:21,61.45,tarjeta
1102,498,7,2025-01-05 08:32:19,32.00,tarjeta
1103,406,9,2025-01-05 08:32:35,27.85,efectivo
1104,200,8,2025-01-05 08:33:27,46.50,efectivo
1105,814,9,2025-01-05 08:34:28,77.50,efectivo
1106,172,8,2025-01-05 08:40:35,53.00,efectivo
1107,584,8,2025-01-05 08:44:29,80.85,tarjeta
1108,161,6,2025-01-05 08:47:49,47.50,tarjeta
1109,749,6,2025-01-05 08:54:02,24.50,efectivo
1110,835,10,2025-01-05 08:54:15,8.00,efectivo
1111,651,8,2025-01-05 08:59:21,78.00,efectivo
1112,460,1,2025-01-05 09:01:52,41.00,tarjeta
1113,765,1,2025-01-05 09:05:31,15.50,tarjeta
1114,446,10,2025-01-05 09:13:57,26.45,efectivo
1115,532,7,2025-01-05 09:19:53,88.90,tarjeta
1116,295,3,2025-01-05 09:24:36,58.95,tarjeta
1117,195,1,2025-01-05 09:26:28,24.50,tarjeta
1118,506,6,2025-01-05 09:30:40,43.00,efectivo
1119,468,5,2025-01-05 09:32:33,54.45,efectivo
1120,18,10,2025-01-05 09:37:26,40.00,efectivo
1121,488,2,2025-01-05 09:43:23,53.45,tarjeta
1122,606,4,2025-01-05 09:48:50,41.95,tarjeta
1123,836,9,2025-01-05 09:50:52,126.90,tarjeta
1124,964,5,2025-01-05 09:56:21,10.95,tarjeta
1125,944,9,2025-01-05 09:57:57,34.35,efectivo
1126,140,7,2025-01-05 10:04:40,130.35,tarjeta
1127,689,10,2025-01-05 10:12:42,38.95,tarjeta
1128,920,7,2025-01-05 10:21:15,55.50,tarjeta
1129,2,5,2025-01-05 10:23:23,22.00,tarjeta
1130,892,5,2025-01-05 10:23:32,30.35,tarjeta
1131,606,4,2025-01-05 10:32:22,46.50,tarjeta
1132,417,1,2025-01-05 10:35:20,57.95,efectivo
1133,103,2,2025-01-05 10:35:37,69.50,tarjeta
1134,917,2,2025-01-05 10:37:50,40.45,efectivo
1135,65,6,2025-01-05 10:42:03,62.95,efectivo
1136,428,8,2025-01-05 10:43:21,10.95,efectivo
1137,972,6,2025-01-05 10:45:12,22.00,tarjeta
1138,873,3,2025-01-05 10:45:19,12.00,efectivo
1139,605,2,2025-01-05 10:46:01,24.50,tarjeta
1140,595,2,2025-01-05 10:47:09,10.00,tarjeta
1141,520,6,2025-01-05 10:47:20,48.95,tarjeta
1142,780,1,2025-01-05 10:49:48,273.70,efectivo
1143,506,7,2025-01-05 10:50:35,12.00,tarjeta
1144,37,1,2025-01-05 10:52:35,115.90,efectivo
1145,712,5,2025-01-05 10:52:36,22.00,efectivo
1146,664,9,2025-01-05 10:53:47,42.45,efectivo
1147,974,2,2025-01-05 10:56:18,44.95,efectivo
1148,743,5,2025-01-05 11:04:53,64.45,tarjeta
1149,951,4,2025-01-05 11:06:47,44.00,tarjeta
1150,410,4,2025-01-05 11:17:42,134.95,tarjeta
1151,53,1,2025-01-05 11:18:13,26.00,efectivo
1152,546,8,2025-01-05 11:21:27,28.00,efectivo
1153,936,9,2025-01-05 11:26:50,84.00,efectivo
1154,990,1,2025-01-05 11:27:39,118.95,efectivo
1155,767,6,2025-01-05 11:32:21,41.00,tarjeta
1156,775,8,2025-01-05 11:35:13,47.50,efectivo
1157,462,8,2025-01-05 11:37:11,35.00,tarjeta
1158,925,8,2025-01-05 11:44:25,88.90,efectivo
1159,72,10,2025-01-05 11:46:53,73.50,efectivo
1160,620,2,2025-01-05 11:47:52,75.45,tarjeta
1161,825,2,2025-01-05 11:48:41,61.95,tarjeta
1162,607,3,2025-01-05 11:50:12,98.00,tarjeta
1163,463,3,2025-01-05 11:52:01,99.50,tarjeta
1164,289,9,2025-01-05 11:53:56,86.95,tarjeta
1165,353,1,2025-01-05 12:01:08,59.95,tarjeta
1166,360,2,2025-01-05 12:06:50,69.90,efectivo
1167,840,8,2025-01-05 12:07:03,52.45,tarjeta
1168,743,6,2025-01-05 12:10:45,56.45,efectivo
1169,817,8,2025-01-05 12:10:57,38.90,efectivo
1170,4,4,2025-01-05 12:21:26,39.45,tarjeta
1171,692,3,2025-01-05 12:23:48,142.75,efectivo
1172,770,6,2025-01-05 12:30:30,38.90,tarjeta
1173,735,10,2025-01-05 12:31:22,18.00,efectivo
1174,141,2,2025-01-05 12:32:23,86.45,efectivo
1175,893,1,2025-01-05 12:34:58,35.00,tarjeta
1176,555,10,2025-01-05 12:35:21,89.20,efectivo
1177,219,6,2025-01-05 12:37:18,12.00,tarjeta
1178,511,4,2025-01-05 12:37:32,64.50,tarjeta
1179,50,9,2025-01-05 12:39:34,91.45,efectivo
1180,387,4,2025-01-05 12:41:14,106.50,tarjeta
1181,940,10,2025-01-05 12:42:42,68.95,tarjeta
1182,998,8,2025-01-05 12:51:04,70.95,efectivo
1183,836,5,2025-01-05 12:54:26,109.85,tarjeta
1184,826,7,2025-01-05 12:56:45,23.50,efectivo
1185,623,1,2025-01-05 13:00:14,26.00,efectivo
1186,931,1,2025-01-05 13:03:34,56.50,tarjeta
1187,140,8,2025-01-05 13:08:45,86.25,tarjeta
1188,209,1,2025-01-05 13:11:08,59.90,efectivo
1189,610,5,2025-01-05 13:11:09,32.95,efectivo
1190,211,7,2025-01-05 13:16:25,65.45,efectivo
1191,790,3,2025-01-05 13:20:41,55.40,tarjeta
1192,771,1,2025-01-05 13:22:03,36.95,efectivo
1193,511,4,2025-01-05 13:27:33,70.95,tarjeta
1194,131,7,2025-01-05 13:32:28,24.95,efectivo
1195,615,9,2025-01-05 13:34:09,61.50,tarjeta
1196,378,2,2025-01-05 13:34:26,162.90,efectivo
1197,648,3,2025-01-05 13:37:45,58.45,efectivo
1198,824,2,2025-01-05 13:40:25,159.80,tarjeta
1199,945,4,2025-01-05 13:51:17,110.95,efectivo
1200,653,9,2025-01-05 13:52:34,96.10,tarjeta
1201,166,3,2025-01-05 13:53:29,176.90,efectivo
1202,655,2,2025-01-05 13:56:30,107.85,tarjeta
1203,289,8,2025-01-05 13:58:28,64.50,efectivo
1204,15,2,2025-01-05 14:07:09,115.50,tarjeta
1205,204,7,2025-01-05 14:11:42,35.45,tarjeta
1206,865,6,2025-01-05 14:12:21,131.75,tarjeta
1207,81,3,2025-01-05 14:26:49,86.00,efectivo
1208,379,8,2025-01-05 14:29:47,42.85,tarjeta
1209,908,7,2025-01-05 14:32:47,90.45,efectivo
1210,240,7,2025-01-05 14:33:18,63.95,efectivo
1211,724,1,2025-01-05 14:34:39,77.80,tarjeta
1212,342,6,2025-01-05 14:40:11,53.95,tarjeta
1213,345,6,2025-01-05 14:46:57,58.00,efectivo
1214,681,8,2025-01-05 14:47:14,35.50,tarjeta
1215,659,9,2025-01-05 14:49:35,134.85,efectivo
1216,745,8,2025-01-05 14:55:00,36.50,tarjeta
1217,993,5,2025-01-05 14:57:33,73.35,efectivo
1218,17,10,2025-01-05 15:03:52,80.00,tarjeta
1219,926,8,2025-01-05 15:08:26,210.20,efectivo
1220,412,2,2025-01-05 15:09:57,58.00,efectivo
1221,913,5,2025-01-05 15:10:23,61.95,efectivo
1222,15,8,2025-01-05 15:11:28,112.30,efectivo
1223,337,9,2025-01-05 15:12:07,70.95,efectivo
1224,782,8,2025-01-05 15:17:13,31.95,tarjeta
1225,816,5,2025-01-05 15:24:01,128.45,tarjeta
1226,925,1,2025-01-05 15:28:58,41.50,tarjeta
1227,225,6,2025-01-05 15:34:11,35.00,tarjeta
1228,836,9,2025-01-05 15:34:46,155.90,efectivo
1229,780,5,2025-01-05 15:34:58,68.75,efectivo
1230,687,3,2025-01-05 15:37:31,204.80,efectivo
1231,175,7,2025-01-05 15:41:56,24.95,tarjeta
1232,809,3,2025-01-05 15:43:25,119.40,tarjeta
1233,540,9,2025-01-05 15:51:54,185.80,tarjeta
1234,809,5,2025-01-05 15:56:00,112.30,tarjeta
1235,846,6,2025-01-05 15:56:14,55.95,tarjeta
1236,360,9,2025-01-05 15:57:22,42.45,efectivo
1237,142,4,2025-01-05 15:59:46,28.50,tarjeta
1238,125,8,2025-01-05 16:01:06,16.50,tarjeta
1239,665,1,2025-01-05 16:02:29,55.90,efectivo
1240,642,2,2025-01-05 16:06:48,137.40,efectivo
1241,390,8,2025-01-05 16:09:28,102.00,efectivo
1242,709,7,2025-01-05 16:13:10,35.00,tarjeta
1243,960,2,2025-01-05 16:16:10,70.90,efectivo
1244,417,5,2025-01-05 16:26:13,47.00,efectivo
1245,799,8,2025-01-05 16:29:10,32.00,tarjeta
1246,642,7,2025-01-05 16:33:19,41.95,efectivo
1247,745,3,2025-01-05 16:38:05,53.00,efectivo
1248,393,6,2025-01-05 16:44:36,160.85,tarjeta
1249,641,3,2025-01-05 16:56:10,64.45,tarjeta
1250,540,10,2025-01-05 17:00:22,125.95,efectivo
1251,98,10,2025-01-05 17:02:55,77.45,tarjeta
1252,395,10,2025-01-05 17:03:48,60.45,tarjeta
1253,393,9,2025-01-05 17:06:28,99.50,tarjeta
1254,221,9,2025-01-05 17:15:58,35.00,tarjeta
1255,752,1,2025-01-05 17:18:54,143.30,efectivo
1256,681,6,2025-01-05 17:20:13,178.65,tarjeta
1257,364,5,2025-01-05 17:29:27,29.50,tarjeta
1258,142,3,2025-01-05 17:40:52,85.50,efectivo
1259,733,9,2025-01-05 17:49:00,196.25,tarjeta
1260,239,4,2025-01-05 17:52:46,116.90,efectivo
1261,150,5,2025-01-05 17:54:25,34.35,tarjeta
1262,115,9,2025-01-05 17:59:51,40.50,efectivo
1263,37,7,2025-01-05 18:04:40,67.50,efectivo
1264,482,8,2025-01-05 18:11:03,86.00,efectivo
1265,886,6,2025-01-05 18:14:08,82.50,tarjeta
1266,219,2,2025-01-05 18:20:01,47.50,efectivo
1267,999,6,2025-01-05 18:22:49,35.00,tarjeta
1268,891,1,2025-01-05 18:24:50,64.50,efectivo
1269,482,9,2025-01-05 18:30:35,112.90,efectivo
1270,168,9,2025-01-05 18:34:16,80.00,efectivo
1271,907,10,2025-01-05 18:41:11,84.00,tarjeta
1272,24,10,2025-01-05 18:43:08,69.90,efectivo
1273,263,6,2025-01-05 18:51:07,38.90,efectivo
1274,959,2,2025-01-05 18:55:16,82.45,efectivo
1275,241,1,2025-01-05 19:06:33,73.45,efectivo
1276,790,5,2025-01-05 19:06:48,90.50,tarjeta
1277,498,5,2025-01-05 19:10:30,74.85,efectivo
1278,234,3,2025-01-05 19:12:18,114.85,efectivo
1279,754,4,2025-01-05 19:12:57,61.00,efectivo
1280,52,6,2025-01-05 19:30:49,53.00,tarjeta
1281,454,1,2025-01-05 19:34:04,172.80,tarjeta
1282,926,5,2025-01-05 19:40:15,107.90,efectivo
1283,262,8,2025-01-05 19:49:53,61.00,tarjeta
1284,223,3,2025-01-05 19:51:06,88.45,efectivo
1285,162,5,2025-01-05 20:02:45,22.00,efectivo
1286,53,8,2025-01-05 20:06:18,28.50,efectivo
1287,529,2,2025-01-05 20:09:55,95.50,tarjeta
1288,596,6,2025-01-05 20:16:32,117.50,efectivo
1289,339,10,2025-01-05 20:17:06,62.90,tarjeta
1290,357,5,2025-01-05 20:18:12,90.50,efectivo
1291,16,6,2025-01-05 20:20:22,71.00,efectivo
1292,379,6,2025-01-05 20:23:31,111.00,efectivo
1293,328,10,2025-01-05 20:24:13,127.90,efectivo
1294,459,4,2025-01-05 20:26:29,58.00,tarjeta
1295,813,3,2025-01-05 20:35:06,87.45,tarjeta
1296,255,9,2025-01-05 20:39:59,54.00,efectivo
1297,142,5,2025-01-05 20:43:17,32.00,efectivo
1298,656,6,2025-01-05 20:48:08,41.95,efectivo
1299,67,8,2025-01-05 20:48:34,60.70,efectivo
1300,716,2,2025-01-05 20:52:44,64.50,efectivo
1301,194,5,2025-01-05 20:54:10,16.50,tarjeta
1302,393,1,2025-01-05 20:55:13,68.00,tarjeta
1303,458,1,2025-01-05 20:56:16,248.70,tarjeta
1304,980,2,2025-01-05 21:00:09,75.85,efectivo
1305,262,4,2025-01-05 21:00:49,69.95,tarjeta
1306,497,3,2025-01-05 21:01:00,99.50,tarjeta
1307,444,8,2025-01-05 21:01:01,35.00,tarjeta
1308,312,8,2025-01-05 21:03:52,24.95,tarjeta
1309,780,7,2025-01-05 21:06:39,56.30,efectivo
1310,157,7,2025-01-05 21:06:50,31.00,efectivo
1311,503,6,2025-01-05 21:14:11,35.00,efectivo
1312,550,2,2025-01-05 21:15:36,121.00,efectivo
1313,253,7,2025-01-05 21:15:45,41.50,efectivo
1314,832,6,2025-01-05 21:21:50,113.80,tarjeta
1315,648,10,2025-01-05 21:28:51,87.50,tarjeta
1316,612,10,2025-01-05 21:35:14,161.80,efectivo
1317,758,4,2025-01-05 21:45:25,108.90,efectivo
1318,159,6,2025-01-05 21:45:33,26.00,tarjeta
1319,163,7,2025-01-05 21:59:25,56.45,tarjeta
1320,969,1,2025-01-05 22:05:38,61.30,efectivo
1321,929,3,2025-01-05 22:06:43,58.00,efectivo
1322,320,9,2025-01-05 22:07:15,126.90,tarjeta
1323,925,3,2025-01-05 22:18:34,72.95,tarjeta
1324,73,7,2025-01-05 22:21:59,67.40,tarjeta
1325,840,2,2025-01-05 22:22:17,133.20,tarjeta
1326,603,7,2025-01-05 22:22:58,56.90,efectivo
1327,55,9,2025-01-05 22:26:24,95.90,tarjeta
1328,167,4,2025-01-05 22:27:48,72.40,tarjeta
1329,398,6,2025-01-05 22:28:26,92.85,efectivo
1330,332,6,2025-01-05 22:31:03,20.00,tarjeta
1331,771,8,2025-01-05 22:37:34,113.75,efectivo
1332,723,2,2025-01-05 22:43:10,84.95,tarjeta
1333,537,1,2025-01-05 22:44:36,29.50,tarjeta
1334,289,10,2025-01-05 22:46:40,32.00,tarjeta
1335,997,10,2025-01-05 22:48:40,92.85,efectivo
1336,737,8,2025-01-05 22:57:29,100.45,tarjeta
1337,897,9,2025-01-05 22:59:00,67.95,tarjeta
1338,650,8,2025-01-06 06:01:01,22.95,tarjeta
1339,105,5,2025-01-06 06:06:16,22.00,efectivo
1340,250,7,2025-01-06 06:07:21,58.95,efectivo
1341,923,9,2025-01-06 06:10:34,10.95,efectivo
1342,383,6,2025-01-06 06:11:34,58.95,efectivo
1343,1000,6,2025-01-06 06:15:54,68.90,tarjeta
1344,848,2,2025-01-06 06:17:39,83.90,efectivo
1345,124,5,2025-01-06 06:20:08,41.95,efectivo
1346,917,2,2025-01-06 06:20:39,31.00,tarjeta
1347,96,3,2025-01-06 06:21:35,37.50,efectivo
1348,242,8,2025-01-06 06:22:31,22.00,tarjeta
1349,446,4,2025-01-06 06:32:41,10.95,tarjeta
1350,801,8,2025-01-06 06:34:38,24.50,efectivo
1351,317,7,2025-01-06 06:38:26,62.00,tarjeta
1352,748,3,2025-01-06 06:54:46,22.00,efectivo
1353,329,1,2025-01-06 06:56:52,68.50,efectivo
1354,895,2,2025-01-06 07:01:01,51.50,tarjeta
1355,417,4,2025-01-06 07:03:37,57.45,tarjeta
1356,777,3,2025-01-06 07:04:21,46.50,efectivo
1357,125,5,2025-01-06 07:07:59,26.95,tarjeta
1358,112,1,2025-01-06 07:15:21,48.95,efectivo
1359,302,7,2025-01-06 07:17:19,62.00,efectivo
1360,572,6,2025-01-06 07:17:21,45.95,efectivo
1361,682,4,2025-01-06 07:17:23,66.00,tarjeta
1362,843,6,2025-01-06 07:19:21,36.50,tarjeta
1363,562,2,2025-01-06 07:19:53,36.95,efectivo
1364,190,1,2025-01-06 07:21:48,55.30,tarjeta
1365,466,6,2025-01-06 07:31:37,116.90,tarjeta
1366,448,1,2025-01-06 07:33:26,10.95,efectivo
1367,554,7,2025-01-06 07:36:54,84.00,tarjeta
1368,571,10,2025-01-06 07:37:23,31.00,efectivo
1369,128,4,2025-01-06 07:38:10,10.95,tarjeta
1370,517,3,2025-01-06 07:41:44,58.00,tarjeta
1371,908,5,2025-01-06 07:44:02,18.00,tarjeta
1372,921,2,2025-01-06 07:45:08,24.50,efectivo
1373,703,8,2025-01-06 07:46:04,145.25,tarjeta
1374,494,4,2025-01-06 07:46:45,22.95,efectivo
1375,281,10,2025-01-06 07:52:39,36.95,tarjeta
1376,643,6,2025-01-06 07:57:04,55.50,efectivo
1377,418,10,2025-01-06 07:58:03,143.85,tarjeta
1378,167,3,2025-01-06 08:00:51,70.90,tarjeta
1379,885,4,2025-01-06 08:10:58,12.00,efectivo
1380,990,4,2025-01-06 08:11:40,36.45,efectivo
1381,11,3,2025-01-06 08:13:03,156.85,efectivo
1382,445,5,2025-01-06 08:17:11,15.50,tarjeta
1383,295,8,2025-01-06 08:24:57,18.00,efectivo
1384,650,6,2025-01-06 08:25:19,15.50,efectivo
1385,428,8,2025-01-06 08:28:02,10.95,efectivo
1386,564,4,2025-01-06 08:29:50,32.95,tarjeta
1387,652,5,2025-01-06 08:44:05,62.40,tarjeta
1388,657,5,2025-01-06 08:44:12,26.95,efectivo
1389,86,3,2025-01-06 08:45:47,38.90,tarjeta
1390,275,3,2025-01-06 08:46:12,127.85,efectivo
1391,335,10,2025-01-06 08:51:17,77.50,efectivo
1392,603,8,2025-01-06 09:01:59,90.50,efectivo
1393,30,8,2025-01-06 09:11:07,109.45,tarjeta
1394,599,8,2025-01-06 09:12:55,48.95,tarjeta
1395,932,9,2025-01-06 09:13:58,44.00,efectivo
1396,339,3,2025-01-06 09:18:51,141.00,efectivo
1397,836,1,2025-01-06 09:20:34,114.00,tarjeta
1398,873,3,2025-01-06 09:21:00,45.00,efectivo
1399,2,9,2025-01-06 09:25:11,77.50,efectivo
1400,793,7,2025-01-06 09:26:51,26.95,tarjeta
1401,28,9,2025-01-06 09:31:20,44.00,efectivo
1402,423,8,2025-01-06 09:42:24,54.45,tarjeta
1403,152,7,2025-01-06 09:44:36,65.85,efectivo
1404,78,6,2025-01-06 09:52:30,40.00,efectivo
1405,145,10,2025-01-06 09:59:14,76.45,efectivo
1406,612,8,2025-01-06 09:59:38,88.45,efectivo
1407,457,1,2025-01-06 10:02:21,26.95,efectivo
1408,398,7,2025-01-06 10:03:29,113.80,tarjeta
1409,952,6,2025-01-06 10:08:34,101.00,tarjeta
1410,456,9,2025-01-06 10:08:44,22.00,efectivo
1411,315,4,2025-01-06 10:09:18,69.90,efectivo
1412,84,5,2025-01-06 10:10:14,12.00,efectivo
1413,842,2,2025-01-06 10:12:52,22.00,efectivo
1414,78,5,2025-01-06 10:19:17,31.00,efectivo
1415,712,8,2025-01-06 10:20:49,51.45,efectivo
1416,197,1,2025-01-06 10:21:57,69.50,efectivo
1417,177,5,2025-01-06 10:25:44,51.45,tarjeta
1418,728,3,2025-01-06 10:27:40,35.45,tarjeta
1419,794,2,2025-01-06 10:30:45,26.95,tarjeta
1420,812,1,2025-01-06 10:31:01,24.50,tarjeta
1421,777,3,2025-01-06 10:36:20,55.00,efectivo
1422,523,9,2025-01-06 10:46:37,47.45,tarjeta
1423,739,8,2025-01-06 10:51:22,59.50,tarjeta
1424,33,4,2025-01-06 10:52:07,15.50,tarjeta
1425,732,4,2025-01-06 10:56:53,67.95,tarjeta
1426,890,1,2025-01-06 10:57:24,34.00,tarjeta
1427,829,9,2025-01-06 10:59:56,123.90,tarjeta
1428,529,5,2025-01-06 11:01:50,18.00,efectivo
1429,795,5,2025-01-06 11:07:31,12.00,efectivo
1430,624,1,2025-01-06 11:07:47,37.95,tarjeta
1431,700,5,2025-01-06 11:07:47,8.00,tarjeta
1432,121,2,2025-01-06 11:08:43,15.50,efectivo
1433,835,4,2025-01-06 11:12:53,194.90,tarjeta
1434,735,5,2025-01-06 11:13:47,89.95,efectivo
1435,36,8,2025-01-06 11:21:00,197.65,tarjeta
1436,723,5,2025-01-06 11:32:47,26.00,efectivo
1437,960,2,2025-01-06 11:36:50,63.50,tarjeta
1438,882,5,2025-01-06 11:38:14,230.00,efectivo
1439,853,4,2025-01-06 11:42:10,149.75,tarjeta
1440,117,1,2025-01-06 11:43:57,91.45,tarjeta
1441,746,6,2025-01-06 11:45:29,35.00,tarjeta
1442,504,2,2025-01-06 11:49:37,24.95,efectivo
1443,141,1,2025-01-06 11:58:13,111.90,efectivo
1444,341,6,2025-01-06 11:58:23,96.90,efectivo
1445,937,5,2025-01-06 11:59:24,111.95,tarjeta
1446,414,10,2025-01-06 12:01:08,115.60,efectivo
1447,790,5,2025-01-06 12:02:08,38.90,tarjeta
1448,88,9,2025-01-06 12:06:25,60.50,tarjeta
1449,308,3,2025-01-06 12:08:27,79.90,tarjeta
1450,61,7,2025-01-06 12:10:08,96.50,tarjeta
1451,326,9,2025-01-06 12:11:13,73.90,efectivo
1452,240,5,2025-01-06 12:11:35,26.00,efectivo
1453,617,8,2025-01-06 12:15:43,30.50,efectivo
1454,891,8,2025-01-06 12:16:53,44.00,efectivo
1455,539,9,2025-01-06 12:20:54,95.50,efectivo
1456,685,4,2025-01-06 12:23:43,87.50,tarjeta
1457,76,1,2025-01-06 12:34:25,45.35,tarjeta
1458,675,2,2025-01-06 12:35:37,97.95,tarjeta
1459,441,10,2025-01-06 12:36:53,53.95,tarjeta
1460,758,6,2025-01-06 12:39:26,67.50,tarjeta
1461,994,10,2025-01-06 12:42:56,93.85,tarjeta
1462,225,8,2025-01-06 12:47:59,93.40,efectivo
1463,998,2,2025-01-06 12:48:24,74.45,tarjeta
1464,637,6,2025-01-06 12:49:21,63.85,tarjeta
1465,603,5,2025-01-06 12:50:23,84.75,efectivo
1466,463,2,2025-01-06 12:50:55,30.90,efectivo
1467,903,10,2025-01-06 13:00:37,125.35,tarjeta
1468,733,6,2025-01-06 13:05:30,141.60,tarjeta
1469,97,2,2025-01-06 13:11:31,36.00,tarjeta
1470,81,1,2025-01-06 13:12:14,16.50,tarjeta
1471,246,2,2025-01-06 13:14:14,56.90,tarjeta
1472,855,7,2025-01-06 13:14:36,70.00,efectivo
1473,135,4,2025-01-06 13:17:44,164.40,efectivo
1474,271,5,2025-01-06 13:18:08,22.50,efectivo
1475,580,2,2025-01-06 13:27:35,101.90,efectivo
1476,892,7,2025-01-06 13:38:24,160.50,tarjeta
1477,43,5,2025-01-06 13:39:02,93.00,efectivo
1478,61,4,2025-01-06 13:46:33,28.50,efectivo
1479,615,6,2025-01-06 14:11:05,42.50,tarjeta
1480,927,1,2025-01-06 14:11:13,123.80,tarjeta
1481,573,2,2025-01-06 14:16:37,88.50,tarjeta
1482,131,4,2025-01-06 14:20:43,80.95,tarjeta
1483,802,5,2025-01-06 14:32:27,60.50,tarjeta
1484,972,2,2025-01-06 14:33:13,66.95,efectivo
1485,743,2,2025-01-06 14:37:49,80.95,efectivo
1486,440,3,2025-01-06 14:39:17,93.95,efectivo
1487,670,10,2025-01-06 14:47:56,88.90,efectivo
1488,807,4,2025-01-06 14:51:54,75.45,efectivo
1489,672,6,2025-01-06 15:00:16,182.25,efectivo
1490,730,6,2025-01-06 15:01:28,155.95,efectivo
1491,208,4,2025-01-06 15:01:29,118.35,efectivo
1492,219,1,2025-01-06 15:04:48,59.50,efectivo
1493,338,5,2025-01-06 15:12:16,94.50,efectivo
1494,598,10,2025-01-06 15:12:52,72.00,efectivo
1495,15,10,2025-01-06 15:14:59,82.45,tarjeta
1496,104,1,2025-01-06 15:20:55,181.70,efectivo
1497,632,6,2025-01-06 15:24:32,32.30,efectivo
1498,692,8,2025-01-06 15:28:41,55.90,efectivo
1499,690,2,2025-01-06 15:29:52,99.40,tarjeta
1500,840,7,2025-01-06 15:32:02,80.00,efectivo
1501,955,7,2025-01-06 15:36:22,40.45,tarjeta
1502,966,9,2025-01-06 15:43:52,35.00,efectivo
1503,999,2,2025-01-06 15:51:13,124.50,tarjeta
1504,179,10,2025-01-06 15:53:27,166.75,tarjeta
1505,546,5,2025-01-06 16:06:54,46.50,tarjeta
1506,77,8,2025-01-06 16:10:11,75.00,efectivo
1507,190,5,2025-01-06 16:11:23,90.50,tarjeta
1508,612,5,2025-01-06 16:13:28,108.85,tarjeta
1509,708,5,2025-01-06 16:15:19,84.00,efectivo
1510,83,2,2025-01-06 16:17:35,116.40,efectivo
1511,624,2,2025-01-06 16:18:25,50.95,efectivo
1512,714,10,2025-01-06 16:32:39,51.00,tarjeta
1513,236,3,2025-01-06 16:36:36,129.90,efectivo
1514,339,9,2025-01-06 16:39:34,80.95,efectivo
1515,77,4,2025-01-06 16:40:06,136.75,tarjeta
1516,701,7,2025-01-06 16:41:37,42.95,efectivo
1517,113,6,2025-01-06 16:47:23,82.50,tarjeta
1518,352,5,2025-01-06 16:51:05,18.00,efectivo
1519,931,3,2025-01-06 16:55:22,77.00,efectivo
1520,907,3,2025-01-06 17:05:23,94.50,tarjeta
1521,807,8,2025-01-06 17:12:31,44.00,tarjeta
1522,66,5,2025-01-06 17:13:48,90.85,efectivo
1523,13,3,2025-01-06 17:19:21,161.35,efectivo
1524,458,4,2025-01-06 17:23:33,62.35,tarjeta
1525,958,4,2025-01-06 17:26:17,38.90,efectivo
1526,961,3,2025-01-06 17:28:18,124.75,tarjeta
1527,378,3,2025-01-06 17:28:20,56.90,tarjeta
1528,11,6,2025-01-06 17:47:55,179.90,tarjeta
1529,372,1,2025-01-06 17:48:07,42.00,tarjeta
1530,44,5,2025-01-06 18:06:56,96.95,efectivo
1531,995,2,2025-01-06 18:07:24,141.95,efectivo
1532,997,7,2025-01-06 18:08:15,61.00,tarjeta
1533,648,6,2025-01-06 18:08:37,61.00,efectivo
1534,354,10,2025-01-06 18:11:29,64.50,efectivo
1535,647,5,2025-01-06 18:12:42,89.95,efectivo
1536,438,7,2025-01-06 18:19:47,100.45,tarjeta
1537,552,5,2025-01-06 18:27:32,34.00,tarjeta
1538,679,7,2025-01-06 18:32:46,75.40,tarjeta
1539,555,7,2025-01-06 18:45:16,85.40,efectivo
1540,259,6,2025-01-06 18:47:29,58.45,tarjeta
1541,291,3,2025-01-06 18:51:24,47.50,efectivo
1542,660,6,2025-01-06 18:53:28,78.95,tarjeta
1543,17,10,2025-01-06 18:54:55,24.95,tarjeta
1544,690,4,2025-01-06 18:56:14,135.95,tarjeta
1545,941,3,2025-01-06 18:59:40,56.90,efectivo
1546,385,4,2025-01-06 19:14:36,49.45,efectivo
1547,868,6,2025-01-06 19:27:53,70.90,tarjeta
1548,262,1,2025-01-06 19:28:20,101.45,efectivo
1549,980,10,2025-01-06 19:31:38,28.00,tarjeta
1550,676,6,2025-01-06 19:32:32,35.00,tarjeta
1551,679,5,2025-01-06 19:33:50,83.45,efectivo
1552,531,5,2025-01-06 19:42:27,87.40,tarjeta
1553,491,7,2025-01-06 19:45:45,56.45,tarjeta
1554,110,6,2025-01-06 19:51:02,38.90,tarjeta
1555,328,8,2025-01-06 19:51:27,32.00,tarjeta
1556,522,5,2025-01-06 19:54:10,127.90,tarjeta
1557,524,1,2025-01-06 19:54:18,61.40,tarjeta
1558,861,7,2025-01-06 19:59:53,32.00,efectivo
1559,324,2,2025-01-06 20:04:30,69.00,tarjeta
1560,577,6,2025-01-06 20:11:59,29.50,tarjeta
1561,409,5,2025-01-06 20:16:34,55.90,efectivo
1562,331,6,2025-01-06 20:18:04,107.00,tarjeta
1563,784,9,2025-01-06 20:18:07,48.50,tarjeta
1564,672,3,2025-01-06 20:18:15,38.90,tarjeta
1565,543,2,2025-01-06 20:19:45,80.45,tarjeta
1566,76,7,2025-01-06 20:24:06,116.15,efectivo
1567,418,2,2025-01-06 20:25:13,72.40,efectivo
1568,996,4,2025-01-06 20:26:24,92.85,tarjeta
1569,528,6,2025-01-06 20:29:47,90.50,tarjeta
1570,416,3,2025-01-06 20:30:59,133.40,tarjeta
1571,3,10,2025-01-06 20:33:39,135.90,tarjeta
1572,154,1,2025-01-06 20:37:01,87.50,efectivo
1573,371,4,2025-01-06 20:39:26,131.50,tarjeta
1574,337,3,2025-01-06 20:43:27,19.95,tarjeta
1575,462,1,2025-01-06 20:50:20,48.90,efectivo
1576,912,9,2025-01-06 21:00:44,43.35,tarjeta
1577,660,4,2025-01-06 21:03:41,148.95,tarjeta
1578,219,8,2025-01-06 21:14:48,64.50,efectivo
1579,316,3,2025-01-06 21:16:42,74.85,tarjeta
1580,425,5,2025-01-06 21:23:46,71.00,tarjeta
1581,433,7,2025-01-06 21:24:05,97.90,efectivo
1582,186,1,2025-01-06 21:29:08,99.50,efectivo
1583,458,10,2025-01-06 21:29:35,69.50,efectivo
1584,973,9,2025-01-06 21:35:34,48.30,efectivo
1585,538,6,2025-01-06 21:37:10,24.95,tarjeta
1586,433,8,2025-01-06 21:39:56,225.60,tarjeta
1587,662,2,2025-01-06 21:44:33,128.75,tarjeta
1588,927,4,2025-01-06 21:49:36,83.95,efectivo
1589,283,6,2025-01-06 21:50:12,99.00,efectivo
1590,323,2,2025-01-06 21:52:01,144.90,tarjeta
1591,576,6,2025-01-06 21:52:57,35.00,tarjeta
1592,265,5,2025-01-06 21:54:45,32.30,tarjeta
1593,347,8,2025-01-06 21:55:09,28.50,tarjeta
1594,471,8,2025-01-06 21:56:15,147.45,tarjeta
1595,638,3,2025-01-06 22:17:32,56.45,efectivo
1596,397,5,2025-01-06 22:19:00,127.85,efectivo
1597,81,10,2025-01-06 22:19:06,24.00,efectivo
1598,929,1,2025-01-06 22:21:29,68.40,efectivo
1599,820,3,2025-01-06 22:23:31,10.00,efectivo
1600,187,5,2025-01-06 22:29:33,166.40,tarjeta
1601,433,8,2025-01-06 22:31:52,192.15,efectivo
1602,735,10,2025-01-06 22:32:22,35.00,tarjeta
1603,109,10,2025-01-06 22:38:19,185.80,efectivo
1604,447,3,2025-01-06 22:40:24,38.35,tarjeta
1605,107,10,2025-01-06 22:41:50,95.90,efectivo
1606,550,3,2025-01-06 22:47:08,77.45,tarjeta
1607,396,5,2025-01-06 22:54:11,24.35,efectivo
1608,681,3,2025-01-06 22:59:02,74.90,efectivo
1609,792,4,2025-01-07 06:07:34,66.45,tarjeta
1610,683,2,2025-01-07 06:09:01,24.95,tarjeta
1611,168,4,2025-01-07 06:13:08,230.80,tarjeta
1612,793,3,2025-01-07 06:15:45,53.00,efectivo
1613,500,6,2025-01-07 06:16:55,98.80,efectivo
1614,469,2,2025-01-07 06:20:05,104.45,tarjeta
1615,315,3,2025-01-07 06:26:03,32.95,efectivo
1616,954,1,2025-01-07 06:33:03,31.00,efectivo
1617,55,3,2025-01-07 06:35:18,68.45,tarjeta
1618,850,2,2025-01-07 06:35:48,73.45,tarjeta
1619,575,2,2025-01-07 06:37:35,90.35,tarjeta
1620,744,6,2025-01-07 06:39:14,36.50,tarjeta
1621,839,3,2025-01-07 06:39:34,68.30,efectivo
1622,55,3,2025-01-07 06:42:24,142.95,tarjeta
1623,245,6,2025-01-07 06:43:25,46.50,tarjeta
1624,448,8,2025-01-07 06:44:02,10.95,tarjeta
1625,27,3,2025-01-07 06:56:46,35.45,efectivo
1626,980,8,2025-01-07 07:00:34,56.90,efectivo
1627,765,6,2025-01-07 07:02:05,26.95,tarjeta
1628,170,9,2025-01-07 07:07:48,22.00,efectivo
1629,623,5,2025-01-07 07:08:24,64.50,efectivo
1630,801,5,2025-01-07 07:09:28,32.95,tarjeta
1631,57,9,2025-01-07 07:17:27,35.95,tarjeta
1632,691,6,2025-01-07 07:21:59,42.00,efectivo
1633,527,8,2025-01-07 07:22:09,42.45,efectivo
1634,858,1,2025-01-07 07:22:54,31.00,tarjeta
1635,606,5,2025-01-07 07:24:04,56.50,tarjeta
1636,71,3,2025-01-07 07:25:12,185.65,efectivo
1637,697,10,2025-01-07 07:26:41,104.45,tarjeta
1638,27,8,2025-01-07 07:27:33,22.00,tarjeta
1639,887,3,2025-01-07 07:31:55,135.45,efectivo
1640,124,10,2025-01-07 07:41:51,10.95,tarjeta
1641,526,7,2025-01-07 07:44:45,22.00,tarjeta
1642,264,5,2025-01-07 07:49:12,128.00,tarjeta
1643,814,4,2025-01-07 07:50:32,35.45,efectivo
1644,75,3,2025-01-07 07:53:13,90.50,efectivo
1645,376,4,2025-01-07 07:58:19,68.90,tarjeta
1646,575,9,2025-01-07 07:59:23,12.00,efectivo
1647,661,5,2025-01-07 08:00:00,138.30,tarjeta
1648,885,1,2025-01-07 08:00:24,66.95,tarjeta
1649,39,8,2025-01-07 08:02:30,22.00,efectivo
1650,970,2,2025-01-07 08:05:01,103.50,tarjeta
1651,128,6,2025-01-07 08:10:13,65.50,tarjeta
1652,313,9,2025-01-07 08:10:46,92.40,efectivo
1653,406,7,2025-01-07 08:13:18,12.00,tarjeta
1654,196,4,2025-01-07 08:15:34,26.95,tarjeta
1655,499,2,2025-01-07 08:20:24,104.90,tarjeta
1656,195,5,2025-01-07 08:21:18,66.45,tarjeta
1657,84,7,2025-01-07 08:21:50,12.00,tarjeta
1658,605,7,2025-01-07 08:22:52,38.45,efectivo
1659,392,8,2025-01-07 08:24:02,27.50,tarjeta
1660,694,7,2025-01-07 08:26:26,62.50,efectivo
1661,206,10,2025-01-07 08:28:30,22.00,efectivo
1662,98,8,2025-01-07 08:28:37,10.95,tarjeta
1663,895,8,2025-01-07 08:30:30,55.50,efectivo
1664,425,10,2025-01-07 08:31:59,189.35,efectivo
1665,38,8,2025-01-07 08:40:02,24.50,efectivo
1666,448,8,2025-01-07 08:52:50,19.95,tarjeta
1667,664,1,2025-01-07 08:54:32,15.50,tarjeta
1668,763,7,2025-01-07 08:55:48,10.00,tarjeta
1669,713,7,2025-01-07 09:06:32,36.45,efectivo
1670,179,5,2025-01-07 09:08:21,129.80,tarjeta
1671,484,10,2025-01-07 09:10:39,192.85,efectivo
1672,590,5,2025-01-07 09:12:53,111.95,tarjeta
1673,371,9,2025-01-07 09:14:29,18.00,tarjeta
1674,927,8,2025-01-07 09:18:03,129.00,tarjeta
1675,669,6,2025-01-07 09:21:26,38.00,efectivo
1676,689,2,2025-01-07 09:22:24,26.95,tarjeta
1677,694,6,2025-01-07 09:28:09,89.85,efectivo
1678,976,4,2025-01-07 09:30:52,67.95,tarjeta
1679,37,5,2025-01-07 09:34:56,102.90,efectivo
1680,22,4,2025-01-07 09:36:32,60.45,tarjeta
1681,370,6,2025-01-07 09:37:56,26.95,efectivo
1682,513,1,2025-01-07 09:40:46,90.90,efectivo
1683,105,9,2025-01-07 09:41:42,68.50,efectivo
1684,39,5,2025-01-07 09:43:34,15.50,tarjeta
1685,597,6,2025-01-07 09:44:35,48.95,efectivo
1686,564,4,2025-01-07 09:44:47,63.40,efectivo
1687,172,1,2025-01-07 09:45:35,22.00,efectivo
1688,692,3,2025-01-07 09:58:01,96.90,efectivo
1689,926,7,2025-01-07 09:59:35,139.90,efectivo
1690,451,2,2025-01-07 10:01:12,78.35,tarjeta
1691,205,5,2025-01-07 10:04:36,117.30,efectivo
1692,984,9,2025-01-07 10:08:13,85.00,efectivo
1693,415,3,2025-01-07 10:08:38,26.95,efectivo
1694,802,1,2025-01-07 10:12:39,63.00,tarjeta
1695,148,7,2025-01-07 10:19:16,99.50,efectivo
1696,2,10,2025-01-07 10:19:46,73.45,tarjeta
1697,630,7,2025-01-07 10:24:44,26.95,tarjeta
1698,661,6,2025-01-07 10:27:00,16.50,tarjeta
1699,962,2,2025-01-07 10:28:18,24.35,efectivo
1700,803,10,2025-01-07 10:33:19,22.95,efectivo
1701,445,7,2025-01-07 10:33:45,12.00,efectivo
1702,135,8,2025-01-07 10:45:46,73.20,tarjeta
1703,176,4,2025-01-07 10:48:27,31.00,efectivo
1704,361,8,2025-01-07 10:49:44,55.50,tarjeta
1705,786,9,2025-01-07 10:59:29,61.50,tarjeta
1706,111,2,2025-01-07 11:02:10,262.40,tarjeta
1707,927,7,2025-01-07 11:07:39,106.90,efectivo
1708,37,6,2025-01-07 11:10:09,34.85,efectivo
1709,705,9,2025-01-07 11:10:33,10.00,efectivo
1710,22,10,2025-01-07 11:16:29,24.50,tarjeta
1711,52,1,2025-01-07 11:16:40,8.00,tarjeta
1712,570,2,2025-01-07 11:19:36,88.95,tarjeta
1713,66,10,2025-01-07 11:21:22,146.80,efectivo
1714,184,6,2025-01-07 11:24:35,50.00,efectivo
1715,379,1,2025-01-07 11:26:01,118.45,efectivo
1716,211,7,2025-01-07 11:33:01,65.35,efectivo
1717,726,3,2025-01-07 11:33:27,81.00,tarjeta
1718,495,3,2025-01-07 11:48:35,58.45,efectivo
1719,333,10,2025-01-07 11:48:58,60.45,tarjeta
1720,757,3,2025-01-07 11:50:29,64.95,tarjeta
1721,142,4,2025-01-07 11:51:41,68.40,tarjeta
1722,711,6,2025-01-07 11:52:41,55.45,efectivo
1723,212,8,2025-01-07 11:53:50,63.40,tarjeta
1724,385,2,2025-01-07 11:53:59,56.90,efectivo
1725,212,1,2025-01-07 11:54:31,71.00,tarjeta
1726,357,7,2025-01-07 11:54:51,35.00,efectivo
1727,831,7,2025-01-07 11:58:51,16.00,tarjeta
1728,982,8,2025-01-07 11:59:48,80.45,efectivo
1729,131,2,2025-01-07 12:02:33,44.00,efectivo
1730,211,3,2025-01-07 12:10:16,63.40,tarjeta
1731,389,3,2025-01-07 12:15:23,130.85,tarjeta
1732,198,1,2025-01-07 12:18:40,50.00,efectivo
1733,966,6,2025-01-07 12:28:50,116.40,efectivo
1734,87,9,2025-01-07 12:34:15,16.50,tarjeta
1735,876,3,2025-01-07 12:35:09,34.00,efectivo
1736,135,9,2025-01-07 12:41:36,77.95,tarjeta
1737,661,4,2025-01-07 12:43:04,174.80,tarjeta
1738,931,1,2025-01-07 12:44:24,21.90,efectivo
1739,672,8,2025-01-07 12:49:25,205.30,efectivo
1740,201,2,2025-01-07 12:58:42,35.95,efectivo
1741,704,3,2025-01-07 12:59:00,55.40,tarjeta
1742,360,1,2025-01-07 12:59:09,101.95,efectivo
1743,289,4,2025-01-07 13:03:36,26.00,tarjeta
1744,759,10,2025-01-07 13:05:50,38.90,efectivo
1745,61,10,2025-01-07 13:07:34,63.50,tarjeta
1746,508,10,2025-01-07 13:12:26,32.00,tarjeta
1747,698,1,2025-01-07 13:19:12,101.00,efectivo
1748,290,8,2025-01-07 13:21:29,159.90,efectivo
1749,198,9,2025-01-07 13:24:14,39.45,efectivo
1750,511,4,2025-01-07 13:30:17,82.90,efectivo
1751,753,2,2025-01-07 13:34:39,57.95,efectivo
1752,729,10,2025-01-07 13:36:49,159.80,efectivo
1753,525,3,2025-01-07 13:37:12,85.00,efectivo
1754,925,4,2025-01-07 13:38:34,73.00,efectivo
1755,913,10,2025-01-07 13:39:35,61.95,efectivo
1756,500,2,2025-01-07 13:44:07,43.00,efectivo
1757,958,4,2025-01-07 13:46:39,42.95,tarjeta
1758,531,4,2025-01-07 13:48:11,90.40,tarjeta
1759,539,7,2025-01-07 13:49:18,65.45,tarjeta
1760,192,4,2025-01-07 13:50:25,82.85,efectivo
1761,73,4,2025-01-07 13:50:27,15.50,tarjeta
1762,332,6,2025-01-07 13:52:13,215.20,efectivo
1763,16,5,2025-01-07 13:54:24,44.00,efectivo
1764,714,8,2025-01-07 13:59:52,24.95,tarjeta
1765,985,1,2025-01-07 14:00:42,32.00,efectivo
1766,642,7,2025-01-07 14:02:39,149.95,tarjeta
1767,52,3,2025-01-07 14:03:09,18.00,tarjeta
1768,746,8,2025-01-07 14:04:45,78.40,tarjeta
1769,723,2,2025-01-07 14:04:53,40.85,efectivo
1770,289,6,2025-01-07 14:05:16,38.90,efectivo
1771,617,9,2025-01-07 14:07:41,86.40,tarjeta
1772,774,1,2025-01-07 14:08:36,53.95,tarjeta
1773,958,5,2025-01-07 14:14:58,132.45,efectivo
1774,517,5,2025-01-07 14:24:19,63.50,efectivo
1775,757,2,2025-01-07 14:30:30,162.80,efectivo
1776,337,5,2025-01-07 14:32:18,65.85,efectivo
1777,304,1,2025-01-07 14:35:09,69.00,tarjeta
1778,498,1,2025-01-07 14:36:26,70.95,tarjeta
1779,76,3,2025-01-07 14:43:57,90.35,tarjeta
1780,454,1,2025-01-07 14:50:04,169.40,efectivo
1781,61,5,2025-01-07 14:50:27,41.50,efectivo
1782,592,10,2025-01-07 14:56:14,24.95,tarjeta
1783,823,5,2025-01-07 15:00:44,76.80,tarjeta
1784,199,8,2025-01-07 15:01:20,15.50,efectivo
1785,466,2,2025-01-07 15:03:48,195.65,tarjeta
1786,53,5,2025-01-07 15:13:19,61.00,efectivo
1787,840,7,2025-01-07 15:13:56,24.95,efectivo
1788,865,6,2025-01-07 15:30:53,126.00,tarjeta
1789,372,2,2025-01-07 15:31:55,91.90,efectivo
1790,435,9,2025-01-07 15:35:25,19.95,tarjeta
1791,83,2,2025-01-07 15:36:23,12.35,tarjeta
1792,840,9,2025-01-07 15:36:25,171.90,tarjeta
1793,248,5,2025-01-07 15:43:10,138.00,tarjeta
1794,764,6,2025-01-07 15:44:05,10.00,tarjeta
1795,387,7,2025-01-07 15:44:50,119.20,efectivo
1796,192,6,2025-01-07 15:45:44,42.50,efectivo
1797,444,10,2025-01-07 15:48:31,35.00,efectivo
1798,163,2,2025-01-07 15:49:27,59.50,tarjeta
1799,566,4,2025-01-07 15:51:53,53.00,tarjeta
1800,715,1,2025-01-07 15:54:15,102.90,efectivo
1801,865,6,2025-01-07 15:58:23,18.00,efectivo
1802,550,5,2025-01-07 15:58:29,170.90,efectivo
1803,882,5,2025-01-07 15:59:11,77.80,efectivo
1804,747,5,2025-01-07 16:00:55,19.95,tarjeta
1805,573,4,2025-01-07 16:02:38,53.00,tarjeta
1806,418,7,2025-01-07 16:05:21,63.00,tarjeta
1807,757,8,2025-01-07 16:09:06,26.00,efectivo
1808,390,1,2025-01-07 16:09:31,233.80,tarjeta
1809,828,10,2025-01-07 16:12:07,24.95,tarjeta
1810,768,5,2025-01-07 16:12:10,36.95,efectivo
1811,615,8,2025-01-07 16:22:00,78.95,efectivo
1812,66,9,2025-01-07 16:25:38,128.75,tarjeta
1813,243,6,2025-01-07 16:31:09,79.35,tarjeta
1814,656,10,2025-01-07 16:35:06,10.95,tarjeta
1815,171,8,2025-01-07 16:35:38,44.90,efectivo
1816,936,5,2025-01-07 16:35:52,36.95,efectivo
1817,251,8,2025-01-07 16:36:39,128.95,tarjeta
1818,821,8,2025-01-07 16:41:09,157.30,efectivo
1819,612,2,2025-01-07 16:41:38,49.90,efectivo
1820,919,5,2025-01-07 16:42:06,68.00,efectivo
1821,530,8,2025-01-07 16:42:44,19.95,efectivo
1822,647,7,2025-01-07 16:46:27,35.95,tarjeta
1823,602,6,2025-01-07 16:48:08,28.50,tarjeta
1824,328,8,2025-01-07 16:54:55,93.45,efectivo
1825,342,2,2025-01-07 16:58:59,64.50,tarjeta
1826,79,8,2025-01-07 17:01:28,42.70,tarjeta
1827,338,8,2025-01-07 17:06:00,26.00,tarjeta
1828,275,1,2025-01-07 17:06:04,76.90,tarjeta
1829,268,4,2025-01-07 17:13:54,121.60,tarjeta
1830,816,3,2025-01-07 17:20:07,100.45,tarjeta
1831,905,8,2025-01-07 17:21:56,109.95,efectivo
1832,711,7,2025-01-07 17:28:18,55.50,efectivo
1833,379,1,2025-01-07 17:29:36,116.00,efectivo
1834,360,6,2025-01-07 17:31:39,54.50,efectivo
1835,861,2,2025-01-07 17:32:49,41.50,efectivo
1836,34,8,2025-01-07 17:35:43,35.00,tarjeta
1837,395,10,2025-01-07 17:52:46,149.70,tarjeta
1838,130,4,2025-01-07 17:55:00,57.45,efectivo
1839,559,3,2025-01-07 18:05:27,8.00,tarjeta
1840,239,1,2025-01-07 18:16:03,87.95,tarjeta
1841,786,8,2025-01-07 18:22:19,50.50,efectivo
1842,756,8,2025-01-07 18:31:21,26.00,tarjeta
1843,198,10,2025-01-07 18:32:48,47.00,efectivo
1844,275,2,2025-01-07 18:34:14,88.00,efectivo
1845,826,6,2025-01-07 18:37:49,70.00,efectivo
1846,189,8,2025-01-07 18:39:10,124.85,tarjeta
1847,319,1,2025-01-07 18:39:15,22.50,tarjeta
1848,17,1,2025-01-07 18:45:04,26.95,efectivo
1849,714,1,2025-01-07 18:45:20,195.45,tarjeta
1850,786,9,2025-01-07 19:07:52,47.50,tarjeta
1851,927,7,2025-01-07 19:23:00,115.00,efectivo
1852,670,2,2025-01-07 19:27:24,75.45,tarjeta
1853,768,1,2025-01-07 19:28:55,56.90,efectivo
1854,145,3,2025-01-07 19:35:52,38.90,efectivo
1855,239,5,2025-01-07 19:39:49,135.70,tarjeta
1856,918,1,2025-01-07 19:43:56,48.95,efectivo
1857,741,10,2025-01-07 19:45:52,29.50,tarjeta
1858,941,10,2025-01-07 19:46:16,46.50,tarjeta
1859,708,3,2025-01-07 19:52:42,101.50,tarjeta
1860,11,7,2025-01-07 19:59:26,123.00,tarjeta
1861,30,8,2025-01-07 19:59:34,40.45,efectivo
1862,715,9,2025-01-07 20:01:57,56.90,efectivo
1863,784,9,2025-01-07 20:02:27,127.35,tarjeta
1864,442,2,2025-01-07 20:03:35,77.00,tarjeta
1865,931,1,2025-01-07 20:06:52,83.95,efectivo
1866,53,4,2025-01-07 20:09:12,29.50,efectivo
1867,389,9,2025-01-07 20:10:52,77.80,tarjeta
1868,192,10,2025-01-07 20:12:30,38.35,efectivo
1869,770,8,2025-01-07 20:14:40,99.90,tarjeta
1870,72,4,2025-01-07 20:28:48,67.85,tarjeta
1871,436,1,2025-01-07 20:29:06,10.00,tarjeta
1872,503,4,2025-01-07 20:29:18,112.80,efectivo
1873,929,3,2025-01-07 20:30:14,49.45,efectivo
1874,717,9,2025-01-07 20:30:24,183.30,efectivo
1875,208,8,2025-01-07 20:33:59,80.70,tarjeta
1876,543,7,2025-01-07 20:44:02,29.50,tarjeta
1877,253,6,2025-01-07 20:44:09,94.40,efectivo
1878,681,1,2025-01-07 20:47:02,107.85,tarjeta
1879,973,4,2025-01-07 20:58:31,8.00,tarjeta
1880,179,6,2025-01-07 21:01:23,161.75,tarjeta
1881,14,2,2025-01-07 21:10:48,36.50,efectivo
1882,561,1,2025-01-07 21:16:12,199.75,tarjeta
1883,640,7,2025-01-07 21:18:17,85.95,tarjeta
1884,679,6,2025-01-07 21:27:32,103.40,tarjeta
1885,802,4,2025-01-07 21:35:11,53.00,tarjeta
1886,658,2,2025-01-07 21:36:11,50.50,efectivo
1887,737,9,2025-01-07 21:38:49,18.95,efectivo
1888,271,9,2025-01-07 21:42:40,76.40,tarjeta
1889,190,10,2025-01-07 21:42:53,10.95,tarjeta
1890,37,7,2025-01-07 21:47:18,91.90,efectivo
1891,990,3,2025-01-07 22:06:37,84.00,efectivo
1892,651,6,2025-01-07 22:16:42,19.95,efectivo
1893,556,4,2025-01-07 22:17:06,95.00,efectivo
1894,504,6,2025-01-07 22:18:25,18.00,tarjeta
1895,726,6,2025-01-07 22:21:35,243.30,efectivo
1896,180,9,2025-01-07 22:23:08,100.35,efectivo
1897,454,5,2025-01-07 22:41:59,170.40,efectivo
1898,43,2,2025-01-07 22:45:34,61.00,efectivo
1899,482,3,2025-01-07 22:48:12,35.00,efectivo
1900,868,3,2025-01-07 22:50:31,65.45,tarjeta
1901,698,3,2025-01-07 22:51:01,71.90,tarjeta
1902,662,4,2025-01-07 22:54:28,128.80,efectivo
1903,512,3,2025-01-07 22:56:30,104.00,efectivo
1904,387,2,2025-01-07 22:57:34,92.85,efectivo
1905,652,8,2025-01-08 06:08:01,38.95,efectivo
1906,891,3,2025-01-08 06:15:39,50.50,tarjeta
1907,567,7,2025-01-08 06:17:44,31.00,efectivo
1908,907,4,2025-01-08 06:18:46,125.00,tarjeta
1909,374,1,2025-01-08 06:26:18,32.50,tarjeta
1910,288,1,2025-01-08 06:29:56,24.50,tarjeta
1911,464,1,2025-01-08 06:30:42,53.00,tarjeta
1912,95,7,2025-01-08 06:34:27,35.95,tarjeta
1913,234,5,2025-01-08 06:37:56,178.25,efectivo
1914,161,9,2025-01-08 06:43:24,104.45,tarjeta
1915,706,1,2025-01-08 06:44:35,31.00,efectivo
1916,74,7,2025-01-08 06:50:03,57.45,efectivo
1917,367,4,2025-01-08 06:53:30,77.95,efectivo
1918,856,9,2025-01-08 06:54:19,120.00,tarjeta
1919,78,9,2025-01-08 06:56:57,10.00,tarjeta
1920,480,5,2025-01-08 06:59:33,12.00,tarjeta
1921,356,6,2025-01-08 06:59:37,69.90,tarjeta
1922,827,8,2025-01-08 07:02:13,109.65,efectivo
1923,885,7,2025-01-08 07:06:34,35.95,efectivo
1924,958,2,2025-01-08 07:07:12,47.50,efectivo
1925,771,4,2025-01-08 07:07:34,62.00,efectivo
1926,970,9,2025-01-08 07:10:25,96.50,tarjeta
1927,841,7,2025-01-08 07:10:54,63.50,tarjeta
1928,103,1,2025-01-08 07:14:48,32.95,tarjeta
1929,85,10,2025-01-08 07:23:09,24.95,efectivo
1930,273,5,2025-01-08 07:29:24,104.90,efectivo
1931,177,4,2025-01-08 07:41:25,85.85,tarjeta
1932,972,4,2025-01-08 07:43:31,67.50,tarjeta
1933,849,5,2025-01-08 07:46:47,70.25,tarjeta
1934,123,6,2025-01-08 07:47:41,174.50,efectivo
1935,448,1,2025-01-08 07:48:12,41.00,tarjeta
1936,732,4,2025-01-08 07:49:55,10.00,tarjeta
1937,499,10,2025-01-08 07:59:06,50.50,tarjeta
1938,222,3,2025-01-08 08:03:00,58.95,tarjeta
1939,177,1,2025-01-08 08:03:50,0.00,efectivo
1940,818,1,2025-01-08 08:04:04,38.00,tarjeta
1941,480,8,2025-01-08 08:05:15,24.50,efectivo
1942,154,10,2025-01-08 08:07:31,82.45,tarjeta
1943,564,1,2025-01-08 08:14:07,44.95,efectivo
1944,513,7,2025-01-08 08:19:42,51.45,efectivo
1945,533,9,2025-01-08 08:19:43,67.95,efectivo
1946,451,6,2025-01-08 08:26:43,69.70,tarjeta
1947,451,4,2025-01-08 08:27:44,42.95,tarjeta
1948,361,1,2025-01-08 08:29:19,40.00,efectivo
1949,576,5,2025-01-08 08:34:43,38.00,efectivo
1950,391,2,2025-01-08 08:36:11,159.20,tarjeta
1951,17,9,2025-01-08 08:38:49,47.35,tarjeta
1952,537,4,2025-01-08 08:39:25,61.95,efectivo
1953,713,2,2025-01-08 08:41:49,48.95,tarjeta
1954,453,1,2025-01-08 08:47:15,108.90,efectivo
1955,520,4,2025-01-08 08:52:53,51.45,efectivo
1956,899,1,2025-01-08 08:53:55,42.95,efectivo
1957,430,3,2025-01-08 08:56:18,131.85,tarjeta
1958,288,4,2025-01-08 08:59:54,53.00,efectivo
1959,563,10,2025-01-08 09:00:12,35.45,tarjeta
1960,207,4,2025-01-08 09:02:20,48.45,efectivo
1961,426,7,2025-01-08 09:06:36,176.15,tarjeta
1962,799,5,2025-01-08 09:13:12,12.00,tarjeta
1963,682,4,2025-01-08 09:16:58,102.65,efectivo
1964,757,5,2025-01-08 09:17:00,99.95,tarjeta
1965,848,6,2025-01-08 09:20:42,145.85,tarjeta
1966,588,7,2025-01-08 09:23:35,37.90,efectivo
1967,162,8,2025-01-08 09:27:38,135.85,tarjeta
1968,728,9,2025-01-08 09:28:02,22.00,tarjeta
1969,689,6,2025-01-08 09:30:05,31.00,efectivo
1970,10,4,2025-01-08 09:30:29,41.95,tarjeta
1971,999,7,2025-01-08 09:35:49,68.40,efectivo
1972,883,3,2025-01-08 09:37:35,110.85,efectivo
1973,437,2,2025-01-08 09:42:51,63.45,tarjeta
1974,725,8,2025-01-08 09:47:40,93.90,efectivo
1975,315,4,2025-01-08 09:49:30,41.00,efectivo
1976,972,8,2025-01-08 09:53:06,0.00,tarjeta
1977,186,4,2025-01-08 10:00:27,69.25,tarjeta
1978,402,5,2025-01-08 10:15:04,63.95,efectivo
1979,948,6,2025-01-08 10:19:11,50.00,tarjeta
1980,242,2,2025-01-08 10:20:23,32.00,efectivo
1981,83,3,2025-01-08 10:27:10,152.80,efectivo
1982,969,2,2025-01-08 10:34:44,51.45,tarjeta
1983,195,9,2025-01-08 10:37:40,10.95,efectivo
1984,344,2,2025-01-08 10:38:09,24.50,tarjeta
1985,399,7,2025-01-08 10:42:42,10.00,efectivo
1986,398,9,2025-01-08 10:42:48,179.30,efectivo
1987,706,10,2025-01-08 10:46:15,10.00,tarjeta
1988,469,8,2025-01-08 10:49:31,57.95,tarjeta
1989,148,10,2025-01-08 10:51:14,35.00,efectivo
1990,835,6,2025-01-08 10:52:57,134.85,tarjeta
1991,959,9,2025-01-08 10:56:15,99.90,tarjeta
1992,43,10,2025-01-08 11:03:15,66.00,efectivo
1993,909,10,2025-01-08 11:04:21,79.50,tarjeta
1994,936,4,2025-01-08 11:08:54,74.85,efectivo
1995,72,3,2025-01-08 11:12:07,12.00,efectivo
1996,492,8,2025-01-08 11:13:11,35.95,efectivo
1997,410,6,2025-01-08 11:13:52,40.50,tarjeta
1998,580,2,2025-01-08 11:17:08,26.00,tarjeta
1999,875,10,2025-01-08 11:22:02,99.40,efectivo
2000,490,1,2025-01-08 11:22:24,99.40,efectivo
2001,968,1,2025-01-08 11:25:27,10.00,tarjeta
2002,267,9,2025-01-08 11:27:02,53.45,efectivo
2003,698,2,2025-01-08 11:30:58,69.95,tarjeta
2004,868,8,2025-01-08 11:32:34,85.50,efectivo
2005,676,3,2025-01-08 11:33:42,108.95,efectivo
2006,273,2,2025-01-08 11:36:55,111.45,efectivo
2007,999,5,2025-01-08 11:37:46,103.40,tarjeta
2008,576,4,2025-01-08 11:38:08,26.00,tarjeta
2009,141,8,2025-01-08 11:53:14,75.95,efectivo
2010,349,9,2025-01-08 11:54:26,44.00,efectivo
2011,451,9,2025-01-08 11:56:39,48.90,efectivo
2012,404,8,2025-01-08 11:57:45,109.95,tarjeta
2013,472,7,2025-01-08 12:03:09,52.50,tarjeta
2014,154,2,2025-01-08 12:03:49,99.90,tarjeta
2015,429,5,2025-01-08 12:07:11,89.95,tarjeta
2016,163,3,2025-01-08 12:09:00,30.35,tarjeta
2017,531,2,2025-01-08 12:12:12,50.50,efectivo
2018,826,3,2025-01-08 12:17:26,76.95,efectivo
2019,651,10,2025-01-08 12:22:20,87.45,efectivo
2020,14,3,2025-01-08 12:23:09,26.00,efectivo
2021,467,8,2025-01-08 12:26:44,47.50,tarjeta
2022,299,10,2025-01-08 12:33:11,18.00,tarjeta
2023,514,9,2025-01-08 12:37:19,88.00,tarjeta
2024,24,1,2025-01-08 12:38:09,53.95,tarjeta
2025,226,9,2025-01-08 12:38:54,28.00,efectivo
2026,936,2,2025-01-08 12:43:56,40.50,efectivo
2027,990,3,2025-01-08 12:44:41,53.95,efectivo
2028,553,8,2025-01-08 12:45:22,233.70,efectivo
2029,115,10,2025-01-08 12:46:44,52.50,efectivo
2030,960,6,2025-01-08 12:49:46,68.40,tarjeta
2031,617,7,2025-01-08 12:58:28,122.20,tarjeta
2032,621,8,2025-01-08 13:02:09,47.40,efectivo
2033,411,6,2025-01-08 13:03:40,61.95,tarjeta
2034,53,4,2025-01-08 13:04:28,64.50,tarjeta
2035,870,2,2025-01-08 13:07:53,74.85,efectivo
2036,813,2,2025-01-08 13:09:50,35.00,tarjeta
2037,382,1,2025-01-08 13:11:52,88.95,efectivo
2038,151,1,2025-01-08 13:12:49,158.85,efectivo
2039,501,5,2025-01-08 13:14:01,191.50,tarjeta
2040,766,1,2025-01-08 13:14:10,22.00,efectivo
2041,721,6,2025-01-08 13:19:54,99.50,efectivo
2042,192,2,2025-01-08 13:36:46,97.95,efectivo
2043,970,9,2025-01-08 13:50:08,36.50,efectivo
2044,620,8,2025-01-08 13:56:25,50.50,tarjeta
2045,211,4,2025-01-08 14:01:14,61.00,tarjeta
2046,883,4,2025-01-08 14:04:30,102.00,efectivo
2047,550,8,2025-01-08 14:11:27,108.90,tarjeta
2048,154,6,2025-01-08 14:13:19,49.50,efectivo
2049,637,7,2025-01-08 14:15:44,66.50,tarjeta
2050,467,3,2025-01-08 14:22:42,36.00,tarjeta
2051,813,4,2025-01-08 14:35:08,64.90,tarjeta
2052,788,4,2025-01-08 14:37:54,91.95,tarjeta
2053,965,6,2025-01-08 14:42:42,53.40,efectivo
2054,547,6,2025-01-08 14:50:00,99.45,efectivo
2055,638,1,2025-01-08 14:51:28,65.45,tarjeta
2056,203,6,2025-01-08 14:51:31,61.95,efectivo
2057,726,6,2025-01-08 14:53:23,121.35,efectivo
2058,239,10,2025-01-08 14:53:48,133.90,efectivo
2059,71,2,2025-01-08 14:54:11,96.50,tarjeta
2060,75,9,2025-01-08 14:58:48,128.00,efectivo
2061,529,5,2025-01-08 14:58:58,68.00,efectivo
2062,637,8,2025-01-08 14:59:32,66.00,tarjeta
2063,804,6,2025-01-08 15:00:40,18.00,tarjeta
2064,774,7,2025-01-08 15:06:52,106.85,tarjeta
2065,735,4,2025-01-08 15:07:09,64.50,tarjeta
2066,259,6,2025-01-08 15:15:43,121.50,tarjeta
2067,281,10,2025-01-08 15:16:23,43.00,tarjeta
2068,790,1,2025-01-08 15:21:04,106.45,efectivo
2069,228,7,2025-01-08 15:27:56,123.95,efectivo
2070,835,5,2025-01-08 15:34:19,199.30,efectivo
2071,709,1,2025-01-08 15:44:17,53.95,tarjeta
2072,624,8,2025-01-08 15:44:46,96.95,tarjeta
2073,390,8,2025-01-08 15:44:50,106.00,tarjeta
2074,316,4,2025-01-08 15:50:00,18.00,efectivo
2075,88,7,2025-01-08 15:52:12,35.90,tarjeta
2076,50,9,2025-01-08 15:53:03,47.80,efectivo
2077,607,9,2025-01-08 16:00:02,61.30,efectivo
2078,933,4,2025-01-08 16:08:03,127.80,efectivo
2079,590,8,2025-01-08 16:09:46,82.50,tarjeta
2080,379,2,2025-01-08 16:14:56,73.45,efectivo
2081,157,7,2025-01-08 16:15:20,69.00,efectivo
2082,711,2,2025-01-08 16:15:49,102.95,efectivo
2083,110,3,2025-01-08 16:23:00,70.95,tarjeta
2084,620,1,2025-01-08 16:27:23,18.00,tarjeta
2085,44,1,2025-01-08 16:40:44,50.50,efectivo
2086,278,2,2025-01-08 16:44:25,163.80,tarjeta
2087,118,4,2025-01-08 16:45:24,59.95,efectivo
2088,443,8,2025-01-08 16:45:55,26.95,efectivo
2089,952,4,2025-01-08 16:47:23,32.00,tarjeta
2090,386,7,2025-01-08 16:50:25,191.70,efectivo
2091,373,8,2025-01-08 16:51:27,138.00,tarjeta
2092,671,9,2025-01-08 16:58:31,146.85,efectivo
2093,13,8,2025-01-08 17:00:57,141.45,efectivo
2094,916,8,2025-01-08 17:05:07,15.50,efectivo
2095,963,3,2025-01-08 17:15:17,15.50,tarjeta
2096,81,2,2025-01-08 17:18:30,32.50,tarjeta
2097,201,5,2025-01-08 17:18:31,73.90,efectivo
2098,471,6,2025-01-08 17:18:55,51.25,tarjeta
2099,385,5,2025-01-08 17:21:14,86.50,efectivo
2100,465,4,2025-01-08 17:28:21,44.90,tarjeta
2101,709,3,2025-01-08 17:29:41,67.95,efectivo
2102,988,2,2025-01-08 17:33:50,133.45,efectivo
2103,471,4,2025-01-08 17:35:29,191.90,tarjeta
2104,894,8,2025-01-08 17:39:53,38.90,tarjeta
2105,67,1,2025-01-08 17:50:49,90.95,efectivo
2106,926,2,2025-01-08 17:51:08,232.85,efectivo
2107,228,8,2025-01-08 17:54:13,58.90,tarjeta
2108,390,5,2025-01-08 17:59:21,89.95,tarjeta
2109,960,5,2025-01-08 18:16:22,42.45,efectivo
2110,524,7,2025-01-08 18:26:24,143.35,tarjeta
2111,17,9,2025-01-08 18:38:15,67.00,tarjeta
2112,942,4,2025-01-08 18:38:23,23.30,efectivo
2113,704,6,2025-01-08 18:53:20,84.85,tarjeta
2114,287,7,2025-01-08 19:00:30,111.90,tarjeta
2115,323,7,2025-01-08 19:05:56,97.90,efectivo
2116,538,4,2025-01-08 19:09:39,60.00,efectivo
2117,908,2,2025-01-08 19:16:43,38.90,tarjeta
2118,430,1,2025-01-08 19:18:09,16.50,tarjeta
2119,871,10,2025-01-08 19:34:33,87.95,tarjeta
2120,304,10,2025-01-08 19:37:17,90.50,tarjeta
2121,634,9,2025-01-08 19:41:08,99.90,efectivo
2122,616,10,2025-01-08 19:41:52,50.00,tarjeta
2123,790,10,2025-01-08 19:41:53,29.50,tarjeta
2124,821,3,2025-01-08 19:43:22,56.90,tarjeta
2125,111,9,2025-01-08 19:50:34,55.50,efectivo
2126,884,10,2025-01-08 20:01:05,64.50,tarjeta
2127,576,8,2025-01-08 20:17:12,47.50,efectivo
2128,992,5,2025-01-08 20:28:26,10.95,efectivo
2129,729,1,2025-01-08 20:36:39,40.50,efectivo
2130,576,5,2025-01-08 20:41:07,64.90,efectivo
2131,220,8,2025-01-08 20:47:26,24.35,tarjeta
2132,937,4,2025-01-08 20:58:59,179.15,efectivo
2133,37,3,2025-01-08 21:10:44,42.45,efectivo
2134,995,7,2025-01-08 21:17:19,58.50,efectivo
2135,943,4,2025-01-08 21:19:33,58.00,efectivo
2136,943,1,2025-01-08 21:29:37,86.45,efectivo
2137,273,7,2025-01-08 21:30:32,64.50,tarjeta
2138,724,6,2025-01-08 21:38:54,57.95,tarjeta
2139,244,6,2025-01-08 21:41:48,12.00,efectivo
2140,861,7,2025-01-08 21:43:04,47.50,tarjeta
2141,821,10,2025-01-08 21:45:53,115.45,efectivo
2142,824,9,2025-01-08 21:45:56,64.00,efectivo
2143,685,4,2025-01-08 21:51:24,51.50,tarjeta
2144,871,5,2025-01-08 21:52:30,90.50,efectivo
2145,20,7,2025-01-08 21:54:58,22.00,tarjeta
2146,576,1,2025-01-08 21:55:13,42.95,tarjeta
2147,496,8,2025-01-08 22:01:01,35.95,tarjeta
2148,30,3,2025-01-08 22:01:15,55.50,tarjeta
2149,353,9,2025-01-08 22:04:49,64.50,tarjeta
2150,907,4,2025-01-08 22:10:01,53.00,tarjeta
2151,507,1,2025-01-08 22:11:00,93.15,tarjeta
2152,591,6,2025-01-08 22:17:09,46.85,efectivo
2153,451,7,2025-01-08 22:18:21,78.80,tarjeta
2154,737,9,2025-01-08 22:18:26,53.00,tarjeta
2155,558,1,2025-01-08 22:20:38,30.00,tarjeta
2156,385,2,2025-01-08 22:32:10,83.85,tarjeta
2157,705,6,2025-01-08 22:34:29,32.00,tarjeta
2158,430,6,2025-01-08 22:38:57,64.00,efectivo
2159,577,6,2025-01-08 22:40:35,82.90,efectivo
2160,410,5,2025-01-08 22:50:03,61.40,efectivo
2161,973,1,2025-01-08 22:55:45,85.00,efectivo
2162,349,4,2025-01-08 22:56:32,89.00,tarjeta
2163,736,6,2025-01-08 22:58:14,42.45,efectivo
2164,705,5,2025-01-09 06:05:43,79.45,efectivo
2165,344,4,2025-01-09 06:09:43,31.00,tarjeta
2166,317,4,2025-01-09 06:11:20,50.95,efectivo
2167,548,6,2025-01-09 06:13:08,82.90,efectivo
2168,822,4,2025-01-09 06:15:54,156.70,efectivo
2169,937,6,2025-01-09 06:20:13,113.95,efectivo
2170,836,5,2025-01-09 06:20:22,19.95,tarjeta
2171,428,10,2025-01-09 06:25:46,12.00,tarjeta
2172,260,10,2025-01-09 06:26:38,32.00,efectivo
2173,335,1,2025-01-09 06:28:18,66.45,tarjeta
2174,120,3,2025-01-09 06:30:19,57.45,tarjeta
2175,505,2,2025-01-09 06:31:04,35.45,tarjeta
2176,740,9,2025-01-09 06:31:18,51.45,tarjeta
2177,494,5,2025-01-09 06:32:53,55.50,tarjeta
2178,511,3,2025-01-09 06:38:10,42.50,efectivo
2179,76,2,2025-01-09 06:43:13,119.85,efectivo
2180,11,6,2025-01-09 06:47:31,95.90,tarjeta
2181,879,6,2025-01-09 06:51:08,177.80,efectivo
2182,402,3,2025-01-09 06:51:42,35.45,tarjeta
2183,148,4,2025-01-09 06:53:37,41.00,efectivo
2184,140,7,2025-01-09 06:56:01,72.50,efectivo
2185,890,5,2025-01-09 06:57:20,67.40,tarjeta
2186,979,3,2025-01-09 06:57:52,12.00,efectivo
2187,9,4,2025-01-09 07:01:32,36.95,efectivo
2188,921,4,2025-01-09 07:03:27,33.45,tarjeta
2189,437,3,2025-01-09 07:09:00,10.00,efectivo
2190,789,3,2025-01-09 07:12:18,48.95,tarjeta
2191,78,7,2025-01-09 07:17:49,43.45,efectivo
2192,260,6,2025-01-09 07:18:43,47.00,efectivo
2193,381,4,2025-01-09 07:23:02,134.30,efectivo
2194,757,5,2025-01-09 07:26:01,105.50,tarjeta
2195,702,1,2025-01-09 07:28:51,24.50,efectivo
2196,314,6,2025-01-09 07:30:18,77.50,efectivo
2197,167,1,2025-01-09 07:36:24,50.00,efectivo
2198,995,7,2025-01-09 07:40:24,118.45,efectivo
2199,949,6,2025-01-09 07:40:25,70.95,efectivo
2200,189,3,2025-01-09 07:40:59,89.00,tarjeta
2201,976,10,2025-01-09 07:41:03,26.95,efectivo
2202,295,3,2025-01-09 07:44:26,32.95,tarjeta
2203,676,2,2025-01-09 07:51:35,84.00,tarjeta
2204,622,7,2025-01-09 07:57:11,42.50,tarjeta
2205,93,9,2025-01-09 07:57:48,24.50,tarjeta
2206,520,3,2025-01-09 08:01:20,49.00,efectivo
2207,293,5,2025-01-09 08:06:47,10.00,efectivo
2208,344,6,2025-01-09 08:11:43,62.00,tarjeta
2209,507,7,2025-01-09 08:18:06,42.00,efectivo
2210,586,2,2025-01-09 08:22:10,10.95,tarjeta
2211,267,8,2025-01-09 08:23:57,61.35,efectivo
2212,373,8,2025-01-09 08:26:22,110.50,tarjeta
2213,882,10,2025-01-09 08:27:59,50.90,efectivo
2214,418,10,2025-01-09 08:28:54,45.85,efectivo
2215,123,7,2025-01-09 08:32:41,77.95,tarjeta
2216,221,10,2025-01-09 08:34:28,67.00,tarjeta
2217,293,7,2025-01-09 08:36:57,24.50,tarjeta
2218,591,4,2025-01-09 08:37:47,42.50,tarjeta
2219,579,5,2025-01-09 08:40:56,63.45,tarjeta
2220,567,2,2025-01-09 08:41:52,26.95,efectivo
2221,12,6,2025-01-09 08:42:46,46.50,efectivo
2222,328,6,2025-01-09 08:44:48,158.00,efectivo
2223,771,5,2025-01-09 08:45:17,50.95,efectivo
2224,746,9,2025-01-09 08:56:05,22.00,efectivo
2225,725,4,2025-01-09 08:56:55,26.95,tarjeta
2226,228,9,2025-01-09 09:00:08,90.90,efectivo
2227,606,6,2025-01-09 09:00:42,58.50,efectivo
2228,797,6,2025-01-09 09:06:53,86.00,efectivo
2229,544,8,2025-01-09 09:08:32,93.40,tarjeta
2230,586,1,2025-01-09 09:12:56,12.00,efectivo
2231,405,6,2025-01-09 09:21:42,22.00,efectivo
2232,813,10,2025-01-09 09:23:59,81.90,efectivo
2233,207,4,2025-01-09 09:30:57,57.95,efectivo
2234,814,4,2025-01-09 09:32:50,28.50,tarjeta
2235,233,3,2025-01-09 09:36:57,111.95,efectivo
2236,389,2,2025-01-09 09:42:08,156.00,efectivo
2237,370,10,2025-01-09 09:42:11,26.00,efectivo
2238,251,2,2025-01-09 09:43:03,93.95,tarjeta
2239,370,6,2025-01-09 09:43:12,31.00,tarjeta
2240,886,1,2025-01-09 09:43:30,26.95,tarjeta
2241,190,8,2025-01-09 09:44:11,18.00,efectivo
2242,38,6,2025-01-09 09:47:09,31.00,tarjeta
2243,976,10,2025-01-09 09:58:20,28.50,efectivo
2244,281,7,2025-01-09 09:58:55,58.50,efectivo
2245,670,5,2025-01-09 09:59:52,32.00,tarjeta
2246,677,9,2025-01-09 10:01:02,15.50,tarjeta
2247,843,2,2025-01-09 10:02:58,26.95,tarjeta
2248,699,9,2025-01-09 10:13:15,28.50,tarjeta
2249,971,1,2025-01-09 10:16:42,35.00,efectivo
2250,37,9,2025-01-09 10:17:07,56.90,tarjeta
2251,207,9,2025-01-09 10:28:42,30.00,efectivo
2252,370,5,2025-01-09 10:31:15,53.00,efectivo
2253,448,4,2025-01-09 10:34:33,51.45,tarjeta
2254,93,8,2025-01-09 10:37:40,57.95,tarjeta
2255,967,3,2025-01-09 10:38:28,31.95,tarjeta
2256,915,5,2025-01-09 10:40:05,31.00,efectivo
2257,882,6,2025-01-09 10:42:19,70.50,efectivo
2258,548,9,2025-01-09 10:42:25,58.95,tarjeta
2259,708,5,2025-01-09 10:43:03,84.00,efectivo
2260,421,3,2025-01-09 10:45:45,49.85,tarjeta
2261,672,6,2025-01-09 10:46:35,97.80,tarjeta
2262,917,1,2025-01-09 10:47:27,31.00,tarjeta
2263,321,2,2025-01-09 10:52:20,36.95,efectivo
2264,872,10,2025-01-09 10:52:40,40.00,tarjeta
2265,868,6,2025-01-09 11:01:10,101.00,efectivo
2266,784,7,2025-01-09 11:08:51,53.00,efectivo
2267,810,4,2025-01-09 11:13:40,107.35,efectivo
2268,648,10,2025-01-09 11:29:44,35.00,efectivo
2269,72,7,2025-01-09 11:33:10,96.40,tarjeta
2270,86,10,2025-01-09 11:34:47,90.00,efectivo
2271,31,7,2025-01-09 11:39:21,160.85,tarjeta
2272,868,1,2025-01-09 11:45:14,54.00,tarjeta
2273,696,7,2025-01-09 11:45:31,28.50,tarjeta
2274,742,4,2025-01-09 11:53:18,69.95,tarjeta
2275,190,5,2025-01-09 11:53:19,63.50,efectivo
2276,225,5,2025-01-09 11:58:13,48.35,tarjeta
2277,846,7,2025-01-09 11:58:23,179.65,efectivo
2278,385,10,2025-01-09 12:03:20,92.00,efectivo
2279,580,1,2025-01-09 12:13:38,93.50,efectivo
2280,209,5,2025-01-09 12:18:26,139.45,tarjeta
2281,255,7,2025-01-09 12:20:46,70.00,tarjeta
2282,576,9,2025-01-09 12:30:03,104.50,efectivo
2283,846,2,2025-01-09 12:32:35,91.95,efectivo
2284,31,3,2025-01-09 12:36:05,173.40,tarjeta
2285,877,9,2025-01-09 12:36:32,22.50,tarjeta
2286,907,10,2025-01-09 12:39:41,36.00,tarjeta
2287,397,6,2025-01-09 12:42:18,104.90,tarjeta
2288,160,7,2025-01-09 12:42:42,36.95,tarjeta
2289,444,2,2025-01-09 12:48:30,41.85,efectivo
2290,848,2,2025-01-09 12:49:14,48.90,tarjeta
2291,686,7,2025-01-09 12:56:54,35.90,tarjeta
2292,618,5,2025-01-09 13:06:18,72.95,efectivo
2293,124,5,2025-01-09 13:07:30,24.50,efectivo
2294,797,2,2025-01-09 13:10:09,164.35,efectivo
2295,193,3,2025-01-09 13:17:52,83.90,tarjeta
2296,81,9,2025-01-09 13:19:08,124.00,tarjeta
2297,188,4,2025-01-09 13:21:29,35.95,efectivo
2298,997,10,2025-01-09 13:24:32,63.00,tarjeta
2299,839,6,2025-01-09 13:27:11,64.50,efectivo
2300,506,4,2025-01-09 13:27:58,44.45,tarjeta
2301,209,8,2025-01-09 13:30:32,38.90,tarjeta
2302,805,3,2025-01-09 13:37:39,79.95,tarjeta
2303,256,9,2025-01-09 13:40:43,132.85,efectivo
2304,877,10,2025-01-09 13:48:24,22.50,efectivo
2305,952,1,2025-01-09 13:49:02,76.50,efectivo
2306,471,8,2025-01-09 13:52:52,40.45,efectivo
2307,610,6,2025-01-09 13:53:31,130.40,efectivo
2308,142,8,2025-01-09 13:58:23,0.00,efectivo
2309,434,1,2025-01-09 14:04:26,107.90,tarjeta
2310,52,2,2025-01-09 14:12:23,35.95,tarjeta
2311,480,8,2025-01-09 14:12:23,58.00,efectivo
2312,676,5,2025-01-09 14:15:40,18.00,tarjeta
2313,602,4,2025-01-09 14:18:52,55.50,tarjeta
2314,543,10,2025-01-09 14:19:59,38.90,efectivo
2315,30,3,2025-01-09 14:20:50,64.50,tarjeta
2316,328,10,2025-01-09 14:24:30,82.40,efectivo
2317,952,9,2025-01-09 14:28:49,28.50,efectivo
2318,471,9,2025-01-09 14:29:02,151.85,tarjeta
2319,998,9,2025-01-09 14:30:03,64.50,efectivo
2320,110,3,2025-01-09 14:34:27,65.45,efectivo
2321,518,5,2025-01-09 14:38:11,49.45,tarjeta
2322,431,10,2025-01-09 14:44:31,69.00,tarjeta
2323,997,8,2025-01-09 14:47:50,107.45,tarjeta
2324,299,6,2025-01-09 14:55:21,65.85,tarjeta
2325,743,1,2025-01-09 14:57:18,51.00,tarjeta
2326,498,3,2025-01-09 14:58:05,67.00,tarjeta
2327,193,3,2025-01-09 15:05:16,213.75,tarjeta
2328,952,8,2025-01-09 15:05:31,36.00,efectivo
2329,278,8,2025-01-09 15:06:24,106.90,efectivo
2330,511,4,2025-01-09 15:10:40,61.00,efectivo
2331,208,5,2025-01-09 15:12:42,142.90,efectivo
2332,174,7,2025-01-09 15:13:24,8.00,tarjeta
2333,870,6,2025-01-09 15:16:45,67.85,tarjeta
2334,995,2,2025-01-09 15:18:41,94.90,efectivo
2335,848,9,2025-01-09 15:21:21,40.50,efectivo
2336,155,10,2025-01-09 15:21:24,42.95,efectivo
2337,849,4,2025-01-09 15:21:48,101.90,efectivo
2338,996,10,2025-01-09 15:22:43,77.00,tarjeta
2339,653,4,2025-01-09 15:24:54,74.35,tarjeta
2340,434,2,2025-01-09 15:27:47,79.00,tarjeta
2341,556,4,2025-01-09 15:30:55,116.95,tarjeta
2342,357,2,2025-01-09 15:32:04,54.50,efectivo
2343,113,7,2025-01-09 15:34:48,135.55,tarjeta
2344,348,6,2025-01-09 15:38:16,94.35,tarjeta
2345,291,7,2025-01-09 15:44:58,22.00,tarjeta
2346,66,9,2025-01-09 15:50:49,255.90,tarjeta
2347,201,10,2025-01-09 15:51:45,69.35,efectivo
2348,414,7,2025-01-09 16:06:46,82.00,efectivo
2349,410,4,2025-01-09 16:11:43,28.50,efectivo
2350,453,10,2025-01-09 16:12:31,149.70,tarjeta
2351,79,3,2025-01-09 16:13:49,77.00,tarjeta
2352,507,7,2025-01-09 16:15:43,54.50,efectivo
2353,925,7,2025-01-09 16:15:45,103.40,tarjeta
2354,573,4,2025-01-09 16:18:06,194.50,efectivo
2355,788,1,2025-01-09 16:18:48,59.95,tarjeta
2356,278,6,2025-01-09 16:20:20,40.95,efectivo
2357,51,9,2025-01-09 16:23:34,77.50,efectivo
2358,171,4,2025-01-09 16:36:10,43.45,tarjeta
2359,718,8,2025-01-09 16:36:15,45.00,efectivo
2360,738,8,2025-01-09 16:44:02,105.95,efectivo
2361,151,8,2025-01-09 16:45:39,120.50,efectivo
2362,180,10,2025-01-09 16:45:53,43.00,efectivo
2363,332,10,2025-01-09 17:02:12,98.75,efectivo
2364,291,7,2025-01-09 17:02:22,35.00,tarjeta
2365,970,5,2025-01-09 17:09:15,174.70,efectivo
2366,55,1,2025-01-09 17:10:37,199.35,efectivo
2367,757,7,2025-01-09 17:12:25,76.00,efectivo
2368,733,7,2025-01-09 17:16:16,90.00,tarjeta
2369,863,1,2025-01-09 17:20:03,38.90,efectivo
2370,698,7,2025-01-09 17:22:53,116.85,efectivo
2371,651,1,2025-01-09 17:29:36,74.95,efectivo
2372,476,5,2025-01-09 17:30:31,113.50,tarjeta
2373,880,4,2025-01-09 17:32:50,10.95,tarjeta
2374,332,4,2025-01-09 17:45:23,136.35,tarjeta
2375,73,3,2025-01-09 17:46:13,64.50,efectivo
2376,759,1,2025-01-09 17:57:36,77.50,efectivo
2377,851,6,2025-01-09 17:59:03,114.00,tarjeta
2378,455,6,2025-01-09 18:00:14,20.95,efectivo
2379,30,5,2025-01-09 18:01:27,47.50,efectivo
2380,117,6,2025-01-09 18:17:40,73.50,tarjeta
2381,576,4,2025-01-09 18:19:24,35.00,efectivo
2382,907,10,2025-01-09 18:19:42,139.40,tarjeta
2383,546,6,2025-01-09 18:26:03,35.95,tarjeta
2384,676,9,2025-01-09 18:30:24,75.40,efectivo
2385,348,4,2025-01-09 18:31:44,150.20,efectivo
2386,234,1,2025-01-09 18:31:47,127.45,tarjeta
2387,543,5,2025-01-09 18:40:30,64.90,tarjeta
2388,528,1,2025-01-09 18:40:34,110.85,tarjeta
2389,610,2,2025-01-09 18:45:03,38.90,efectivo
2390,86,10,2025-01-09 18:54:59,57.50,tarjeta
2391,480,9,2025-01-09 18:55:52,81.50,tarjeta
2392,735,8,2025-01-09 19:01:33,62.90,tarjeta
2393,478,6,2025-01-09 19:06:36,10.00,tarjeta
2394,709,8,2025-01-09 19:07:23,35.00,tarjeta
2395,438,9,2025-01-09 19:09:50,69.95,tarjeta
2396,700,4,2025-01-09 19:31:38,88.90,tarjeta
2397,418,4,2025-01-09 19:35:56,91.95,tarjeta
2398,887,8,2025-01-09 19:42:26,74.85,tarjeta
2399,620,2,2025-01-09 19:50:41,89.50,efectivo
2400,388,9,2025-01-09 20:01:31,128.95,tarjeta
2401,855,5,2025-01-09 20:01:45,91.85,efectivo
2402,931,4,2025-01-09 20:02:33,71.00,tarjeta
2403,242,3,2025-01-09 20:10:14,26.95,tarjeta
2404,936,10,2025-01-09 20:18:59,35.00,tarjeta
2405,554,9,2025-01-09 20:20:46,15.00,efectivo
2406,645,3,2025-01-09 20:33:13,35.00,tarjeta
2407,826,1,2025-01-09 20:34:39,95.50,tarjeta
2408,809,10,2025-01-09 20:35:25,206.20,tarjeta
2409,754,1,2025-01-09 20:37:57,54.45,efectivo
2410,364,1,2025-01-09 20:49:27,18.00,tarjeta
2411,56,7,2025-01-09 20:50:28,10.95,tarjeta
2412,158,3,2025-01-09 20:57:37,99.80,tarjeta
2413,576,8,2025-01-09 21:06:42,34.00,tarjeta
2414,426,7,2025-01-09 21:08:54,75.95,tarjeta
2415,50,7,2025-01-09 21:40:55,69.00,tarjeta
2416,685,4,2025-01-09 21:45:19,61.00,tarjeta
2417,43,10,2025-01-09 21:46:40,16.50,tarjeta
2418,539,2,2025-01-09 21:52:11,122.45,efectivo
2419,357,4,2025-01-09 21:55:58,71.00,efectivo
2420,996,2,2025-01-09 22:08:13,38.90,efectivo
2421,676,5,2025-01-09 22:10:18,53.00,efectivo
2422,623,1,2025-01-09 22:12:17,55.50,tarjeta
2423,704,10,2025-01-09 22:21:34,10.95,tarjeta
2424,215,2,2025-01-09 22:22:38,60.45,tarjeta
2425,561,4,2025-01-09 22:27:11,178.75,efectivo
2426,619,1,2025-01-09 22:31:29,53.95,efectivo
2427,566,4,2025-01-09 22:33:47,65.45,efectivo
2428,291,7,2025-01-09 22:47:05,75.85,tarjeta
2429,884,1,2025-01-09 22:47:59,38.90,tarjeta
2430,737,2,2025-01-09 22:49:08,74.85,tarjeta
2431,92,9,2025-01-09 22:49:32,26.00,efectivo
2432,75,2,2025-01-09 22:52:05,60.50,efectivo
2433,998,3,2025-01-09 22:52:17,94.85,tarjeta
2434,381,6,2025-01-09 22:54:09,50.90,tarjeta
2435,161,4,2025-01-10 06:02:18,104.95,efectivo
2436,160,1,2025-01-10 06:07:00,10.95,efectivo
2437,437,5,2025-01-10 06:16:04,26.00,tarjeta
2438,3,2,2025-01-10 06:17:25,138.30,efectivo
2439,469,2,2025-01-10 06:17:29,31.00,efectivo
2440,586,8,2025-01-10 06:18:55,12.00,tarjeta
2441,763,9,2025-01-10 06:21:32,48.95,tarjeta
2442,682,5,2025-01-10 06:21:46,131.75,tarjeta
2443,523,7,2025-01-10 06:24:59,57.95,tarjeta
2444,223,8,2025-01-10 06:28:20,34.50,efectivo
2445,66,8,2025-01-10 06:30:19,96.70,tarjeta
2446,331,8,2025-01-10 06:30:48,188.65,tarjeta
2447,851,10,2025-01-10 06:31:07,8.00,efectivo
2448,854,5,2025-01-10 06:32:56,10.95,tarjeta
2449,130,2,2025-01-10 06:38:58,112.45,efectivo
2450,74,9,2025-01-10 06:44:19,10.95,efectivo
2451,586,6,2025-01-10 06:46:15,26.95,tarjeta
2452,706,10,2025-01-10 06:49:35,48.95,tarjeta
2453,799,5,2025-01-10 06:53:17,60.95,efectivo
2454,920,8,2025-01-10 07:07:27,46.50,tarjeta
2455,317,1,2025-01-10 07:12:39,43.00,efectivo
2456,516,7,2025-01-10 07:19:24,10.00,efectivo
2457,206,7,2025-01-10 07:20:51,66.00,efectivo
2458,643,2,2025-01-10 07:22:24,26.95,efectivo
2459,732,2,2025-01-10 07:23:50,26.95,tarjeta
2460,481,3,2025-01-10 07:29:47,41.95,efectivo
2461,777,8,2025-01-10 07:36:37,18.00,efectivo
2462,689,6,2025-01-10 07:45:48,77.45,efectivo
2463,76,7,2025-01-10 07:47:44,260.85,tarjeta
2464,766,8,2025-01-10 07:48:54,34.50,efectivo
2465,563,3,2025-01-10 07:50:07,32.95,tarjeta
2466,168,6,2025-01-10 07:50:37,130.65,tarjeta
2467,378,7,2025-01-10 07:51:29,123.45,tarjeta
2468,124,9,2025-01-10 07:55:30,34.50,tarjeta
2469,755,4,2025-01-10 07:57:45,20.95,tarjeta
2470,767,9,2025-01-10 08:01:25,26.95,efectivo
2471,850,1,2025-01-10 08:07:16,31.00,tarjeta
2472,120,4,2025-01-10 08:08:28,53.00,efectivo
2473,167,7,2025-01-10 08:09:39,233.80,tarjeta
2474,76,2,2025-01-10 08:12:29,113.65,efectivo
2475,513,3,2025-01-10 08:12:58,10.95,tarjeta
2476,392,1,2025-01-10 08:17:15,68.50,tarjeta
2477,787,2,2025-01-10 08:19:06,53.00,efectivo
2478,209,3,2025-01-10 08:22:55,189.65,tarjeta
2479,763,3,2025-01-10 08:23:29,50.90,efectivo
2480,885,4,2025-01-10 08:25:05,15.50,efectivo
2481,728,9,2025-01-10 08:29:02,48.95,efectivo
2482,664,5,2025-01-10 08:29:20,53.95,efectivo
2483,603,7,2025-01-10 08:31:24,82.50,tarjeta
2484,823,5,2025-01-10 08:40:38,77.80,efectivo
2485,810,9,2025-01-10 08:40:47,35.95,tarjeta
2486,945,7,2025-01-10 08:43:31,104.00,efectivo
2487,223,2,2025-01-10 08:44:26,157.45,efectivo
2488,232,8,2025-01-10 08:46:13,8.00,tarjeta
2489,383,3,2025-01-10 08:46:50,15.50,efectivo
2490,98,4,2025-01-10 08:47:26,10.95,efectivo
2491,183,5,2025-01-10 08:50:19,47.50,tarjeta
2492,172,10,2025-01-10 08:54:27,48.95,efectivo
2493,524,10,2025-01-10 08:55:47,34.50,efectivo
2494,680,10,2025-01-10 08:57:19,31.00,efectivo
2495,574,9,2025-01-10 09:01:18,12.35,tarjeta
2496,207,2,2025-01-10 09:01:48,26.95,tarjeta
2497,301,4,2025-01-10 09:03:07,22.50,tarjeta
2498,605,7,2025-01-10 09:07:44,77.90,efectivo
2499,638,1,2025-01-10 09:10:28,96.35,efectivo
2500,524,2,2025-01-10 09:17:44,85.90,efectivo
2501,584,2,2025-01-10 09:20:33,24.50,tarjeta
2502,806,1,2025-01-10 09:21:35,87.95,tarjeta
2503,523,3,2025-01-10 09:25:15,89.95,efectivo
2504,617,4,2025-01-10 09:27:13,98.85,efectivo
2505,361,4,2025-01-10 09:30:23,67.50,efectivo
2506,872,10,2025-01-10 09:37:13,15.50,efectivo
2507,423,1,2025-01-10 09:37:28,22.00,tarjeta
2508,944,1,2025-01-10 09:38:54,31.00,tarjeta
2509,485,1,2025-01-10 09:41:07,64.45,tarjeta
2510,228,8,2025-01-10 09:43:39,91.90,efectivo
2511,899,1,2025-01-10 09:46:24,59.90,tarjeta
2512,216,2,2025-01-10 09:49:37,10.95,tarjeta
2513,543,7,2025-01-10 09:49:44,58.00,tarjeta
2514,162,3,2025-01-10 09:50:24,45.95,efectivo
2515,405,10,2025-01-10 09:51:07,27.50,tarjeta
2516,662,3,2025-01-10 09:52:35,208.75,efectivo
2517,470,5,2025-01-10 09:52:49,93.45,tarjeta
2518,95,7,2025-01-10 09:54:13,12.00,efectivo
2519,370,9,2025-01-10 09:55:13,57.95,efectivo
2520,517,10,2025-01-10 09:55:15,107.50,tarjeta
2521,629,9,2025-01-10 09:57:23,24.95,efectivo
2522,321,5,2025-01-10 10:00:15,24.50,tarjeta
2523,185,7,2025-01-10 10:05:23,46.50,efectivo
2524,295,10,2025-01-10 10:05:31,38.95,efectivo
2525,714,1,2025-01-10 10:06:04,45.95,tarjeta
2526,920,9,2025-01-10 10:07:22,15.50,tarjeta
2527,157,1,2025-01-10 10:07:52,141.90,tarjeta
2528,456,1,2025-01-10 10:08:28,0.00,tarjeta
2529,988,8,2025-01-10 10:11:43,129.75,tarjeta
2530,806,5,2025-01-10 10:11:47,181.80,efectivo
2531,41,9,2025-01-10 10:12:42,32.95,efectivo
2532,809,6,2025-01-10 10:14:00,194.95,efectivo
2533,903,8,2025-01-10 10:17:51,48.50,efectivo
2534,142,6,2025-01-10 10:19:06,29.50,efectivo
2535,85,7,2025-01-10 10:22:48,22.95,tarjeta
2536,907,7,2025-01-10 10:30:43,65.95,efectivo
2537,840,8,2025-01-10 10:33:23,120.85,tarjeta
2538,428,6,2025-01-10 10:33:39,99.45,efectivo
2539,818,3,2025-01-10 10:34:00,79.95,tarjeta
2540,242,5,2025-01-10 10:36:03,22.00,efectivo
2541,288,7,2025-01-10 10:37:23,71.45,tarjeta
2542,195,1,2025-01-10 10:39:00,22.00,tarjeta
2543,361,4,2025-01-10 10:46:14,84.40,tarjeta
2544,663,5,2025-01-10 10:48:41,89.90,tarjeta
2545,755,6,2025-01-10 10:54:48,24.50,efectivo
2546,376,10,2025-01-10 10:55:49,56.45,efectivo
2547,563,1,2025-01-10 10:56:01,37.50,tarjeta
2548,597,6,2025-01-10 10:57:12,31.00,efectivo
2549,701,3,2025-01-10 11:00:09,107.90,efectivo
2550,861,9,2025-01-10 11:00:53,61.40,efectivo
2551,77,1,2025-01-10 11:01:51,100.00,tarjeta
2552,966,10,2025-01-10 11:03:58,26.45,tarjeta
2553,996,7,2025-01-10 11:07:01,90.50,efectivo
2554,162,2,2025-01-10 11:07:53,32.00,efectivo
2555,386,3,2025-01-10 11:11:32,88.95,efectivo
2556,201,1,2025-01-10 11:24:25,55.50,tarjeta
2557,949,1,2025-01-10 11:31:11,159.75,tarjeta
2558,140,9,2025-01-10 11:31:44,93.35,tarjeta
2559,279,7,2025-01-10 11:34:20,38.90,efectivo
2560,420,2,2025-01-10 11:35:44,89.40,tarjeta
2561,871,5,2025-01-10 11:37:27,33.45,tarjeta
2562,318,1,2025-01-10 11:41:35,148.80,efectivo
2563,465,2,2025-01-10 11:50:13,58.45,efectivo
2564,675,6,2025-01-10 11:51:34,163.45,efectivo
2565,674,6,2025-01-10 12:01:36,45.00,tarjeta
2566,696,6,2025-01-10 12:03:21,18.00,tarjeta
2567,20,10,2025-01-10 12:14:59,26.45,efectivo
2568,984,6,2025-01-10 12:21:42,74.85,tarjeta
2569,897,5,2025-01-10 12:25:23,121.40,tarjeta
2570,705,7,2025-01-10 12:29:07,108.50,efectivo
2571,431,7,2025-01-10 12:29:09,32.00,tarjeta
2572,345,10,2025-01-10 12:32:47,12.35,tarjeta
2573,600,3,2025-01-10 12:34:46,47.50,efectivo
2574,179,3,2025-01-10 12:41:10,153.50,efectivo
2575,973,7,2025-01-10 12:42:23,108.50,efectivo
2576,22,10,2025-01-10 12:43:20,43.00,efectivo
2577,287,9,2025-01-10 12:47:26,176.50,tarjeta
2578,11,7,2025-01-10 12:57:26,90.70,tarjeta
2579,123,6,2025-01-10 12:58:23,64.90,tarjeta
2580,37,1,2025-01-10 13:01:26,80.85,tarjeta
2581,184,10,2025-01-10 13:02:38,165.00,tarjeta
2582,956,3,2025-01-10 13:02:40,67.40,efectivo
2583,256,1,2025-01-10 13:03:31,55.95,efectivo
2584,806,7,2025-01-10 13:03:51,147.30,tarjeta
2585,251,9,2025-01-10 13:04:48,47.50,tarjeta
2586,275,7,2025-01-10 13:06:34,60.50,tarjeta
2587,113,2,2025-01-10 13:24:32,142.00,tarjeta
2588,140,5,2025-01-10 13:25:54,101.80,efectivo
2589,788,6,2025-01-10 13:28:10,48.50,efectivo
2590,701,10,2025-01-10 13:30:01,107.40,tarjeta
2591,897,3,2025-01-10 13:33:22,37.30,tarjeta
2592,838,1,2025-01-10 13:37:05,0.00,efectivo
2593,529,3,2025-01-10 13:38:25,28.50,efectivo
2594,353,2,2025-01-10 13:40:12,31.00,tarjeta
2595,524,5,2025-01-10 13:55:22,78.00,tarjeta
2596,685,2,2025-01-10 13:56:05,34.95,tarjeta
2597,14,7,2025-01-10 14:00:02,70.95,tarjeta
2598,913,1,2025-01-10 14:02:27,29.50,efectivo
2599,735,1,2025-01-10 14:05:37,35.95,tarjeta
2600,130,8,2025-01-10 14:05:49,142.40,efectivo
2601,607,8,2025-01-10 14:06:39,133.25,tarjeta
2602,573,1,2025-01-10 14:09:36,63.85,tarjeta
2603,795,2,2025-01-10 14:11:53,54.00,tarjeta
2604,318,7,2025-01-10 14:12:13,62.95,tarjeta
2605,136,7,2025-01-10 14:19:14,102.00,tarjeta
2606,391,3,2025-01-10 14:19:45,77.80,tarjeta
2607,444,5,2025-01-10 14:23:36,63.95,efectivo
2608,804,7,2025-01-10 14:44:44,116.40,efectivo
2609,131,4,2025-01-10 14:51:49,42.95,tarjeta
2610,822,2,2025-01-10 14:52:40,34.70,tarjeta
2611,546,1,2025-01-10 14:54:03,91.50,efectivo
2612,14,8,2025-01-10 14:57:39,78.45,tarjeta
2613,620,9,2025-01-10 14:57:47,35.95,tarjeta
2614,71,2,2025-01-10 15:00:57,89.90,tarjeta
2615,836,1,2025-01-10 15:14:28,190.25,efectivo
2616,832,7,2025-01-10 15:16:02,127.80,tarjeta
2617,882,10,2025-01-10 15:16:35,53.45,efectivo
2618,26,7,2025-01-10 15:19:26,10.95,tarjeta
2619,198,7,2025-01-10 15:19:53,90.50,efectivo
2620,778,8,2025-01-10 15:24:13,53.00,efectivo
2621,780,9,2025-01-10 15:32:20,95.50,tarjeta
2622,109,7,2025-01-10 15:33:13,126.50,efectivo
2623,189,7,2025-01-10 15:37:12,28.50,efectivo
2624,897,7,2025-01-10 15:38:03,102.85,efectivo
2625,414,7,2025-01-10 15:41:57,127.90,efectivo
2626,501,4,2025-01-10 15:42:42,172.40,tarjeta
2627,977,10,2025-01-10 15:47:45,53.95,efectivo
2628,797,5,2025-01-10 15:50:26,131.30,efectivo
2629,156,2,2025-01-10 15:51:51,10.95,efectivo
2630,360,3,2025-01-10 15:51:54,58.85,tarjeta
2631,442,2,2025-01-10 15:53:42,16.50,tarjeta
2632,857,7,2025-01-10 15:54:24,91.90,efectivo
2633,328,4,2025-01-10 15:55:34,116.50,tarjeta
2634,130,3,2025-01-10 15:58:35,135.85,tarjeta
2635,988,8,2025-01-10 16:05:35,228.60,efectivo
2636,898,6,2025-01-10 16:11:25,83.45,tarjeta
2637,690,5,2025-01-10 16:20:15,114.85,tarjeta
2638,410,2,2025-01-10 16:20:21,61.95,tarjeta
2639,670,2,2025-01-10 16:20:42,26.00,tarjeta
2640,841,9,2025-01-10 16:20:53,69.50,efectivo
2641,425,5,2025-01-10 16:21:15,72.45,tarjeta
2642,645,9,2025-01-10 16:21:44,80.00,efectivo
2643,931,1,2025-01-10 16:23:13,102.90,efectivo
2644,466,9,2025-01-10 16:25:36,124.30,efectivo
2645,473,8,2025-01-10 16:25:53,53.95,efectivo
2646,546,7,2025-01-10 16:28:11,162.25,efectivo
2647,193,9,2025-01-10 16:35:05,87.90,efectivo
2648,204,9,2025-01-10 16:36:55,45.00,efectivo
2649,71,1,2025-01-10 16:51:19,60.50,tarjeta
2650,253,10,2025-01-10 16:59:05,90.45,efectivo
2651,951,10,2025-01-10 16:59:39,18.00,efectivo
2652,501,10,2025-01-10 17:06:34,102.00,tarjeta
2653,499,6,2025-01-10 17:08:55,62.45,tarjeta
2654,757,4,2025-01-10 17:10:16,167.50,tarjeta
2655,211,1,2025-01-10 17:10:18,46.00,efectivo
2656,674,2,2025-01-10 17:19:48,119.00,tarjeta
2657,269,6,2025-01-10 17:23:06,20.95,efectivo
2658,855,6,2025-01-10 17:42:21,41.50,efectivo
2659,378,2,2025-01-10 17:46:20,117.95,tarjeta
2660,73,1,2025-01-10 17:47:31,75.85,efectivo
2661,888,3,2025-01-10 17:52:05,65.35,tarjeta
2662,272,5,2025-01-10 18:19:44,24.95,tarjeta
2663,420,8,2025-01-10 18:22:32,42.50,efectivo
2664,393,4,2025-01-10 18:39:11,89.50,efectivo
2665,862,7,2025-01-10 18:51:42,63.85,efectivo
2666,326,5,2025-01-10 19:10:02,54.00,tarjeta
2667,326,4,2025-01-10 19:10:42,60.90,tarjeta
2668,142,7,2025-01-10 19:12:01,52.95,tarjeta
2669,726,7,2025-01-10 19:18:17,56.35,efectivo
2670,846,3,2025-01-10 19:28:42,191.75,tarjeta
2671,310,9,2025-01-10 19:34:35,57.95,tarjeta
2672,865,1,2025-01-10 19:37:49,117.00,efectivo
2673,418,9,2025-01-10 20:07:27,72.30,tarjeta
2674,909,3,2025-01-10 20:15:40,67.50,tarjeta
2675,639,2,2025-01-10 20:20:40,18.00,tarjeta
2676,587,3,2025-01-10 20:20:43,31.95,tarjeta
2677,163,6,2025-01-10 20:38:21,93.95,efectivo
2678,824,4,2025-01-10 20:39:04,61.50,efectivo
2679,742,9,2025-01-10 20:39:42,88.95,tarjeta
2680,841,4,2025-01-10 20:40:39,169.75,tarjeta
2681,198,10,2025-01-10 20:44:52,117.50,efectivo
2682,893,5,2025-01-10 20:48:38,68.40,tarjeta
2683,236,7,2025-01-10 20:50:07,50.95,efectivo
2684,884,3,2025-01-10 20:56:14,50.00,efectivo
2685,959,3,2025-01-10 20:58:31,98.60,efectivo
2686,634,1,2025-01-10 21:08:12,92.85,efectivo
2687,861,2,2025-01-10 21:09:04,26.00,tarjeta
2688,22,7,2025-01-10 21:09:13,54.50,tarjeta
2689,421,2,2025-01-10 21:10:25,77.95,efectivo
2690,338,5,2025-01-10 21:12:32,93.00,efectivo
2691,226,1,2025-01-10 21:15:36,59.50,efectivo
2692,243,5,2025-01-10 21:16:01,142.40,tarjeta
2693,388,5,2025-01-10 21:18:16,103.80,efectivo
2694,514,2,2025-01-10 21:20:03,90.50,efectivo
2695,555,2,2025-01-10 21:23:26,91.35,tarjeta
2696,617,8,2025-01-10 21:33:18,73.35,efectivo
2697,995,2,2025-01-10 21:34:35,138.40,efectivo
2698,771,8,2025-01-10 21:37:54,156.00,efectivo
2699,892,10,2025-01-10 21:52:19,90.50,efectivo
2700,118,6,2025-01-10 21:52:44,55.50,tarjeta
2701,961,3,2025-01-10 21:53:29,148.70,efectivo
2702,833,2,2025-01-10 21:56:55,157.00,efectivo
2703,737,3,2025-01-10 21:57:45,99.35,tarjeta
2704,304,5,2025-01-10 21:58:26,48.90,tarjeta
2705,401,3,2025-01-10 22:02:28,64.50,tarjeta
2706,786,1,2025-01-10 22:19:02,42.95,tarjeta
2707,645,8,2025-01-10 22:21:06,64.50,tarjeta
2708,13,4,2025-01-10 22:26:56,147.45,tarjeta
2709,674,7,2025-01-10 22:36:56,26.00,efectivo
2710,852,2,2025-01-10 22:37:57,35.00,tarjeta
2711,940,1,2025-01-10 22:40:00,117.45,efectivo
2712,352,9,2025-01-10 22:40:13,86.45,tarjeta
2713,585,1,2025-01-10 22:51:28,18.00,efectivo
2714,219,7,2025-01-10 22:53:37,53.00,efectivo
2715,393,9,2025-01-10 22:55:51,144.40,tarjeta
2716,836,7,2025-01-10 22:55:53,52.00,efectivo
2717,323,7,2025-01-10 22:58:13,48.45,tarjeta
2718,208,3,2025-01-11 06:06:56,66.00,tarjeta
2719,944,2,2025-01-11 06:10:12,15.50,efectivo
2720,755,9,2025-01-11 06:10:25,51.45,efectivo
2721,242,3,2025-01-11 06:11:58,12.00,efectivo
2722,662,6,2025-01-11 06:17:22,57.50,tarjeta
2723,974,1,2025-01-11 06:17:47,29.50,tarjeta
2724,293,4,2025-01-11 06:18:48,73.00,efectivo
2725,975,6,2025-01-11 06:28:39,55.80,efectivo
2726,755,6,2025-01-11 06:31:13,26.00,tarjeta
2727,434,6,2025-01-11 06:36:56,203.90,efectivo
2728,89,10,2025-01-11 06:37:02,35.00,efectivo
2729,872,1,2025-01-11 06:43:40,36.50,tarjeta
2730,454,6,2025-01-11 06:45:11,142.90,tarjeta
2731,461,5,2025-01-11 06:46:05,22.00,tarjeta
2732,120,7,2025-01-11 06:47:19,48.95,efectivo
2733,893,1,2025-01-11 06:49:20,41.50,efectivo
2734,974,1,2025-01-11 06:58:48,57.95,efectivo
2735,307,4,2025-01-11 06:59:47,22.50,tarjeta
2736,18,9,2025-01-11 07:01:43,41.95,efectivo
2737,878,3,2025-01-11 07:06:36,16.50,tarjeta
2738,568,1,2025-01-11 07:08:01,57.95,tarjeta
2739,843,8,2025-01-11 07:08:52,34.00,tarjeta
2740,970,6,2025-01-11 07:15:15,124.35,tarjeta
2741,567,7,2025-01-11 07:18:31,45.00,tarjeta
2742,748,9,2025-01-11 07:20:21,46.50,tarjeta
2743,321,1,2025-01-11 07:24:06,24.50,efectivo
2744,464,4,2025-01-11 07:27:15,24.50,tarjeta
2745,657,5,2025-01-11 07:27:51,38.45,efectivo
2746,204,2,2025-01-11 07:34:38,99.90,efectivo
2747,103,4,2025-01-11 07:34:56,29.50,tarjeta
2748,689,6,2025-01-11 07:36:24,58.50,efectivo
2749,222,3,2025-01-11 07:37:48,26.95,efectivo
2750,119,2,2025-01-11 07:38:09,10.00,tarjeta
2751,370,4,2025-01-11 07:40:56,19.95,tarjeta
2752,378,5,2025-01-11 07:41:10,116.90,efectivo
2753,188,5,2025-01-11 07:46:18,22.50,tarjeta
2754,216,1,2025-01-11 07:49:36,63.45,efectivo
2755,850,3,2025-01-11 07:51:15,63.45,efectivo
2756,321,6,2025-01-11 08:01:13,8.00,tarjeta
2757,815,4,2025-01-11 08:01:35,42.95,tarjeta
2758,961,4,2025-01-11 08:06:35,90.85,efectivo
2759,650,4,2025-01-11 08:09:10,22.00,tarjeta
2760,698,6,2025-01-11 08:11:46,95.90,tarjeta
2761,109,5,2025-01-11 08:15:20,108.80,tarjeta
2762,15,3,2025-01-11 08:15:55,217.00,tarjeta
2763,878,1,2025-01-11 08:17:13,40.00,efectivo
2764,268,1,2025-01-11 08:20:20,138.35,tarjeta
2765,475,1,2025-01-11 08:21:10,60.45,tarjeta
2766,692,4,2025-01-11 08:21:28,92.85,efectivo
2767,799,5,2025-01-11 08:21:31,18.00,efectivo
2768,259,3,2025-01-11 08:24:17,65.90,tarjeta
2769,597,10,2025-01-11 08:33:41,65.00,tarjeta
2770,270,4,2025-01-11 08:34:22,57.95,efectivo
2771,507,2,2025-01-11 08:34:47,134.75,tarjeta
2772,588,10,2025-01-11 08:34:58,58.50,tarjeta
2773,122,7,2025-01-11 08:38:57,78.90,tarjeta
2774,524,8,2025-01-11 08:42:46,72.40,efectivo
2775,445,2,2025-01-11 08:46:01,51.45,efectivo
2776,281,8,2025-01-11 08:49:35,18.00,tarjeta
2777,542,2,2025-01-11 08:51:59,26.95,efectivo
2778,854,5,2025-01-11 08:52:59,36.95,tarjeta
2779,907,4,2025-01-11 08:55:44,125.00,efectivo
2780,777,10,2025-01-11 09:00:35,41.50,efectivo
2781,3,10,2025-01-11 09:04:06,182.70,tarjeta
2782,757,4,2025-01-11 09:05:48,90.90,efectivo
2783,838,1,2025-01-11 09:07:51,61.00,tarjeta
2784,799,4,2025-01-11 09:09:19,57.95,efectivo
2785,45,2,2025-01-11 09:13:06,20.95,efectivo
2786,866,2,2025-01-11 09:15:48,19.95,tarjeta
2787,929,8,2025-01-11 09:15:59,87.50,efectivo
2788,390,7,2025-01-11 09:17:22,89.40,tarjeta
2789,117,9,2025-01-11 09:21:33,53.00,tarjeta
2790,185,9,2025-01-11 09:27:43,24.50,efectivo
2791,957,2,2025-01-11 09:29:37,26.95,tarjeta
2792,42,3,2025-01-11 09:34:51,93.95,efectivo
2793,270,10,2025-01-11 09:43:36,40.00,tarjeta
2794,128,1,2025-01-11 09:49:59,38.50,tarjeta
2795,204,3,2025-01-11 09:54:20,19.95,efectivo
2796,604,1,2025-01-11 09:57:10,22.00,efectivo
2797,575,7,2025-01-11 10:00:41,22.00,efectivo
2798,494,2,2025-01-11 10:10:09,24.50,tarjeta
2799,754,9,2025-01-11 10:13:23,53.00,tarjeta
2800,619,2,2025-01-11 10:17:37,128.85,tarjeta
2801,321,2,2025-01-11 10:18:43,104.45,tarjeta
2802,944,4,2025-01-11 10:20:31,57.95,efectivo
2803,332,6,2025-01-11 10:22:13,112.50,tarjeta
2804,84,7,2025-01-11 10:23:28,64.45,tarjeta
2805,10,4,2025-01-11 10:24:34,40.00,efectivo
2806,588,1,2025-01-11 10:27:15,12.00,efectivo
2807,582,2,2025-01-11 10:36:11,89.95,efectivo
2808,713,4,2025-01-11 10:38:16,22.00,efectivo
2809,252,7,2025-01-11 10:38:26,49.85,tarjeta
2810,321,5,2025-01-11 10:39:12,38.90,tarjeta
2811,641,10,2025-01-11 10:42:17,88.90,tarjeta
2812,945,5,2025-01-11 10:42:19,130.00,efectivo
2813,712,8,2025-01-11 10:43:40,60.95,efectivo
2814,717,2,2025-01-11 10:46:36,106.40,efectivo
2815,38,7,2025-01-11 10:48:14,10.00,tarjeta
2816,124,6,2025-01-11 10:49:43,51.90,efectivo
2817,506,1,2025-01-11 10:49:59,26.95,tarjeta
2818,1000,2,2025-01-11 10:51:32,34.50,efectivo
2819,118,9,2025-01-11 10:51:36,86.50,tarjeta
2820,730,8,2025-01-11 10:53:40,98.50,efectivo
2821,652,4,2025-01-11 10:53:56,10.95,tarjeta
2822,948,8,2025-01-11 10:55:05,29.50,tarjeta
2823,976,2,2025-01-11 10:56:38,12.00,tarjeta
2824,148,2,2025-01-11 10:59:30,31.00,tarjeta
2825,262,2,2025-01-11 11:02:30,61.95,tarjeta
2826,645,10,2025-01-11 11:02:33,92.50,efectivo
2827,876,9,2025-01-11 11:06:18,106.70,tarjeta
2828,57,2,2025-01-11 11:07:47,100.85,tarjeta
2829,212,7,2025-01-11 11:13:47,64.50,efectivo
2830,192,8,2025-01-11 11:16:12,122.50,tarjeta
2831,299,9,2025-01-11 11:16:38,61.00,tarjeta
2832,786,9,2025-01-11 11:25:01,64.50,efectivo
2833,357,2,2025-01-11 11:26:43,19.95,efectivo
2834,651,1,2025-01-11 11:30:45,79.00,efectivo
2835,891,8,2025-01-11 11:33:16,108.50,tarjeta
2836,100,5,2025-01-11 11:35:32,66.45,efectivo
2837,830,9,2025-01-11 11:36:33,19.95,tarjeta
2838,615,9,2025-01-11 11:42:49,64.45,efectivo
2839,809,4,2025-01-11 11:44:08,158.80,efectivo
2840,949,2,2025-01-11 11:56:34,136.90,tarjeta
2841,724,8,2025-01-11 12:01:34,59.50,efectivo
2842,253,2,2025-01-11 12:07:05,99.45,efectivo
2843,610,9,2025-01-11 12:07:25,50.95,efectivo
2844,182,4,2025-01-11 12:10:42,32.00,tarjeta
2845,186,4,2025-01-11 12:23:49,89.00,efectivo
2846,623,4,2025-01-11 12:27:31,101.40,tarjeta
2847,851,9,2025-01-11 12:30:46,85.00,tarjeta
2848,100,1,2025-01-11 12:31:14,12.35,tarjeta
2849,19,10,2025-01-11 12:33:03,71.85,tarjeta
2850,304,8,2025-01-11 12:37:19,18.00,efectivo
2851,180,4,2025-01-11 12:38:22,64.50,efectivo
2852,331,10,2025-01-11 12:45:49,69.00,efectivo
2853,855,6,2025-01-11 12:46:53,19.95,efectivo
2854,454,10,2025-01-11 12:48:07,135.35,tarjeta
2855,786,8,2025-01-11 12:49:36,87.40,efectivo
2856,500,1,2025-01-11 12:59:51,192.80,efectivo
2857,349,6,2025-01-11 13:05:12,38.35,efectivo
2858,682,2,2025-01-11 13:07:03,166.75,tarjeta
2859,444,6,2025-01-11 13:09:49,47.45,efectivo
2860,635,9,2025-01-11 13:16:47,57.50,efectivo
2861,43,1,2025-01-11 13:17:01,95.50,efectivo
2862,927,10,2025-01-11 13:18:36,147.95,tarjeta
2863,795,2,2025-01-11 13:36:32,88.95,tarjeta
2864,43,6,2025-01-11 13:48:49,55.50,efectivo
2865,379,10,2025-01-11 13:51:33,70.90,tarjeta
2866,594,9,2025-01-11 13:57:40,46.00,tarjeta
2867,897,3,2025-01-11 14:02:07,52.45,tarjeta
2868,212,1,2025-01-11 14:03:22,26.00,tarjeta
2869,123,7,2025-01-11 14:06:14,49.90,efectivo
2870,81,8,2025-01-11 14:12:09,64.45,tarjeta
2871,101,5,2025-01-11 14:13:41,36.45,tarjeta
2872,252,10,2025-01-11 14:13:52,70.00,tarjeta
2873,35,8,2025-01-11 14:16:09,50.95,efectivo
2874,389,8,2025-01-11 14:17:38,103.00,efectivo
2875,66,6,2025-01-11 14:22:55,69.25,efectivo
2876,993,4,2025-01-11 14:24:57,67.50,efectivo
2877,924,10,2025-01-11 14:31:50,143.75,efectivo
2878,180,6,2025-01-11 14:34:33,112.80,tarjeta
2879,271,8,2025-01-11 14:35:54,48.00,tarjeta
2880,945,4,2025-01-11 14:45:56,75.95,efectivo
2881,453,8,2025-01-11 14:49:16,74.85,efectivo
2882,253,3,2025-01-11 14:50:53,62.00,efectivo
2883,951,3,2025-01-11 14:51:21,89.00,efectivo
2884,797,3,2025-01-11 14:52:40,90.00,tarjeta
2885,462,9,2025-01-11 14:52:47,54.50,efectivo
2886,123,4,2025-01-11 15:02:15,141.50,tarjeta
2887,774,7,2025-01-11 15:08:01,47.50,efectivo
2888,111,10,2025-01-11 15:09:50,74.90,tarjeta
2889,795,7,2025-01-11 15:16:11,85.40,tarjeta
2890,145,1,2025-01-11 15:48:25,197.35,efectivo
2891,3,5,2025-01-11 15:54:12,0.00,efectivo
2892,434,6,2025-01-11 15:59:47,34.00,tarjeta
2893,507,4,2025-01-11 16:00:38,126.90,efectivo
2894,51,7,2025-01-11 16:00:51,91.50,efectivo
2895,929,4,2025-01-11 16:01:44,35.00,efectivo
2896,641,9,2025-01-11 16:10:32,92.00,tarjeta
2897,367,7,2025-01-11 16:19:28,24.95,tarjeta
2898,790,3,2025-01-11 16:24:10,61.40,efectivo
2899,840,7,2025-01-11 16:28:59,77.00,efectivo
2900,933,3,2025-01-11 16:34:05,66.95,tarjeta
2901,227,3,2025-01-11 16:39:25,38.50,tarjeta
2902,782,9,2025-01-11 16:42:24,39.00,efectivo
2903,213,9,2025-01-11 16:44:50,10.00,efectivo
2904,914,7,2025-01-11 16:47:43,20.95,tarjeta
2905,911,5,2025-01-11 16:51:03,144.45,efectivo
2906,875,5,2025-01-11 16:55:15,122.40,efectivo
2907,903,1,2025-01-11 16:59:43,90.85,efectivo
2908,275,9,2025-01-11 17:03:13,166.00,tarjeta
2909,223,1,2025-01-11 17:03:45,39.90,efectivo
2910,839,3,2025-01-11 17:35:06,118.85,tarjeta
2911,253,6,2025-01-11 17:35:09,52.80,efectivo
2912,856,7,2025-01-11 17:36:52,42.70,tarjeta
2913,649,10,2025-01-11 17:48:40,42.95,tarjeta
2914,336,8,2025-01-11 17:51:08,10.95,tarjeta
2915,61,1,2025-01-11 17:51:33,55.45,efectivo
2916,393,2,2025-01-11 17:55:52,121.75,efectivo
2917,342,6,2025-01-11 18:06:46,52.45,tarjeta
2918,71,5,2025-01-11 18:07:07,94.90,tarjeta
2919,414,7,2025-01-11 18:07:12,132.00,tarjeta
2920,404,6,2025-01-11 18:09:50,179.85,tarjeta
2921,694,9,2025-01-11 18:24:45,47.00,tarjeta
2922,102,3,2025-01-11 18:25:02,38.90,tarjeta
2923,318,4,2025-01-11 18:26:01,118.85,tarjeta
2924,532,9,2025-01-11 18:33:10,19.95,tarjeta
2925,742,8,2025-01-11 18:35:10,202.85,tarjeta
2926,132,9,2025-01-11 18:35:44,20.00,tarjeta
2927,610,2,2025-01-11 18:42:21,61.50,tarjeta
2928,190,7,2025-01-11 18:49:46,65.45,efectivo
2929,951,5,2025-01-11 18:50:19,57.45,efectivo
2930,60,6,2025-01-11 18:52:53,8.00,tarjeta
2931,851,6,2025-01-11 19:00:36,195.20,efectivo
2932,40,9,2025-01-11 19:06:08,45.00,efectivo
2933,22,7,2025-01-11 19:18:20,16.50,tarjeta
2934,868,5,2025-01-11 19:24:54,37.95,tarjeta
2935,88,4,2025-01-11 19:29:23,18.00,efectivo
2936,476,5,2025-01-11 19:32:42,111.85,efectivo
2937,239,2,2025-01-11 19:33:00,57.35,tarjeta
2938,507,9,2025-01-11 19:36:52,166.90,efectivo
2939,127,2,2025-01-11 19:38:04,28.50,efectivo
2940,278,6,2025-01-11 19:47:53,143.90,tarjeta
2941,785,5,2025-01-11 19:48:28,24.95,tarjeta
2942,840,5,2025-01-11 19:48:55,148.75,efectivo
2943,607,7,2025-01-11 19:50:48,92.95,tarjeta
2944,591,3,2025-01-11 19:51:07,29.50,tarjeta
2945,788,4,2025-01-11 19:51:15,38.90,tarjeta
2946,159,9,2025-01-11 19:54:16,96.90,efectivo
2947,425,3,2025-01-11 19:57:04,24.95,efectivo
2948,838,10,2025-01-11 20:07:58,47.35,tarjeta
2949,304,4,2025-01-11 20:08:11,41.85,tarjeta
2950,498,1,2025-01-11 20:11:17,79.00,efectivo
2951,539,5,2025-01-11 20:12:45,69.00,tarjeta
2952,759,6,2025-01-11 20:17:37,52.00,efectivo
2953,788,1,2025-01-11 20:17:43,64.90,efectivo
2954,824,6,2025-01-11 20:17:47,59.85,tarjeta
2955,540,6,2025-01-11 20:19:46,146.80,tarjeta
2956,348,6,2025-01-11 20:30:18,76.80,tarjeta
2957,145,1,2025-01-11 20:36:20,67.40,efectivo
2958,67,10,2025-01-11 20:39:22,122.80,efectivo
2959,118,8,2025-01-11 20:42:56,53.00,tarjeta
2960,57,5,2025-01-11 20:44:45,46.00,efectivo
2961,607,4,2025-01-11 20:45:12,68.50,tarjeta
2962,993,9,2025-01-11 20:49:19,24.95,efectivo
2963,913,5,2025-01-11 20:51:01,89.00,efectivo
2964,853,8,2025-01-11 20:52:50,74.95,efectivo
2965,951,1,2025-01-11 20:52:51,86.50,tarjeta
2966,993,6,2025-01-11 20:54:04,55.50,tarjeta
2967,430,9,2025-01-11 20:57:54,65.90,efectivo
2968,607,8,2025-01-11 20:59:49,35.00,efectivo
2969,75,6,2025-01-11 21:20:29,32.30,efectivo
2970,603,6,2025-01-11 21:27:37,82.40,tarjeta
2971,385,4,2025-01-11 21:37:57,61.00,efectivo
2972,786,6,2025-01-11 21:49:41,42.95,tarjeta
2973,100,2,2025-01-11 21:51:00,32.00,efectivo
2974,951,8,2025-01-11 22:10:02,32.00,efectivo
2975,909,10,2025-01-11 22:13:42,50.50,tarjeta
2976,946,2,2025-01-11 22:20:07,8.00,efectivo
2977,951,9,2025-01-11 22:23:58,93.95,tarjeta
2978,338,1,2025-01-11 22:30:30,53.95,efectivo
2979,980,9,2025-01-11 22:32:42,61.95,efectivo
2980,203,1,2025-01-11 22:39:24,85.40,tarjeta
2981,349,9,2025-01-11 22:39:58,55.50,efectivo
2982,278,5,2025-01-11 22:40:24,30.35,efectivo
2983,341,5,2025-01-11 22:44:05,122.50,efectivo
2984,682,10,2025-01-11 22:51:12,38.90,tarjeta
2985,918,6,2025-01-11 22:51:18,115.45,efectivo
2986,768,9,2025-01-11 22:55:32,40.50,efectivo
2987,798,9,2025-01-11 22:56:24,54.00,efectivo
2988,724,3,2025-01-11 22:59:58,77.00,efectivo
2989,95,1,2025-01-12 06:04:03,15.50,efectivo
2990,881,3,2025-01-12 06:04:45,53.00,efectivo
2991,599,1,2025-01-12 06:09:31,26.45,tarjeta
2992,288,4,2025-01-12 06:13:26,78.45,tarjeta
2993,849,7,2025-01-12 06:15:28,208.60,efectivo
2994,570,3,2025-01-12 06:20:43,131.75,efectivo
2995,317,3,2025-01-12 06:20:51,91.45,tarjeta
2996,468,7,2025-01-12 06:23:46,20.95,tarjeta
2997,771,5,2025-01-12 06:24:41,62.65,efectivo
2998,331,3,2025-01-12 06:35:34,102.95,tarjeta
2999,976,6,2025-01-12 06:37:40,65.50,efectivo
3000,895,4,2025-01-12 06:39:37,51.50,efectivo
3001,494,4,2025-01-12 06:44:30,44.95,efectivo
3002,314,1,2025-01-12 06:45:00,27.50,tarjeta
3003,420,10,2025-01-12 06:50:57,36.95,tarjeta
3004,739,10,2025-01-12 06:53:08,12.00,efectivo
3005,407,4,2025-01-12 06:54:20,54.95,tarjeta
3006,1000,8,2025-01-12 06:54:57,51.45,efectivo
3007,98,3,2025-01-12 06:58:37,38.95,efectivo
3008,356,6,2025-01-12 06:59:57,87.45,tarjeta
3009,913,4,2025-01-12 07:01:11,70.90,efectivo
3010,218,1,2025-01-12 07:07:14,12.00,efectivo
3011,740,7,2025-01-12 07:15:06,42.45,tarjeta
3012,715,6,2025-01-12 07:17:17,100.00,efectivo
3013,945,1,2025-01-12 07:20:32,146.40,tarjeta
3014,212,7,2025-01-12 07:23:24,133.85,efectivo
3015,680,4,2025-01-12 07:25:12,36.95,tarjeta
3016,872,5,2025-01-12 07:28:17,22.50,tarjeta
3017,172,1,2025-01-12 07:32:44,22.00,tarjeta
3018,627,3,2025-01-12 07:40:24,32.00,efectivo
3019,3,10,2025-01-12 07:40:57,112.35,tarjeta
3020,793,4,2025-01-12 07:42:45,54.00,efectivo
3021,278,6,2025-01-12 07:43:04,46.50,efectivo
3022,78,4,2025-01-12 07:43:35,52.00,tarjeta
3023,222,2,2025-01-12 07:46:25,22.00,efectivo
3024,105,1,2025-01-12 07:47:38,31.00,tarjeta
3025,98,7,2025-01-12 07:47:53,43.00,tarjeta
3026,575,7,2025-01-12 07:48:07,31.00,efectivo
3027,112,6,2025-01-12 07:55:37,55.50,efectivo
3028,781,4,2025-01-12 07:56:03,46.50,tarjeta
3029,485,2,2025-01-12 08:01:00,23.50,efectivo
3030,302,10,2025-01-12 08:02:15,22.00,tarjeta
3031,921,5,2025-01-12 08:04:41,20.00,tarjeta
3032,284,6,2025-01-12 08:06:41,12.00,efectivo
3033,379,1,2025-01-12 08:07:47,28.50,efectivo
3034,799,9,2025-01-12 08:12:12,31.00,tarjeta
3035,604,6,2025-01-12 08:13:33,47.50,tarjeta
3036,822,6,2025-01-12 08:29:14,218.40,efectivo
3037,450,5,2025-01-12 08:29:29,24.95,efectivo
3038,374,1,2025-01-12 08:30:01,80.95,tarjeta
3039,228,8,2025-01-12 08:33:00,179.95,tarjeta
3040,254,7,2025-01-12 08:37:54,104.45,efectivo
3041,397,7,2025-01-12 08:38:08,61.00,tarjeta
3042,864,5,2025-01-12 08:40:19,22.00,tarjeta
3043,71,2,2025-01-12 08:42:10,69.95,efectivo
3044,743,6,2025-01-12 08:43:22,34.50,tarjeta
3045,818,10,2025-01-12 08:44:42,22.00,efectivo
3046,571,3,2025-01-12 08:46:06,32.95,efectivo
3047,12,7,2025-01-12 08:47:47,37.90,tarjeta
3048,322,7,2025-01-12 08:54:49,64.50,efectivo
3049,954,5,2025-01-12 08:56:58,59.50,efectivo
3050,172,10,2025-01-12 09:01:03,10.95,efectivo
3051,350,8,2025-01-12 09:08:17,46.50,efectivo
3052,876,8,2025-01-12 09:09:53,182.20,tarjeta
3053,901,9,2025-01-12 09:10:00,46.50,tarjeta
3054,393,3,2025-01-12 09:10:23,83.90,tarjeta
3055,612,6,2025-01-12 09:12:57,98.00,efectivo
3056,457,2,2025-01-12 09:20:41,48.95,efectivo
3057,572,6,2025-01-12 09:21:09,35.00,efectivo
3058,318,10,2025-01-12 09:23:07,109.85,tarjeta
3059,322,10,2025-01-12 09:24:03,26.95,tarjeta
3060,394,2,2025-01-12 09:24:41,22.95,tarjeta
3061,796,7,2025-01-12 09:25:49,31.00,efectivo
3062,469,7,2025-01-12 09:30:06,27.50,tarjeta
3063,614,9,2025-01-12 09:30:44,97.45,efectivo
3064,725,4,2025-01-12 09:31:06,50.50,efectivo
3065,423,2,2025-01-12 09:32:24,77.50,tarjeta
3066,417,10,2025-01-12 09:43:49,57.50,efectivo
3067,2,8,2025-01-12 09:48:47,47.00,tarjeta
3068,497,6,2025-01-12 09:50:04,61.00,tarjeta
3069,915,10,2025-01-12 09:52:32,23.30,tarjeta
3070,954,10,2025-01-12 09:53:10,10.00,efectivo
3071,390,4,2025-01-12 09:54:46,154.70,efectivo
3072,781,6,2025-01-12 09:57:54,68.90,tarjeta
3073,293,4,2025-01-12 10:00:10,50.00,tarjeta
3074,742,7,2025-01-12 10:00:56,44.65,efectivo
3075,956,7,2025-01-12 10:01:08,72.90,efectivo
3076,33,1,2025-01-12 10:01:23,65.50,efectivo
3077,332,6,2025-01-12 10:02:17,38.50,efectivo
3078,851,9,2025-01-12 10:02:29,145.75,tarjeta
3079,793,8,2025-01-12 10:02:44,59.50,efectivo
3080,766,7,2025-01-12 10:06:45,40.00,efectivo
3081,633,6,2025-01-12 10:06:58,22.95,tarjeta
3082,793,2,2025-01-12 10:10:48,61.45,efectivo
3083,485,3,2025-01-12 10:15:36,0.00,efectivo
3084,2,5,2025-01-12 10:17:06,61.45,tarjeta
3085,370,10,2025-01-12 10:18:56,22.00,tarjeta
3086,234,4,2025-01-12 10:19:24,157.90,tarjeta
3087,814,1,2025-01-12 10:24:55,77.50,tarjeta
3088,969,1,2025-01-12 10:28:12,40.00,tarjeta
3089,245,1,2025-01-12 10:29:11,87.90,efectivo
3090,489,6,2025-01-12 10:35:32,59.50,efectivo
3091,329,1,2025-01-12 10:41:42,15.50,efectivo
3092,96,5,2025-01-12 10:42:43,12.00,tarjeta
3093,542,4,2025-01-12 10:45:40,36.95,efectivo
3094,821,2,2025-01-12 10:46:33,37.95,efectivo
3095,494,3,2025-01-12 10:51:16,48.95,efectivo
3096,27,7,2025-01-12 10:59:25,48.95,efectivo
3097,393,1,2025-01-12 11:00:19,65.45,efectivo
3098,55,6,2025-01-12 11:08:21,95.50,tarjeta
3099,384,7,2025-01-12 11:10:55,18.00,efectivo
3100,684,2,2025-01-12 11:13:36,10.95,tarjeta
3101,363,6,2025-01-12 11:15:05,158.80,tarjeta
3102,22,2,2025-01-12 11:16:51,24.95,efectivo
3103,318,4,2025-01-12 11:22:56,105.40,tarjeta
3104,414,1,2025-01-12 11:36:05,66.35,tarjeta
3105,708,2,2025-01-12 11:36:41,70.00,efectivo
3106,864,2,2025-01-12 11:37:03,95.50,tarjeta
3107,253,2,2025-01-12 11:40:37,47.00,tarjeta
3108,310,2,2025-01-12 11:43:36,44.00,tarjeta
3109,724,9,2025-01-12 11:44:51,66.95,tarjeta
3110,40,4,2025-01-12 11:47:05,61.00,tarjeta
3111,517,8,2025-01-12 11:49:51,113.35,tarjeta
3112,729,1,2025-01-12 11:53:51,131.45,tarjeta
3113,246,3,2025-01-12 11:58:44,70.90,efectivo
3114,147,4,2025-01-12 12:00:20,18.00,tarjeta
3115,784,8,2025-01-12 12:02:57,35.95,tarjeta
3116,924,8,2025-01-12 12:05:58,148.80,efectivo
3117,418,5,2025-01-12 12:08:15,80.90,efectivo
3118,714,6,2025-01-12 12:09:46,111.50,tarjeta
3119,945,7,2025-01-12 12:14:34,47.95,tarjeta
3120,927,9,2025-01-12 12:28:53,142.70,efectivo
3121,555,4,2025-01-12 12:31:45,40.00,tarjeta
3122,742,8,2025-01-12 12:40:08,143.50,tarjeta
3123,43,2,2025-01-12 12:40:24,81.90,efectivo
3124,590,7,2025-01-12 12:43:29,102.50,tarjeta
3125,190,4,2025-01-12 12:55:07,85.40,efectivo
3126,742,9,2025-01-12 13:00:46,170.75,tarjeta
3127,86,7,2025-01-12 13:02:46,26.00,efectivo
3128,223,3,2025-01-12 13:02:46,64.95,tarjeta
3129,462,3,2025-01-12 13:10:37,0.00,efectivo
3130,627,5,2025-01-12 13:13:28,64.45,efectivo
3131,682,1,2025-01-12 13:18:40,160.95,efectivo
3132,208,1,2025-01-12 13:23:10,45.00,efectivo
3133,852,5,2025-01-12 13:28:02,53.95,efectivo
3134,379,1,2025-01-12 13:45:36,117.80,tarjeta
3135,512,9,2025-01-12 13:46:28,38.90,efectivo
3136,324,3,2025-01-12 13:46:36,85.80,tarjeta
3137,624,7,2025-01-12 13:49:48,84.95,efectivo
3138,310,2,2025-01-12 13:51:09,90.45,efectivo
3139,215,7,2025-01-12 13:51:19,26.45,tarjeta
3140,797,7,2025-01-12 13:52:25,38.90,efectivo
3141,193,6,2025-01-12 13:53:01,84.95,tarjeta
3142,137,1,2025-01-12 13:55:03,74.85,tarjeta
3143,438,7,2025-01-12 14:01:47,72.50,tarjeta
3144,994,2,2025-01-12 14:02:22,75.50,efectivo
3145,952,5,2025-01-12 14:04:27,70.00,tarjeta
3146,320,3,2025-01-12 14:22:47,10.00,efectivo
3147,156,4,2025-01-12 14:28:20,12.35,efectivo
3148,413,10,2025-01-12 14:36:04,50.00,efectivo
3149,407,1,2025-01-12 14:36:57,28.50,tarjeta
3150,496,7,2025-01-12 14:50:34,58.50,efectivo
3151,784,2,2025-01-12 14:51:23,58.00,efectivo
3152,388,4,2025-01-12 14:52:59,55.50,efectivo
3153,532,3,2025-01-12 14:53:48,69.90,efectivo
3154,326,3,2025-01-12 15:03:27,53.45,efectivo
3155,451,1,2025-01-12 15:14:46,101.45,efectivo
3156,642,1,2025-01-12 15:20:19,102.65,tarjeta
3157,378,6,2025-01-12 15:32:12,81.90,tarjeta
3158,667,2,2025-01-12 15:36:10,28.50,efectivo
3159,354,10,2025-01-12 15:37:20,117.50,efectivo
3160,536,2,2025-01-12 15:40:34,29.50,efectivo
3161,426,9,2025-01-12 15:41:45,78.90,efectivo
3162,253,3,2025-01-12 15:44:28,76.50,tarjeta
3163,496,2,2025-01-12 15:55:07,64.45,efectivo
3164,642,6,2025-01-12 15:59:57,211.75,efectivo
3165,585,8,2025-01-12 16:02:38,136.85,tarjeta
3166,958,3,2025-01-12 16:02:44,51.50,efectivo
3167,768,6,2025-01-12 16:08:56,122.50,tarjeta
3168,865,3,2025-01-12 16:09:38,20.00,efectivo
3169,166,4,2025-01-12 16:21:48,111.90,efectivo
3170,615,7,2025-01-12 16:24:09,116.85,efectivo
3171,501,9,2025-01-12 16:26:43,116.85,tarjeta
3172,449,5,2025-01-12 16:31:27,64.00,tarjeta
3173,50,3,2025-01-12 16:36:50,190.20,tarjeta
3174,698,3,2025-01-12 16:46:39,66.50,tarjeta
3175,546,4,2025-01-12 16:49:01,130.30,tarjeta
3176,378,4,2025-01-12 16:55:07,24.95,tarjeta
3177,570,1,2025-01-12 16:57:27,36.95,efectivo
3178,334,10,2025-01-12 17:07:43,37.95,tarjeta
3179,676,2,2025-01-12 17:08:26,59.95,tarjeta
3180,941,3,2025-01-12 17:13:08,90.40,tarjeta
3181,717,2,2025-01-12 17:17:07,95.45,efectivo
3182,833,8,2025-01-12 17:20:05,48.45,efectivo
3183,135,2,2025-01-12 17:23:26,90.30,tarjeta
3184,372,6,2025-01-12 17:25:04,34.50,tarjeta
3185,660,10,2025-01-12 17:32:27,174.20,efectivo
3186,219,7,2025-01-12 17:33:23,47.35,efectivo
3187,931,5,2025-01-12 17:41:22,92.65,efectivo
3188,754,6,2025-01-12 17:43:05,65.35,efectivo
3189,700,3,2025-01-12 17:50:50,50.00,tarjeta
3190,33,7,2025-01-12 17:54:31,12.00,tarjeta
3191,639,1,2025-01-12 17:56:12,28.85,tarjeta
3192,390,6,2025-01-12 17:56:32,97.00,tarjeta
3193,414,7,2025-01-12 18:07:59,147.80,tarjeta
3194,246,9,2025-01-12 18:10:22,76.00,tarjeta
3195,482,4,2025-01-12 18:10:33,128.00,tarjeta
3196,458,7,2025-01-12 18:11:47,139.85,efectivo
3197,365,5,2025-01-12 18:22:46,10.00,tarjeta
3198,620,8,2025-01-12 18:27:59,18.00,efectivo
3199,275,3,2025-01-12 18:48:38,79.90,tarjeta
3200,427,4,2025-01-12 19:01:05,10.95,efectivo
3201,848,10,2025-01-12 19:07:02,131.75,tarjeta
3202,73,4,2025-01-12 19:08:36,28.50,efectivo
3203,768,8,2025-01-12 19:11:20,29.50,tarjeta
3204,911,7,2025-01-12 19:18:12,69.50,tarjeta
3205,425,10,2025-01-12 19:24:04,124.45,tarjeta
3206,57,1,2025-01-12 19:25:42,108.50,tarjeta
3207,414,2,2025-01-12 19:29:14,107.20,efectivo
3208,532,7,2025-01-12 19:30:43,128.40,tarjeta
3209,40,6,2025-01-12 19:32:03,67.00,efectivo
3210,414,10,2025-01-12 19:32:12,167.85,efectivo
3211,267,7,2025-01-12 19:32:20,126.45,tarjeta
3212,86,1,2025-01-12 19:33:27,97.00,efectivo
3213,496,6,2025-01-12 19:40:42,27.85,tarjeta
3214,729,6,2025-01-12 19:43:13,99.00,efectivo
3215,936,2,2025-01-12 19:45:00,68.40,tarjeta
3216,234,5,2025-01-12 19:46:33,128.00,tarjeta
3217,326,6,2025-01-12 19:51:57,8.00,tarjeta
3218,744,8,2025-01-12 19:52:17,41.95,tarjeta
3219,884,8,2025-01-12 19:53:20,83.00,tarjeta
3220,857,3,2025-01-12 20:00:29,92.85,efectivo
3221,259,4,2025-01-12 20:02:20,136.90,tarjeta
3222,887,2,2025-01-12 20:07:29,170.65,tarjeta
3223,256,7,2025-01-12 20:10:29,53.00,efectivo
3224,209,1,2025-01-12 20:17:26,216.80,tarjeta
3225,982,7,2025-01-12 20:23:12,61.00,efectivo
3226,693,7,2025-01-12 20:25:12,15.50,tarjeta
3227,431,4,2025-01-12 20:31:44,50.50,tarjeta
3228,184,5,2025-01-12 20:36:11,15.50,tarjeta
3229,137,2,2025-01-12 20:42:25,12.00,efectivo
3230,480,8,2025-01-12 20:56:30,12.35,tarjeta
3231,525,8,2025-01-12 21:03:53,147.00,efectivo
3232,681,6,2025-01-12 21:12:39,113.45,tarjeta
3233,187,3,2025-01-12 21:13:44,85.40,efectivo
3234,835,5,2025-01-12 21:15:13,162.85,tarjeta
3235,638,1,2025-01-12 21:19:41,76.90,efectivo
3236,21,10,2025-01-12 21:24:36,63.50,tarjeta
3237,980,4,2025-01-12 21:29:00,95.50,tarjeta
3238,385,7,2025-01-12 21:35:36,0.00,tarjeta
3239,326,7,2025-01-12 21:38:53,74.95,efectivo
3240,113,1,2025-01-12 21:50:49,167.40,efectivo
3241,547,5,2025-01-12 21:57:54,64.90,efectivo
3242,768,8,2025-01-12 22:05:04,108.50,efectivo
3243,607,10,2025-01-12 22:07:11,81.90,efectivo
3244,653,10,2025-01-12 22:13:56,38.90,efectivo
3245,341,1,2025-01-12 22:19:02,57.00,tarjeta
3246,960,7,2025-01-12 22:25:00,67.40,efectivo
3247,140,5,2025-01-12 22:25:21,67.45,tarjeta
3248,658,6,2025-01-12 22:25:33,68.50,efectivo
3249,670,5,2025-01-12 22:26:06,47.50,tarjeta
3250,546,5,2025-01-12 22:31:23,109.45,efectivo
3251,342,3,2025-01-12 22:37:23,24.50,efectivo
3252,136,5,2025-01-12 22:40:54,67.95,tarjeta
3253,554,6,2025-01-12 22:42:56,125.85,tarjeta
3254,165,4,2025-01-12 22:47:46,24.95,tarjeta
3255,217,1,2025-01-13 06:00:06,51.45,tarjeta
3256,464,8,2025-01-13 06:00:14,10.00,efectivo
3257,41,3,2025-01-13 06:03:04,82.00,tarjeta
3258,660,2,2025-01-13 06:04:23,69.95,tarjeta
3259,744,1,2025-01-13 06:04:46,38.00,efectivo
3260,847,2,2025-01-13 06:09:31,10.00,efectivo
3261,544,9,2025-01-13 06:13:38,31.00,tarjeta
3262,780,10,2025-01-13 06:14:56,132.00,tarjeta
3263,677,5,2025-01-13 06:19:30,10.95,efectivo
3264,195,9,2025-01-13 06:19:41,31.00,tarjeta
3265,45,5,2025-01-13 06:32:36,27.50,efectivo
3266,368,1,2025-01-13 06:32:47,56.50,tarjeta
3267,855,5,2025-01-13 06:34:44,105.95,tarjeta
3268,188,3,2025-01-13 06:36:36,10.95,efectivo
3269,151,2,2025-01-13 06:42:51,89.90,tarjeta
3270,713,5,2025-01-13 06:46:45,31.00,tarjeta
3271,917,2,2025-01-13 06:47:56,24.50,tarjeta
3272,195,9,2025-01-13 06:54:46,31.00,tarjeta
3273,483,6,2025-01-13 07:03:16,41.00,tarjeta
3274,2,10,2025-01-13 07:03:49,53.00,tarjeta
3275,196,6,2025-01-13 07:04:12,32.00,efectivo
3276,972,3,2025-01-13 07:07:36,31.00,efectivo
3277,571,1,2025-01-13 07:08:04,31.00,tarjeta
3278,605,6,2025-01-13 07:08:49,53.00,efectivo
3279,172,9,2025-01-13 07:15:31,57.95,efectivo
3280,395,7,2025-01-13 07:17:23,93.80,efectivo
3281,472,1,2025-01-13 07:22:37,46.50,tarjeta
3282,217,6,2025-01-13 07:22:38,53.00,tarjeta
3283,763,9,2025-01-13 07:23:36,47.95,tarjeta
3284,873,7,2025-01-13 07:23:42,63.00,efectivo
3285,186,2,2025-01-13 07:24:06,73.45,tarjeta
3286,954,7,2025-01-13 07:25:43,36.95,efectivo
3287,242,9,2025-01-13 07:29:40,48.95,tarjeta
3288,579,3,2025-01-13 07:36:03,40.00,efectivo
3289,24,8,2025-01-13 07:43:45,108.35,efectivo
3290,689,1,2025-01-13 07:45:36,53.00,tarjeta
3291,870,3,2025-01-13 07:45:53,226.25,efectivo
3292,91,4,2025-01-13 07:49:56,18.00,efectivo
3293,406,5,2025-01-13 07:51:06,27.50,efectivo
3294,506,1,2025-01-13 07:54:03,22.00,tarjeta
3295,917,3,2025-01-13 07:57:32,22.00,efectivo
3296,633,9,2025-01-13 08:00:27,26.95,tarjeta
3297,416,2,2025-01-13 08:07:27,166.50,tarjeta
3298,755,5,2025-01-13 08:07:27,31.00,efectivo
3299,691,3,2025-01-13 08:10:21,22.00,efectivo
3300,842,9,2025-01-13 08:10:39,42.45,efectivo
3301,31,3,2025-01-13 08:17:40,47.50,efectivo
3302,216,9,2025-01-13 08:18:19,31.00,efectivo
3303,214,4,2025-01-13 08:18:38,24.95,efectivo
3304,248,5,2025-01-13 08:22:18,72.00,efectivo
3305,872,8,2025-01-13 08:25:16,68.45,tarjeta
3306,9,3,2025-01-13 08:29:20,51.45,tarjeta
3307,599,5,2025-01-13 08:30:40,43.00,tarjeta
3308,814,9,2025-01-13 08:34:57,27.50,efectivo
3309,690,8,2025-01-13 08:35:21,96.95,tarjeta
3310,666,7,2025-01-13 08:37:37,73.45,tarjeta
3311,162,6,2025-01-13 08:39:30,61.95,efectivo
3312,27,2,2025-01-13 08:43:32,15.50,efectivo
3313,160,1,2025-01-13 08:49:09,22.00,tarjeta
3314,86,5,2025-01-13 08:49:24,123.45,tarjeta
3315,901,7,2025-01-13 08:50:18,69.95,tarjeta
3316,562,3,2025-01-13 08:52:37,22.00,efectivo
3317,180,6,2025-01-13 08:54:55,110.80,efectivo
3318,329,1,2025-01-13 08:59:56,26.95,efectivo
3319,843,4,2025-01-13 09:08:18,51.45,tarjeta
3320,666,3,2025-01-13 09:14:49,15.50,efectivo
3321,196,2,2025-01-13 09:17:14,24.50,tarjeta
3322,666,5,2025-01-13 09:20:58,31.00,efectivo
3323,650,6,2025-01-13 09:25:57,77.50,efectivo
3324,599,5,2025-01-13 09:26:47,46.50,efectivo
3325,976,4,2025-01-13 09:27:29,26.95,tarjeta
3326,526,3,2025-01-13 09:27:50,65.00,tarjeta
3327,257,7,2025-01-13 09:29:17,116.95,tarjeta
3328,572,1,2025-01-13 09:31:00,15.50,efectivo
3329,215,9,2025-01-13 09:32:04,58.00,tarjeta
3330,152,6,2025-01-13 09:35:54,77.50,efectivo
3331,707,4,2025-01-13 09:38:25,26.95,efectivo
3332,675,9,2025-01-13 09:41:46,208.65,efectivo
3333,599,6,2025-01-13 09:51:32,63.45,tarjeta
3334,63,10,2025-01-13 09:52:58,90.90,efectivo
3335,122,7,2025-01-13 09:59:21,60.90,tarjeta
3336,757,3,2025-01-13 09:59:30,178.80,tarjeta
3337,907,10,2025-01-13 10:05:06,167.50,tarjeta
3338,608,1,2025-01-13 10:09:38,100.00,efectivo
3339,482,7,2025-01-13 10:09:49,99.50,tarjeta
3340,197,3,2025-01-13 10:11:35,15.50,tarjeta
3341,360,8,2025-01-13 10:15:20,82.50,efectivo
3342,983,2,2025-01-13 10:17:08,22.00,efectivo
3343,404,7,2025-01-13 10:21:17,70.00,efectivo
3344,765,7,2025-01-13 10:21:48,42.45,tarjeta
3345,960,2,2025-01-13 10:23:06,74.00,tarjeta
3346,124,5,2025-01-13 10:23:20,57.00,efectivo
3347,850,8,2025-01-13 10:26:14,0.00,efectivo
3348,706,8,2025-01-13 10:30:39,41.95,efectivo
3349,582,1,2025-01-13 10:33:04,67.50,tarjeta
3350,974,8,2025-01-13 10:44:39,38.95,efectivo
3351,606,1,2025-01-13 10:45:10,44.95,efectivo
3352,979,8,2025-01-13 10:45:46,40.00,tarjeta
3353,526,7,2025-01-13 10:47:38,15.50,efectivo
3354,69,6,2025-01-13 10:48:53,22.00,tarjeta
3355,599,4,2025-01-13 10:50:35,71.90,efectivo
3356,377,6,2025-01-13 10:53:49,12.00,efectivo
3357,977,9,2025-01-13 10:54:27,76.80,efectivo
3358,362,4,2025-01-13 10:57:19,82.45,efectivo
3359,773,10,2025-01-13 10:57:28,26.95,efectivo
3360,377,8,2025-01-13 10:57:49,24.50,efectivo
3361,208,5,2025-01-13 11:00:54,188.60,efectivo
3362,831,2,2025-01-13 11:04:10,72.50,efectivo
3363,303,5,2025-01-13 11:07:16,32.00,efectivo
3364,776,7,2025-01-13 11:14:10,61.00,efectivo
3365,433,1,2025-01-13 11:15:06,90.85,efectivo
3366,234,5,2025-01-13 11:15:59,42.95,tarjeta
3367,886,9,2025-01-13 11:19:45,12.35,tarjeta
3368,253,6,2025-01-13 11:21:28,135.85,tarjeta
3369,827,4,2025-01-13 11:25:45,106.90,tarjeta
3370,940,1,2025-01-13 11:28:42,61.00,efectivo
3371,458,6,2025-01-13 11:29:34,76.00,tarjeta
3372,53,7,2025-01-13 11:29:46,83.35,efectivo
3373,730,7,2025-01-13 11:30:30,107.85,tarjeta
3374,273,7,2025-01-13 11:35:59,120.50,efectivo
3375,648,5,2025-01-13 11:36:04,63.50,tarjeta
3376,420,7,2025-01-13 11:42:51,42.95,efectivo
3377,416,1,2025-01-13 11:53:18,19.95,tarjeta
3378,159,6,2025-01-13 12:00:29,45.00,tarjeta
3379,665,8,2025-01-13 12:04:14,30.35,tarjeta
3380,821,1,2025-01-13 12:09:01,99.85,efectivo
3381,226,9,2025-01-13 12:11:32,123.45,efectivo
3382,776,6,2025-01-13 12:11:54,55.50,efectivo
3383,876,5,2025-01-13 12:16:42,103.45,tarjeta
3384,849,3,2025-01-13 12:19:32,136.90,efectivo
3385,779,9,2025-01-13 12:26:09,60.50,tarjeta
3386,913,7,2025-01-13 12:27:04,82.95,tarjeta
3387,54,5,2025-01-13 12:28:58,36.45,efectivo
3388,690,4,2025-01-13 12:32:52,95.80,efectivo
3389,531,3,2025-01-13 12:43:12,70.50,efectivo
3390,449,10,2025-01-13 12:45:16,224.65,efectivo
3391,190,2,2025-01-13 12:49:00,26.00,tarjeta
3392,342,10,2025-01-13 12:50:55,104.35,efectivo
3393,439,7,2025-01-13 12:55:18,58.00,efectivo
3394,43,10,2025-01-13 12:56:29,119.95,tarjeta
3395,998,9,2025-01-13 12:56:40,57.00,tarjeta
3396,821,4,2025-01-13 12:59:46,78.65,efectivo
3397,730,8,2025-01-13 13:01:14,91.50,tarjeta
3398,409,8,2025-01-13 13:03:20,45.00,tarjeta
3399,364,6,2025-01-13 13:04:14,76.95,efectivo
3400,301,8,2025-01-13 13:04:30,161.70,tarjeta
3401,774,6,2025-01-13 13:04:54,18.00,tarjeta
3402,413,10,2025-01-13 13:09:22,50.95,tarjeta
3403,157,8,2025-01-13 13:17:20,40.95,efectivo
3404,151,7,2025-01-13 13:23:16,113.45,tarjeta
3405,529,3,2025-01-13 13:27:01,61.00,tarjeta
3406,22,4,2025-01-13 13:29:22,28.50,tarjeta
3407,756,8,2025-01-13 13:29:43,61.00,efectivo
3408,411,2,2025-01-13 13:30:54,83.30,efectivo
3409,338,9,2025-01-13 13:33:00,35.00,tarjeta
3410,886,8,2025-01-13 13:35:21,53.95,efectivo
3411,61,10,2025-01-13 13:37:43,32.00,tarjeta
3412,980,6,2025-01-13 13:51:54,0.00,efectivo
3413,463,9,2025-01-13 13:59:48,35.95,tarjeta
3414,14,4,2025-01-13 13:59:49,54.50,tarjeta
3415,139,6,2025-01-13 14:00:48,44.00,tarjeta
3416,625,1,2025-01-13 14:02:06,60.95,tarjeta
3417,774,8,2025-01-13 14:02:57,28.50,efectivo
3418,810,6,2025-01-13 14:11:16,10.95,tarjeta
3419,924,4,2025-01-13 14:12:53,34.85,efectivo
3420,508,4,2025-01-13 14:14:34,32.00,efectivo
3421,908,7,2025-01-13 14:17:06,55.50,tarjeta
3422,951,5,2025-01-13 14:20:45,54.95,efectivo
3423,927,1,2025-01-13 14:22:10,81.95,efectivo
3424,576,5,2025-01-13 14:23:13,29.50,efectivo
3425,87,1,2025-01-13 14:24:59,31.00,tarjeta
3426,906,2,2025-01-13 14:25:58,72.90,efectivo
3427,146,3,2025-01-13 14:28:34,62.00,tarjeta
3428,982,7,2025-01-13 14:35:05,94.40,efectivo
3429,104,5,2025-01-13 14:37:11,104.95,tarjeta
3430,352,9,2025-01-13 14:39:41,77.45,tarjeta
3431,348,4,2025-01-13 14:44:45,53.00,efectivo
3432,382,6,2025-01-13 14:50:35,61.95,tarjeta
3433,624,6,2025-01-13 14:53:20,90.00,tarjeta
3434,466,4,2025-01-13 14:56:33,91.95,efectivo
3435,648,4,2025-01-13 15:04:12,79.00,efectivo
3436,961,3,2025-01-13 15:08:18,107.00,efectivo
3437,871,2,2025-01-13 15:29:13,18.00,tarjeta
3438,501,4,2025-01-13 15:33:00,106.40,efectivo
3439,411,10,2025-01-13 15:33:58,35.00,tarjeta
3440,57,4,2025-01-13 15:39:00,45.00,efectivo
3441,77,3,2025-01-13 15:39:47,141.60,efectivo
3442,856,1,2025-01-13 15:40:23,129.25,efectivo
3443,146,4,2025-01-13 15:43:08,34.00,tarjeta
3444,471,7,2025-01-13 15:43:51,120.85,efectivo
3445,928,7,2025-01-13 15:44:12,61.45,efectivo
3446,470,5,2025-01-13 15:50:51,35.00,efectivo
3447,21,9,2025-01-13 16:01:54,52.00,efectivo
3448,397,9,2025-01-13 16:03:36,93.00,efectivo
3449,717,3,2025-01-13 16:05:52,126.90,efectivo
3450,532,3,2025-01-13 16:08:26,43.35,tarjeta
3451,965,1,2025-01-13 16:10:22,55.50,tarjeta
3452,320,2,2025-01-13 16:22:08,87.50,tarjeta
3453,893,8,2025-01-13 16:32:14,61.50,efectivo
3454,851,9,2025-01-13 16:40:27,89.45,efectivo
3455,473,6,2025-01-13 16:42:34,83.95,efectivo
3456,757,3,2025-01-13 16:46:43,148.85,tarjeta
3457,737,3,2025-01-13 16:51:04,58.95,efectivo
3458,788,4,2025-01-13 16:52:24,42.95,tarjeta
3459,366,4,2025-01-13 16:53:19,12.35,tarjeta
3460,378,2,2025-01-13 17:00:02,138.85,tarjeta
3461,486,9,2025-01-13 17:07:58,31.00,tarjeta
3462,682,1,2025-01-13 17:09:01,91.90,tarjeta
3463,839,2,2025-01-13 17:09:04,48.85,efectivo
3464,349,5,2025-01-13 17:12:25,10.95,tarjeta
3465,219,3,2025-01-13 17:15:19,87.90,efectivo
3466,201,6,2025-01-13 17:16:12,87.95,efectivo
3467,794,4,2025-01-13 17:24:32,93.95,efectivo
3468,500,5,2025-01-13 17:26:34,127.95,tarjeta
3469,876,7,2025-01-13 17:38:24,16.50,tarjeta
3470,600,4,2025-01-13 17:41:35,119.95,tarjeta
3471,3,9,2025-01-13 17:45:46,125.85,tarjeta
3472,442,9,2025-01-13 17:59:22,77.45,efectivo
3473,851,1,2025-01-13 18:02:10,102.30,efectivo
3474,31,1,2025-01-13 18:09:01,73.40,tarjeta
3475,146,10,2025-01-13 18:13:31,121.00,tarjeta
3476,969,1,2025-01-13 18:19:33,15.50,efectivo
3477,404,6,2025-01-13 18:26:09,111.90,tarjeta
3478,330,2,2025-01-13 18:30:40,15.50,efectivo
3479,704,1,2025-01-13 18:40:06,123.45,tarjeta
3480,940,2,2025-01-13 18:46:40,67.75,tarjeta
3481,438,8,2025-01-13 18:46:54,0.00,efectivo
3482,387,10,2025-01-13 18:52:51,137.85,efectivo
3483,552,9,2025-01-13 18:57:19,119.95,tarjeta
3484,107,9,2025-01-13 19:00:59,32.50,tarjeta
3485,187,7,2025-01-13 19:06:50,102.40,efectivo
3486,581,5,2025-01-13 19:19:18,53.45,efectivo
3487,92,9,2025-01-13 19:21:43,35.00,efectivo
3488,80,10,2025-01-13 19:24:51,35.95,efectivo
3489,925,4,2025-01-13 19:26:24,63.85,tarjeta
3490,874,5,2025-01-13 19:26:25,18.00,tarjeta
3491,208,10,2025-01-13 19:42:39,146.80,tarjeta
3492,211,9,2025-01-13 19:50:12,61.50,tarjeta
3493,853,1,2025-01-13 19:52:06,67.00,tarjeta
3494,413,3,2025-01-13 19:54:59,61.00,tarjeta
3495,131,8,2025-01-13 19:57:48,35.00,tarjeta
3496,806,1,2025-01-13 19:59:13,0.00,tarjeta
3497,88,9,2025-01-13 20:14:46,74.50,tarjeta
3498,618,10,2025-01-13 20:17:43,57.50,efectivo
3499,35,1,2025-01-13 20:18:44,22.95,efectivo
3500,395,7,2025-01-13 20:29:32,67.95,tarjeta
3501,224,8,2025-01-13 20:30:06,37.95,efectivo
3502,262,8,2025-01-13 20:35:03,45.00,efectivo
3503,905,5,2025-01-13 20:40:04,125.00,tarjeta
3504,851,9,2025-01-13 20:40:34,151.80,tarjeta
3505,301,8,2025-01-13 20:46:22,107.50,efectivo
3506,893,10,2025-01-13 20:52:59,47.50,efectivo
3507,255,3,2025-01-13 20:53:06,15.50,tarjeta
3508,838,1,2025-01-13 20:57:36,46.90,efectivo
3509,698,2,2025-01-13 20:58:42,80.95,efectivo
3510,92,1,2025-01-13 20:59:11,53.00,efectivo
3511,110,5,2025-01-13 21:01:29,55.50,tarjeta
3512,598,5,2025-01-13 21:03:59,72.50,tarjeta
3513,882,9,2025-01-13 21:07:00,124.90,efectivo
3514,556,2,2025-01-13 21:08:10,195.70,tarjeta
3515,442,4,2025-01-13 21:18:48,35.00,tarjeta
3516,187,3,2025-01-13 21:20:21,118.90,efectivo
3517,159,10,2025-01-13 21:22:57,81.85,tarjeta
3518,31,1,2025-01-13 21:37:51,113.80,tarjeta
3519,482,1,2025-01-13 21:41:51,90.50,tarjeta
3520,34,2,2025-01-13 21:58:57,47.50,efectivo
3521,470,3,2025-01-13 21:59:11,47.00,tarjeta
3522,431,7,2025-01-13 22:07:25,61.00,tarjeta
3523,546,4,2025-01-13 22:10:00,38.90,tarjeta
3524,784,1,2025-01-13 22:15:47,64.50,efectivo
3525,893,2,2025-01-13 22:16:24,80.95,efectivo
3526,303,2,2025-01-13 22:21:09,15.50,tarjeta
3527,57,9,2025-01-13 22:30:09,99.90,efectivo
3528,304,6,2025-01-13 22:33:20,24.95,efectivo
3529,625,5,2025-01-13 22:35:09,36.50,efectivo
3530,471,5,2025-01-13 22:37:18,160.95,tarjeta
3531,163,2,2025-01-13 22:37:33,29.50,tarjeta
3532,943,5,2025-01-13 22:38:13,53.00,tarjeta
3533,179,2,2025-01-13 22:40:25,26.00,efectivo
3534,763,4,2025-01-14 06:01:49,28.95,tarjeta
3535,579,3,2025-01-14 06:03:28,24.50,tarjeta
3536,406,4,2025-01-14 06:03:32,31.00,efectivo
3537,120,6,2025-01-14 06:06:14,12.00,tarjeta
3538,118,2,2025-01-14 06:09:21,53.95,tarjeta
3539,995,9,2025-01-14 06:10:57,110.00,efectivo
3540,379,10,2025-01-14 06:14:39,142.70,tarjeta
3541,368,3,2025-01-14 06:21:14,37.50,tarjeta
3542,921,3,2025-01-14 06:22:45,0.00,efectivo
3543,333,8,2025-01-14 06:22:55,156.45,tarjeta
3544,697,8,2025-01-14 06:24:05,32.50,efectivo
3545,177,3,2025-01-14 06:24:54,26.95,efectivo
3546,29,5,2025-01-14 06:25:02,47.45,efectivo
3547,63,3,2025-01-14 06:25:29,47.90,efectivo
3548,687,1,2025-01-14 06:33:59,107.90,efectivo
3549,827,7,2025-01-14 06:34:11,185.30,efectivo
3550,965,5,2025-01-14 06:34:58,102.50,efectivo
3551,428,5,2025-01-14 06:36:36,55.50,tarjeta
3552,128,10,2025-01-14 06:37:33,15.50,efectivo
3553,332,4,2025-01-14 06:39:55,121.80,efectivo
3554,535,8,2025-01-14 06:44:24,46.50,tarjeta
3555,89,7,2025-01-14 06:54:35,10.95,efectivo
3556,605,6,2025-01-14 07:06:39,10.00,efectivo
3557,712,4,2025-01-14 07:11:55,67.95,efectivo
3558,883,10,2025-01-14 07:12:19,36.00,efectivo
3559,605,2,2025-01-14 07:17:36,53.00,efectivo
3560,839,2,2025-01-14 07:23:43,78.45,efectivo
3561,921,2,2025-01-14 07:25:02,32.95,tarjeta
3562,356,1,2025-01-14 07:25:07,22.00,efectivo
3563,713,5,2025-01-14 07:29:05,0.00,efectivo
3564,254,8,2025-01-14 07:30:30,38.90,tarjeta
3565,12,9,2025-01-14 07:30:49,15.50,tarjeta
3566,128,9,2025-01-14 07:40:33,57.95,tarjeta
3567,460,8,2025-01-14 07:42:59,24.50,efectivo
3568,410,7,2025-01-14 07:43:09,111.85,efectivo
3569,733,8,2025-01-14 07:43:25,135.90,efectivo
3570,712,10,2025-01-14 07:47:30,26.95,tarjeta
3571,697,8,2025-01-14 07:47:32,62.90,efectivo
3572,786,1,2025-01-14 07:50:07,111.50,tarjeta
3573,233,3,2025-01-14 07:50:47,10.00,tarjeta
3574,485,1,2025-01-14 07:54:45,43.00,efectivo
3575,917,2,2025-01-14 07:59:48,26.95,efectivo
3576,972,1,2025-01-14 08:04:33,31.00,efectivo
3577,753,9,2025-01-14 08:05:14,63.95,tarjeta
3578,666,6,2025-01-14 08:06:40,53.95,efectivo
3579,645,5,2025-01-14 08:13:21,53.00,tarjeta
3580,367,2,2025-01-14 08:15:40,32.70,tarjeta
3581,599,8,2025-01-14 08:18:26,0.00,tarjeta
3582,206,9,2025-01-14 08:19:53,62.40,efectivo
3583,582,7,2025-01-14 08:23:44,35.00,efectivo
3584,217,2,2025-01-14 08:31:23,12.00,efectivo
3585,596,4,2025-01-14 08:31:28,98.50,efectivo
3586,974,10,2025-01-14 08:32:26,26.95,tarjeta
3587,605,7,2025-01-14 08:33:27,43.00,tarjeta
3588,777,2,2025-01-14 08:36:58,38.95,efectivo
3589,712,2,2025-01-14 08:40:36,26.95,tarjeta
3590,634,1,2025-01-14 08:45:26,118.40,tarjeta
3591,207,4,2025-01-14 08:46:10,36.50,efectivo
3592,604,1,2025-01-14 08:47:23,24.50,tarjeta
3593,840,5,2025-01-14 08:50:44,89.00,tarjeta
3594,376,4,2025-01-14 08:52:15,37.50,efectivo
3595,172,6,2025-01-14 08:53:58,63.40,tarjeta
3596,103,10,2025-01-14 08:54:48,41.00,efectivo
3597,254,10,2025-01-14 08:55:30,27.50,tarjeta
3598,423,8,2025-01-14 09:02:44,31.00,tarjeta
3599,979,1,2025-01-14 09:04:33,43.00,efectivo
3600,783,8,2025-01-14 09:08:10,38.95,tarjeta
3601,160,4,2025-01-14 09:09:31,55.50,efectivo
3602,710,8,2025-01-14 09:10:26,47.35,tarjeta
3603,793,1,2025-01-14 09:15:53,39.50,efectivo
3604,359,10,2025-01-14 09:21:14,31.00,tarjeta
3605,426,6,2025-01-14 09:21:56,58.95,tarjeta
3606,763,9,2025-01-14 09:23:13,52.95,tarjeta
3607,177,6,2025-01-14 09:29:08,24.50,efectivo
3608,291,7,2025-01-14 09:29:42,35.00,efectivo
3609,39,10,2025-01-14 09:31:47,36.85,tarjeta
3610,588,3,2025-01-14 09:36:33,96.85,efectivo
3611,326,5,2025-01-14 09:36:40,83.50,efectivo
3612,128,3,2025-01-14 09:38:12,15.50,efectivo
3613,179,9,2025-01-14 09:39:25,147.95,efectivo
3614,120,7,2025-01-14 09:39:43,24.50,tarjeta
3615,760,10,2025-01-14 09:41:11,12.00,efectivo
3616,422,5,2025-01-14 09:48:08,36.95,efectivo
3617,245,9,2025-01-14 09:49:46,74.00,tarjeta
3618,753,2,2025-01-14 09:49:54,53.00,tarjeta
3619,12,3,2025-01-14 09:51:34,24.50,tarjeta
3620,449,5,2025-01-14 10:14:16,64.50,efectivo
3621,394,5,2025-01-14 10:15:04,24.50,tarjeta
3622,740,2,2025-01-14 10:17:04,57.45,efectivo
3623,64,5,2025-01-14 10:18:21,22.00,tarjeta
3624,236,2,2025-01-14 10:21:19,170.00,efectivo
3625,477,4,2025-01-14 10:22:51,51.45,efectivo
3626,814,3,2025-01-14 10:31:37,53.00,tarjeta
3627,839,9,2025-01-14 10:34:55,150.30,efectivo
3628,564,8,2025-01-14 10:37:07,57.85,tarjeta
3629,176,7,2025-01-14 10:44:27,26.95,tarjeta
3630,234,3,2025-01-14 10:44:33,79.90,tarjeta
3631,755,10,2025-01-14 10:49:05,56.50,tarjeta
3632,317,1,2025-01-14 10:54:43,82.45,efectivo
3633,920,4,2025-01-14 10:56:03,22.00,efectivo
3634,331,4,2025-01-14 10:57:48,153.90,tarjeta
3635,411,10,2025-01-14 11:02:52,12.35,tarjeta
3636,578,7,2025-01-14 11:06:18,10.00,efectivo
3637,580,8,2025-01-14 11:11:51,12.00,tarjeta
3638,837,2,2025-01-14 11:14:52,70.00,efectivo
3639,670,10,2025-01-14 11:16:52,53.00,tarjeta
3640,811,3,2025-01-14 11:17:47,95.35,efectivo
3641,81,3,2025-01-14 11:18:30,89.00,tarjeta
3642,180,4,2025-01-14 11:24:20,212.90,tarjeta
3643,385,8,2025-01-14 11:28:35,93.40,efectivo
3644,106,10,2025-01-14 11:33:41,24.35,efectivo
3645,198,3,2025-01-14 11:37:20,43.95,tarjeta
3646,659,8,2025-01-14 11:38:52,214.90,efectivo
3647,80,10,2025-01-14 11:47:00,160.95,tarjeta
3648,598,9,2025-01-14 11:48:16,54.90,tarjeta
3649,19,6,2025-01-14 11:51:59,47.00,tarjeta
3650,723,9,2025-01-14 11:52:57,67.95,tarjeta
3651,229,5,2025-01-14 11:53:15,71.40,efectivo
3652,310,5,2025-01-14 11:56:51,52.95,efectivo
3653,716,6,2025-01-14 11:59:51,71.95,tarjeta
3654,813,7,2025-01-14 11:59:54,10.95,efectivo
3655,687,10,2025-01-14 12:09:13,106.85,tarjeta
3656,44,10,2025-01-14 12:12:25,95.50,tarjeta
3657,635,3,2025-01-14 12:13:36,86.45,tarjeta
3658,345,8,2025-01-14 12:27:15,70.95,tarjeta
3659,162,7,2025-01-14 12:41:10,61.00,efectivo
3660,338,6,2025-01-14 12:52:43,81.45,efectivo
3661,839,2,2025-01-14 12:53:11,26.00,efectivo
3662,35,4,2025-01-14 12:59:14,65.45,tarjeta
3663,945,1,2025-01-14 13:00:07,119.90,efectivo
3664,75,7,2025-01-14 13:01:06,12.00,tarjeta
3665,826,3,2025-01-14 13:01:14,51.50,efectivo
3666,610,9,2025-01-14 13:02:50,89.95,efectivo
3667,187,6,2025-01-14 13:04:14,70.90,efectivo
3668,807,5,2025-01-14 13:05:03,90.50,tarjeta
3669,426,1,2025-01-14 13:06:11,34.00,efectivo
3670,411,10,2025-01-14 13:07:46,57.00,efectivo
3671,181,9,2025-01-14 13:12:05,10.00,tarjeta
3672,426,7,2025-01-14 13:12:45,147.25,tarjeta
3673,364,8,2025-01-14 13:12:57,64.50,tarjeta
3674,138,7,2025-01-14 13:19:24,42.50,tarjeta
3675,561,6,2025-01-14 13:19:28,92.50,tarjeta
3676,757,10,2025-01-14 13:24:26,166.65,efectivo
3677,150,3,2025-01-14 13:37:11,131.90,tarjeta
3678,615,9,2025-01-14 13:40:35,29.50,tarjeta
3679,802,1,2025-01-14 13:42:34,40.45,tarjeta
3680,130,2,2025-01-14 13:42:40,78.90,tarjeta
3681,21,8,2025-01-14 13:50:15,30.35,efectivo
3682,795,9,2025-01-14 13:55:49,82.50,efectivo
3683,841,2,2025-01-14 13:59:43,123.95,tarjeta
3684,598,10,2025-01-14 14:02:41,163.90,efectivo
3685,893,3,2025-01-14 14:05:58,73.50,efectivo
3686,367,4,2025-01-14 14:06:20,32.50,tarjeta
3687,891,3,2025-01-14 14:07:17,0.00,efectivo
3688,249,7,2025-01-14 14:09:19,16.50,efectivo
3689,454,6,2025-01-14 14:10:34,81.00,efectivo
3690,596,10,2025-01-14 14:14:22,77.50,efectivo
3691,738,6,2025-01-14 14:20:18,89.00,efectivo
3692,627,7,2025-01-14 14:21:20,10.95,efectivo
3693,251,7,2025-01-14 14:33:56,124.85,efectivo
3694,805,5,2025-01-14 14:33:57,47.50,efectivo
3695,742,1,2025-01-14 14:42:07,95.40,tarjeta
3696,642,10,2025-01-14 14:47:15,120.25,tarjeta
3697,337,3,2025-01-14 14:48:09,53.95,tarjeta
3698,865,8,2025-01-14 14:49:56,176.25,tarjeta
3699,429,7,2025-01-14 14:51:37,121.95,tarjeta
3700,450,6,2025-01-14 14:57:16,35.95,tarjeta
3701,714,3,2025-01-14 14:57:44,176.90,efectivo
3702,580,2,2025-01-14 15:04:02,127.50,efectivo
3703,837,5,2025-01-14 15:05:13,74.90,tarjeta
3704,539,2,2025-01-14 15:08:57,73.50,efectivo
3705,291,8,2025-01-14 15:09:10,94.80,tarjeta
3706,109,2,2025-01-14 15:10:47,130.75,efectivo
3707,938,8,2025-01-14 15:14:26,10.00,efectivo
3708,532,3,2025-01-14 15:23:09,94.85,efectivo
3709,273,6,2025-01-14 15:24:43,63.85,efectivo
3710,694,3,2025-01-14 15:28:45,104.35,efectivo
3711,723,9,2025-01-14 15:34:07,64.90,efectivo
3712,211,6,2025-01-14 15:37:10,75.95,efectivo
3713,613,4,2025-01-14 15:41:07,41.50,tarjeta
3714,137,3,2025-01-14 15:43:42,86.50,tarjeta
3715,695,4,2025-01-14 15:54:00,26.95,efectivo
3716,919,9,2025-01-14 15:55:42,57.00,efectivo
3717,995,6,2025-01-14 15:55:45,70.00,tarjeta
3718,351,5,2025-01-14 15:56:48,71.95,tarjeta
3719,497,5,2025-01-14 15:56:55,53.00,efectivo
3720,46,3,2025-01-14 16:00:15,10.95,efectivo
3721,113,4,2025-01-14 16:05:21,104.85,efectivo
3722,807,2,2025-01-14 16:11:18,70.95,efectivo
3723,522,6,2025-01-14 16:11:51,36.50,efectivo
3724,512,8,2025-01-14 16:12:54,57.00,tarjeta
3725,552,10,2025-01-14 16:16:28,19.95,tarjeta
3726,990,5,2025-01-14 16:21:29,64.50,efectivo
3727,960,5,2025-01-14 16:30:44,80.95,tarjeta
3728,698,4,2025-01-14 16:40:22,59.50,tarjeta
3729,517,8,2025-01-14 16:41:03,89.50,tarjeta
3730,709,6,2025-01-14 16:50:10,91.45,tarjeta
3731,495,10,2025-01-14 16:50:49,44.95,efectivo
3732,875,4,2025-01-14 16:52:44,109.90,tarjeta
3733,71,7,2025-01-14 16:55:46,89.95,tarjeta
3734,570,1,2025-01-14 16:58:01,93.95,tarjeta
3735,524,4,2025-01-14 17:03:02,128.00,efectivo
3736,726,10,2025-01-14 17:16:14,47.20,tarjeta
3737,193,7,2025-01-14 17:21:57,69.25,efectivo
3738,981,7,2025-01-14 17:26:13,46.50,tarjeta
3739,908,4,2025-01-14 17:43:27,47.45,efectivo
3740,209,8,2025-01-14 17:45:21,60.00,efectivo
3741,696,2,2025-01-14 17:45:32,85.00,tarjeta
3742,92,3,2025-01-14 17:45:35,41.50,efectivo
3743,449,7,2025-01-14 17:46:37,119.90,efectivo
3744,411,7,2025-01-14 17:48:41,78.50,efectivo
3745,655,2,2025-01-14 17:50:02,113.90,tarjeta
3746,927,3,2025-01-14 17:50:51,162.90,tarjeta
3747,462,3,2025-01-14 18:00:05,109.90,efectivo
3748,973,8,2025-01-14 18:00:42,35.00,tarjeta
3749,934,4,2025-01-14 18:01:17,44.90,tarjeta
3750,831,9,2025-01-14 18:15:55,115.50,tarjeta
3751,696,1,2025-01-14 18:21:55,90.50,efectivo
3752,810,4,2025-01-14 18:23:16,212.65,efectivo
3753,949,4,2025-01-14 18:27:25,88.75,efectivo
3754,973,4,2025-01-14 18:27:37,53.00,tarjeta
3755,508,3,2025-01-14 18:30:13,84.00,tarjeta
3756,679,9,2025-01-14 18:30:34,96.95,tarjeta
3757,391,7,2025-01-14 18:35:37,142.85,efectivo
3758,490,6,2025-01-14 18:39:09,112.00,tarjeta
3759,758,2,2025-01-14 18:41:11,0.00,efectivo
3760,708,8,2025-01-14 18:45:46,58.00,efectivo
3761,429,4,2025-01-14 18:52:07,138.35,tarjeta
3762,524,10,2025-01-14 18:56:33,69.40,efectivo
3763,996,1,2025-01-14 19:02:09,63.50,efectivo
3764,433,9,2025-01-14 19:03:11,138.85,efectivo
3765,223,1,2025-01-14 19:03:17,165.85,efectivo
3766,993,6,2025-01-14 19:03:28,76.90,tarjeta
3767,320,3,2025-01-14 19:10:14,58.00,efectivo
3768,892,8,2025-01-14 19:23:12,117.45,efectivo
3769,524,9,2025-01-14 19:30:12,139.75,tarjeta
3770,228,2,2025-01-14 19:32:19,97.00,efectivo
3771,918,3,2025-01-14 19:39:42,70.95,efectivo
3772,822,10,2025-01-14 19:49:51,105.95,tarjeta
3773,638,1,2025-01-14 19:50:41,72.50,efectivo
3774,746,7,2025-01-14 20:03:39,63.50,tarjeta
3775,931,2,2025-01-14 20:08:25,203.75,tarjeta
3776,826,1,2025-01-14 20:08:51,109.90,efectivo
3777,240,10,2025-01-14 20:12:01,57.00,tarjeta
3778,34,7,2025-01-14 20:18:35,90.50,tarjeta
3779,721,2,2025-01-14 20:21:45,55.50,efectivo
3780,299,7,2025-01-14 20:28:09,77.90,efectivo
3781,179,9,2025-01-14 20:28:21,120.40,efectivo
3782,540,8,2025-01-14 20:29:02,64.50,efectivo
3783,931,4,2025-01-14 20:29:42,102.00,tarjeta
3784,104,10,2025-01-14 20:30:24,62.45,efectivo
3785,970,1,2025-01-14 20:35:48,43.00,efectivo
3786,50,10,2025-01-14 20:37:57,70.80,efectivo
3787,537,3,2025-01-14 20:40:01,55.50,efectivo
3788,512,9,2025-01-14 20:45:00,59.95,tarjeta
3789,118,4,2025-01-14 20:48:10,110.40,efectivo
3790,371,2,2025-01-14 20:48:59,77.00,efectivo
3791,357,6,2025-01-14 21:01:03,47.00,efectivo
3792,603,6,2025-01-14 21:02:08,0.00,efectivo
3793,696,9,2025-01-14 21:04:03,66.95,tarjeta
3794,792,10,2025-01-14 21:05:23,58.85,efectivo
3795,225,2,2025-01-14 21:23:39,86.50,efectivo
3796,816,1,2025-01-14 21:41:37,156.85,tarjeta
3797,931,9,2025-01-14 21:43:59,151.35,tarjeta
3798,283,3,2025-01-14 21:51:18,112.00,efectivo
3799,203,10,2025-01-14 21:51:44,35.00,efectivo
3800,659,7,2025-01-14 21:58:16,222.30,efectivo
3801,770,7,2025-01-14 22:04:00,54.50,tarjeta
3802,998,7,2025-01-14 22:06:22,48.00,tarjeta
3803,75,10,2025-01-14 22:20:34,10.00,efectivo
3804,234,6,2025-01-14 22:24:02,137.00,tarjeta
3805,660,2,2025-01-14 22:29:49,88.95,efectivo
3806,608,1,2025-01-14 22:55:45,33.00,tarjeta
3807,264,8,2025-01-15 06:11:19,144.85,efectivo
3808,218,7,2025-01-15 06:12:56,24.95,tarjeta
3809,797,6,2025-01-15 06:15:59,108.00,efectivo
3810,361,7,2025-01-15 06:18:04,31.00,tarjeta
3811,54,7,2025-01-15 06:19:42,24.50,efectivo
3812,67,6,2025-01-15 06:21:21,34.50,efectivo
3813,954,4,2025-01-15 06:24:39,76.00,efectivo
3814,548,8,2025-01-15 06:25:44,34.50,efectivo
3815,302,3,2025-01-15 06:27:31,12.00,efectivo
3816,448,1,2025-01-15 06:30:19,46.50,efectivo
3817,428,8,2025-01-15 06:58:12,29.50,efectivo
3818,61,3,2025-01-15 06:58:55,29.50,tarjeta
3819,796,7,2025-01-15 06:59:56,42.45,tarjeta
3820,597,3,2025-01-15 06:59:59,31.00,efectivo
3821,119,5,2025-01-15 07:01:32,31.00,efectivo
3822,93,3,2025-01-15 07:02:13,37.50,tarjeta
3823,206,2,2025-01-15 07:04:48,88.45,tarjeta
3824,257,3,2025-01-15 07:06:41,39.00,efectivo
3825,890,6,2025-01-15 07:09:22,42.50,efectivo
3826,850,6,2025-01-15 07:15:03,8.00,tarjeta
3827,885,5,2025-01-15 07:20:42,71.45,efectivo
3828,535,2,2025-01-15 07:21:29,26.95,tarjeta
3829,680,3,2025-01-15 07:25:11,0.00,efectivo
3830,933,10,2025-01-15 07:27:04,35.00,tarjeta
3831,460,5,2025-01-15 07:27:52,31.00,tarjeta
3832,617,8,2025-01-15 07:28:38,49.00,efectivo
3833,477,1,2025-01-15 07:28:57,46.50,efectivo
3834,895,8,2025-01-15 07:30:45,22.00,tarjeta
3835,945,10,2025-01-15 07:32:47,107.40,efectivo
3836,556,7,2025-01-15 07:34:01,70.45,tarjeta
3837,356,5,2025-01-15 07:37:49,53.00,efectivo
3838,506,2,2025-01-15 07:38:45,26.95,efectivo
3839,69,3,2025-01-15 07:41:22,42.45,efectivo
3840,376,3,2025-01-15 07:43:29,24.50,efectivo
3841,956,1,2025-01-15 07:49:55,106.00,efectivo
3842,372,7,2025-01-15 07:51:42,87.95,efectivo
3843,216,1,2025-01-15 07:54:03,41.00,efectivo
3844,205,4,2025-01-15 07:55:28,135.00,tarjeta
3845,926,7,2025-01-15 07:56:10,32.95,tarjeta
3846,783,10,2025-01-15 08:03:16,71.45,tarjeta
3847,15,9,2025-01-15 08:03:48,44.00,tarjeta
3848,356,2,2025-01-15 08:04:34,12.00,efectivo
3849,195,7,2025-01-15 08:05:43,42.00,efectivo
3850,760,3,2025-01-15 08:11:32,51.45,tarjeta
3851,203,7,2025-01-15 08:11:53,59.45,efectivo
3852,59,1,2025-01-15 08:12:49,59.90,tarjeta
3853,89,10,2025-01-15 08:14:02,38.45,efectivo
3854,824,10,2025-01-15 08:15:38,109.60,efectivo
3855,386,10,2025-01-15 08:18:21,108.25,tarjeta
3856,927,2,2025-01-15 08:20:43,125.95,efectivo
3857,2,2,2025-01-15 08:21:48,46.50,efectivo
3858,451,4,2025-01-15 08:21:57,18.00,efectivo
3859,691,5,2025-01-15 08:21:59,15.50,tarjeta
3860,875,3,2025-01-15 08:23:56,71.90,tarjeta
3861,313,8,2025-01-15 08:25:22,8.00,tarjeta
3862,793,5,2025-01-15 08:26:23,31.00,efectivo
3863,469,6,2025-01-15 08:33:39,34.00,tarjeta
3864,112,2,2025-01-15 08:40:43,24.50,efectivo
3865,732,8,2025-01-15 08:47:12,56.50,tarjeta
3866,461,5,2025-01-15 08:52:06,36.00,tarjeta
3867,270,3,2025-01-15 08:52:11,12.00,tarjeta
3868,248,2,2025-01-15 08:52:12,128.20,tarjeta
3869,437,9,2025-01-15 08:59:48,28.00,tarjeta
3870,377,9,2025-01-15 09:02:02,12.00,efectivo
3871,293,2,2025-01-15 09:05:02,20.95,efectivo
3872,376,8,2025-01-15 09:05:09,36.50,tarjeta
3873,767,2,2025-01-15 09:09:39,24.50,tarjeta
3874,725,10,2025-01-15 09:11:02,67.95,efectivo
3875,803,3,2025-01-15 09:11:38,51.45,tarjeta
3876,907,7,2025-01-15 09:13:48,125.75,tarjeta
3877,691,5,2025-01-15 09:18:29,41.00,tarjeta
3878,976,7,2025-01-15 09:19:14,26.95,tarjeta
3879,9,10,2025-01-15 09:26:08,48.95,tarjeta
3880,499,8,2025-01-15 09:27:15,198.00,efectivo
3881,954,5,2025-01-15 09:27:15,31.00,tarjeta
3882,41,9,2025-01-15 09:33:21,46.95,tarjeta
3883,712,2,2025-01-15 09:33:59,51.45,tarjeta
3884,698,8,2025-01-15 09:35:20,68.50,efectivo
3885,763,7,2025-01-15 09:37:49,23.50,tarjeta
3886,974,9,2025-01-15 09:40:25,70.50,efectivo
3887,927,10,2025-01-15 09:41:01,69.95,tarjeta
3888,603,7,2025-01-15 09:44:40,75.45,tarjeta
3889,602,8,2025-01-15 09:49:29,37.45,efectivo
3890,800,2,2025-01-15 09:52:05,18.00,tarjeta
3891,850,10,2025-01-15 09:53:02,34.50,tarjeta
3892,675,3,2025-01-15 09:57:23,47.50,tarjeta
3893,661,6,2025-01-15 10:00:53,68.95,tarjeta
3894,706,8,2025-01-15 10:03:42,44.95,efectivo
3895,170,10,2025-01-15 10:06:38,34.50,tarjeta
3896,787,2,2025-01-15 10:14:39,27.50,tarjeta
3897,350,4,2025-01-15 10:15:28,47.90,tarjeta
3898,367,10,2025-01-15 10:16:38,149.70,tarjeta
3899,119,5,2025-01-15 10:18:46,61.90,tarjeta
3900,232,3,2025-01-15 10:19:49,37.50,tarjeta
3901,307,2,2025-01-15 10:21:41,16.50,tarjeta
3902,965,3,2025-01-15 10:22:12,94.95,tarjeta
3903,457,6,2025-01-15 10:22:40,46.50,tarjeta
3904,383,7,2025-01-15 10:24:02,35.45,efectivo
3905,78,10,2025-01-15 10:24:20,46.50,tarjeta
3906,2,9,2025-01-15 10:25:12,49.00,tarjeta
3907,915,7,2025-01-15 10:32:31,35.45,tarjeta
3908,122,2,2025-01-15 10:36:41,22.50,tarjeta
3909,582,5,2025-01-15 10:39:49,26.95,efectivo
3910,860,7,2025-01-15 10:44:14,40.50,tarjeta
3911,937,7,2025-01-15 10:47:44,130.50,efectivo
3912,33,9,2025-01-15 10:53:10,10.00,efectivo
3913,230,7,2025-01-15 11:07:58,31.95,tarjeta
3914,179,6,2025-01-15 11:08:59,59.25,efectivo
3915,768,5,2025-01-15 11:09:31,50.00,efectivo
3916,246,5,2025-01-15 11:12:04,75.85,efectivo
3917,776,6,2025-01-15 11:14:15,38.35,efectivo
3918,458,3,2025-01-15 11:16:39,18.00,tarjeta
3919,44,8,2025-01-15 11:18:38,92.85,tarjeta
3920,444,3,2025-01-15 11:20:49,37.95,efectivo
3921,430,9,2025-01-15 11:21:23,80.45,efectivo
3922,824,8,2025-01-15 11:21:55,38.90,tarjeta
3923,958,10,2025-01-15 11:26:20,53.95,tarjeta
3924,226,4,2025-01-15 11:28:02,36.95,tarjeta
3925,517,7,2025-01-15 11:35:14,79.00,tarjeta
3926,7,2,2025-01-15 11:40:52,15.50,tarjeta
3927,861,8,2025-01-15 11:48:07,60.50,efectivo
3928,669,2,2025-01-15 11:49:04,102.00,efectivo
3929,999,8,2025-01-15 11:49:48,53.50,tarjeta
3930,555,5,2025-01-15 11:58:08,29.50,tarjeta
3931,297,8,2025-01-15 11:58:15,35.95,tarjeta
3932,339,4,2025-01-15 12:03:52,105.20,tarjeta
3933,388,7,2025-01-15 12:08:22,72.90,efectivo
3934,228,1,2025-01-15 12:13:50,87.85,efectivo
3935,692,3,2025-01-15 12:20:06,165.80,efectivo
3936,354,6,2025-01-15 12:28:36,89.00,efectivo
3937,385,9,2025-01-15 12:30:48,34.95,tarjeta
3938,645,5,2025-01-15 12:40:36,117.90,efectivo
3939,43,6,2025-01-15 12:44:42,32.00,tarjeta
3940,552,4,2025-01-15 12:46:07,102.95,efectivo
3941,99,4,2025-01-15 12:50:56,8.00,efectivo
3942,255,4,2025-01-15 12:56:10,67.95,tarjeta
3943,886,7,2025-01-15 12:56:31,50.00,efectivo
3944,382,4,2025-01-15 12:57:02,105.85,tarjeta
3945,154,1,2025-01-15 12:59:46,26.95,tarjeta
3946,531,7,2025-01-15 13:01:22,55.50,tarjeta
3947,252,9,2025-01-15 13:05:01,94.80,efectivo
3948,952,3,2025-01-15 13:05:01,50.50,efectivo
3949,162,6,2025-01-15 13:10:55,54.50,efectivo
3950,500,7,2025-01-15 13:11:03,73.40,efectivo
3951,776,9,2025-01-15 13:25:27,46.50,efectivo
3952,21,3,2025-01-15 13:29:25,44.00,efectivo
3953,669,1,2025-01-15 13:29:33,77.95,tarjeta
3954,780,6,2025-01-15 13:31:40,36.00,efectivo
3955,291,3,2025-01-15 13:34:12,26.00,tarjeta
3956,806,9,2025-01-15 13:35:36,160.90,tarjeta
3957,316,2,2025-01-15 13:41:24,15.50,efectivo
3958,853,5,2025-01-15 13:50:29,169.70,tarjeta
3959,620,9,2025-01-15 13:52:32,81.95,efectivo
3960,462,2,2025-01-15 13:56:55,80.00,efectivo
3961,813,1,2025-01-15 13:57:25,68.80,efectivo
3962,184,5,2025-01-15 13:58:46,216.85,tarjeta
3963,385,8,2025-01-15 14:11:17,32.00,tarjeta
3964,852,10,2025-01-15 14:12:18,87.50,tarjeta
3965,449,8,2025-01-15 14:13:26,83.45,tarjeta
3966,594,5,2025-01-15 14:16:41,31.00,tarjeta
3967,651,8,2025-01-15 14:24:28,108.95,tarjeta
3968,802,4,2025-01-15 14:38:08,70.00,tarjeta
3969,190,5,2025-01-15 14:44:27,35.00,tarjeta
3970,234,8,2025-01-15 14:45:59,100.40,efectivo
3971,24,5,2025-01-15 14:48:24,88.00,efectivo
3972,159,5,2025-01-15 14:52:18,41.50,tarjeta
3973,891,3,2025-01-15 14:55:13,28.50,efectivo
3974,400,10,2025-01-15 15:12:31,31.00,tarjeta
3975,168,10,2025-01-15 15:12:34,138.90,efectivo
3976,851,9,2025-01-15 15:20:14,53.00,tarjeta
3977,731,9,2025-01-15 15:25:18,22.35,efectivo
3978,163,2,2025-01-15 15:27:47,53.00,tarjeta
3979,919,5,2025-01-15 15:27:58,152.00,efectivo
3980,768,10,2025-01-15 15:34:32,86.45,efectivo
3981,645,2,2025-01-15 15:44:49,99.90,efectivo
3982,471,7,2025-01-15 15:49:50,181.50,tarjeta
3983,659,2,2025-01-15 15:52:47,132.90,efectivo
3984,35,2,2025-01-15 15:52:59,35.00,efectivo
3985,556,10,2025-01-15 15:55:40,70.90,efectivo
3986,959,6,2025-01-15 15:55:52,68.95,efectivo
3987,145,7,2025-01-15 15:56:23,150.80,tarjeta
3988,190,7,2025-01-15 15:56:49,87.45,efectivo
3989,142,3,2025-01-15 16:00:17,10.00,tarjeta
3990,107,1,2025-01-15 16:10:35,57.90,efectivo
3991,995,4,2025-01-15 16:11:51,175.00,tarjeta
3992,442,7,2025-01-15 16:22:07,8.00,efectivo
3993,332,9,2025-01-15 16:23:46,88.45,tarjeta
3994,661,4,2025-01-15 16:27:37,169.85,tarjeta
3995,490,9,2025-01-15 16:27:42,98.50,tarjeta
3996,690,5,2025-01-15 16:28:07,106.95,tarjeta
3997,300,4,2025-01-15 16:34:19,46.50,tarjeta
3998,918,5,2025-01-15 16:36:50,18.00,efectivo
3999,827,6,2025-01-15 16:43:45,158.25,efectivo
4000,510,2,2025-01-15 16:44:08,12.35,tarjeta
4001,833,3,2025-01-15 16:51:13,95.00,tarjeta
4002,635,4,2025-01-15 16:52:00,82.00,tarjeta
4003,971,2,2025-01-15 16:58:00,75.00,efectivo
4004,311,3,2025-01-15 17:03:31,10.00,efectivo
4005,389,3,2025-01-15 17:14:26,113.75,tarjeta
4006,162,2,2025-01-15 17:29:27,68.40,efectivo
4007,228,2,2025-01-15 17:43:44,100.50,efectivo
4008,471,3,2025-01-15 17:44:05,38.50,efectivo
4009,991,9,2025-01-15 17:44:29,10.00,tarjeta
4010,349,9,2025-01-15 17:45:19,84.35,efectivo
4011,825,1,2025-01-15 17:46:34,64.50,efectivo
4012,65,5,2025-01-15 17:56:51,96.90,efectivo
4013,130,5,2025-01-15 17:59:08,80.50,efectivo
4014,531,7,2025-01-15 18:05:32,35.95,efectivo
4015,52,9,2025-01-15 18:14:59,70.50,tarjeta
4016,941,7,2025-01-15 18:20:56,67.30,efectivo
4017,22,3,2025-01-15 18:37:10,22.00,tarjeta
4018,236,4,2025-01-15 18:38:49,48.45,tarjeta
4019,234,8,2025-01-15 18:39:16,96.95,tarjeta
4020,528,3,2025-01-15 18:42:07,16.50,efectivo
4021,234,9,2025-01-15 18:44:05,105.80,tarjeta
4022,372,10,2025-01-15 18:45:46,134.40,efectivo
4023,22,10,2025-01-15 19:08:09,70.00,tarjeta
4024,440,6,2025-01-15 19:10:30,120.80,efectivo
4025,140,7,2025-01-15 19:11:58,74.50,tarjeta
4026,937,9,2025-01-15 19:15:09,179.45,tarjeta
4027,940,6,2025-01-15 19:15:58,61.00,tarjeta
4028,278,7,2025-01-15 19:17:55,136.95,tarjeta
4029,517,9,2025-01-15 19:24:59,93.00,efectivo
4030,104,3,2025-01-15 19:27:54,173.95,efectivo
4031,367,2,2025-01-15 19:52:38,57.90,efectivo
4032,14,9,2025-01-15 20:03:26,68.40,efectivo
4033,756,10,2025-01-15 20:03:38,49.85,efectivo
4034,137,5,2025-01-15 20:13:51,59.95,efectivo
4035,395,7,2025-01-15 20:18:41,52.00,efectivo
4036,438,6,2025-01-15 20:27:51,70.90,efectivo
4037,440,7,2025-01-15 20:30:45,133.00,efectivo
4038,825,4,2025-01-15 20:44:40,63.00,tarjeta
4039,660,8,2025-01-15 20:48:43,116.75,efectivo
4040,337,7,2025-01-15 20:50:05,48.50,tarjeta
4041,805,1,2025-01-15 21:05:10,32.00,efectivo
4042,332,10,2025-01-15 21:07:40,28.95,tarjeta
4043,723,3,2025-01-15 21:16:05,97.50,tarjeta
4044,407,8,2025-01-15 21:22:04,79.95,tarjeta
4045,672,3,2025-01-15 21:22:30,88.00,efectivo
4046,136,5,2025-01-15 21:24:11,86.50,tarjeta
4047,393,8,2025-01-15 21:25:34,90.00,tarjeta
4048,951,7,2025-01-15 21:36:48,67.40,efectivo
4049,715,10,2025-01-15 21:38:40,49.90,tarjeta
4050,467,6,2025-01-15 21:39:46,110.85,efectivo
4051,672,10,2025-01-15 21:47:33,70.50,tarjeta
4052,221,7,2025-01-15 21:50:58,24.95,tarjeta
4053,648,6,2025-01-15 21:59:26,89.50,efectivo
4054,905,4,2025-01-15 22:04:45,100.85,efectivo
4055,596,8,2025-01-15 22:05:45,35.95,tarjeta
4056,100,8,2025-01-15 22:08:27,0.00,tarjeta
4057,162,7,2025-01-15 22:10:05,86.00,tarjeta
4058,624,7,2025-01-15 22:17:59,8.00,tarjeta
4059,341,9,2025-01-15 22:22:13,64.50,efectivo
4060,926,10,2025-01-15 22:25:33,82.45,efectivo
4061,113,5,2025-01-15 22:31:19,93.00,efectivo
4062,573,6,2025-01-15 22:32:07,98.30,tarjeta
4063,92,7,2025-01-15 22:34:35,50.00,tarjeta
4064,671,1,2025-01-15 22:40:24,119.50,tarjeta
4065,737,3,2025-01-15 22:47:58,58.00,tarjeta
4066,234,3,2025-01-15 22:50:59,57.90,efectivo
4067,81,8,2025-01-15 22:53:23,133.85,tarjeta
4068,434,5,2025-01-15 22:56:28,82.50,tarjeta
4069,760,6,2025-01-16 06:07:34,46.90,tarjeta
4070,423,3,2025-01-16 06:11:26,26.95,tarjeta
4071,105,4,2025-01-16 06:11:52,34.00,efectivo
4072,858,7,2025-01-16 06:13:06,10.95,efectivo
4073,344,4,2025-01-16 06:14:33,43.00,tarjeta
4074,532,3,2025-01-16 06:14:52,88.00,tarjeta
4075,112,9,2025-01-16 06:16:57,41.00,tarjeta
4076,936,6,2025-01-16 06:20:07,78.45,efectivo
4077,28,8,2025-01-16 06:20:58,61.45,tarjeta
4078,140,8,2025-01-16 06:24:20,26.00,efectivo
4079,450,6,2025-01-16 06:39:59,58.00,tarjeta
4080,180,3,2025-01-16 06:45:03,121.80,tarjeta
4081,801,1,2025-01-16 06:46:11,29.50,efectivo
4082,133,10,2025-01-16 06:46:33,73.45,tarjeta
4083,620,4,2025-01-16 06:50:30,10.00,efectivo
4084,101,5,2025-01-16 06:51:20,44.00,tarjeta
4085,281,3,2025-01-16 06:57:05,20.95,tarjeta
4086,317,9,2025-01-16 06:59:19,46.50,efectivo
4087,972,2,2025-01-16 07:01:18,31.00,tarjeta
4088,372,2,2025-01-16 07:06:11,145.95,tarjeta
4089,591,4,2025-01-16 07:07:58,92.50,tarjeta
4090,260,8,2025-01-16 07:15:21,35.00,efectivo
4091,858,9,2025-01-16 07:24:08,24.50,efectivo
4092,216,9,2025-01-16 07:27:41,56.50,tarjeta
4093,868,9,2025-01-16 07:30:24,70.00,efectivo
4094,10,10,2025-01-16 07:32:37,43.50,efectivo
4095,172,7,2025-01-16 07:35:36,63.00,tarjeta
4096,964,3,2025-01-16 07:38:45,31.00,tarjeta
4097,456,5,2025-01-16 07:39:02,76.95,efectivo
4098,566,5,2025-01-16 07:40:31,95.50,tarjeta
4099,193,5,2025-01-16 07:40:39,200.85,efectivo
4100,789,8,2025-01-16 07:41:38,22.00,tarjeta
4101,45,8,2025-01-16 07:46:17,60.45,efectivo
4102,394,3,2025-01-16 07:47:10,52.95,efectivo
4103,893,10,2025-01-16 07:48:06,80.00,efectivo
4104,951,7,2025-01-16 07:48:42,35.00,tarjeta
4105,362,2,2025-01-16 07:50:50,15.00,tarjeta
4106,206,6,2025-01-16 07:51:04,26.45,efectivo
4107,921,7,2025-01-16 07:57:52,40.00,tarjeta
4108,796,8,2025-01-16 08:01:10,34.50,tarjeta
4109,956,10,2025-01-16 08:04:26,182.25,efectivo
4110,209,4,2025-01-16 08:06:28,32.00,tarjeta
4111,570,4,2025-01-16 08:08:28,58.95,tarjeta
4112,464,3,2025-01-16 08:10:24,40.00,efectivo
4113,923,6,2025-01-16 08:10:39,37.90,efectivo
4114,561,3,2025-01-16 08:14:35,318.70,efectivo
4115,511,2,2025-01-16 08:23:58,135.35,tarjeta
4116,586,9,2025-01-16 08:24:21,35.00,tarjeta
4117,706,10,2025-01-16 08:26:52,24.50,efectivo
4118,913,5,2025-01-16 08:27:21,79.50,efectivo
4119,428,4,2025-01-16 08:30:30,73.95,tarjeta
4120,315,10,2025-01-16 08:31:53,59.50,tarjeta
4121,598,3,2025-01-16 08:32:56,146.50,efectivo
4122,713,2,2025-01-16 08:34:55,53.00,efectivo
4123,948,1,2025-01-16 08:36:10,34.95,efectivo
4124,689,9,2025-01-16 08:41:55,36.50,efectivo
4125,75,8,2025-01-16 08:43:39,56.95,efectivo
4126,78,6,2025-01-16 08:44:51,32.95,tarjeta
4127,184,1,2025-01-16 08:45:09,114.85,efectivo
4128,85,10,2025-01-16 08:47:31,60.90,efectivo
4129,445,10,2025-01-16 08:47:49,35.45,efectivo
4130,65,9,2025-01-16 08:49:07,54.50,efectivo
4131,250,1,2025-01-16 08:50:51,26.95,tarjeta
4132,600,7,2025-01-16 08:51:20,55.50,efectivo
4133,506,7,2025-01-16 09:04:28,22.00,efectivo
4134,92,7,2025-01-16 09:14:04,80.40,efectivo
4135,337,6,2025-01-16 09:14:55,64.50,efectivo
4136,772,4,2025-01-16 09:20:11,28.50,efectivo
4137,921,2,2025-01-16 09:22:20,40.00,tarjeta
4138,671,8,2025-01-16 09:23:50,93.35,efectivo
4139,962,9,2025-01-16 09:26:19,53.00,efectivo
4140,103,7,2025-01-16 09:27:52,82.45,efectivo
4141,356,6,2025-01-16 09:38:05,15.50,efectivo
4142,506,9,2025-01-16 09:45:23,15.50,efectivo
4143,921,7,2025-01-16 09:51:20,77.50,tarjeta
4144,873,8,2025-01-16 09:56:38,26.95,efectivo
4145,803,9,2025-01-16 10:01:01,26.95,efectivo
4146,576,7,2025-01-16 10:05:06,50.00,efectivo
4147,765,10,2025-01-16 10:05:35,55.50,efectivo
4148,533,3,2025-01-16 10:11:08,12.00,tarjeta
4149,792,4,2025-01-16 10:12:25,24.50,efectivo
4150,755,8,2025-01-16 10:13:38,36.50,tarjeta
4151,680,8,2025-01-16 10:17:24,10.95,tarjeta
4152,917,6,2025-01-16 10:17:34,48.95,tarjeta
4153,257,10,2025-01-16 10:22:41,15.50,efectivo
4154,404,3,2025-01-16 10:24:40,78.50,efectivo
4155,596,2,2025-01-16 10:25:54,50.95,tarjeta
4156,708,9,2025-01-16 10:27:14,53.95,tarjeta
4157,122,6,2025-01-16 10:29:42,101.95,tarjeta
4158,103,1,2025-01-16 10:30:44,40.00,tarjeta
4159,418,3,2025-01-16 10:39:09,160.60,efectivo
4160,924,10,2025-01-16 10:43:58,108.85,tarjeta
4161,755,10,2025-01-16 10:44:20,38.90,tarjeta
4162,967,7,2025-01-16 10:46:20,45.45,tarjeta
4163,437,7,2025-01-16 10:48:07,37.50,tarjeta
4164,197,4,2025-01-16 10:51:13,38.95,tarjeta
4165,209,7,2025-01-16 10:51:32,87.20,efectivo
4166,920,5,2025-01-16 10:52:21,61.95,tarjeta
4167,760,8,2025-01-16 10:52:51,46.40,efectivo
4168,933,8,2025-01-16 11:01:45,157.75,efectivo
4169,623,2,2025-01-16 11:02:13,68.40,tarjeta
4170,570,3,2025-01-16 11:03:10,59.50,efectivo
4171,721,9,2025-01-16 11:03:38,22.50,efectivo
4172,498,9,2025-01-16 11:04:59,26.00,efectivo
4173,670,8,2025-01-16 11:11:35,63.85,tarjeta
4174,859,7,2025-01-16 11:12:00,35.00,efectivo
4175,729,2,2025-01-16 11:15:41,53.95,tarjeta
4176,602,6,2025-01-16 11:26:33,27.45,tarjeta
4177,413,5,2025-01-16 11:27:51,70.90,efectivo
4178,637,3,2025-01-16 11:28:54,57.50,efectivo
4179,591,7,2025-01-16 11:30:22,68.50,tarjeta
4180,779,4,2025-01-16 11:35:40,63.00,tarjeta
4181,410,2,2025-01-16 11:37:00,72.95,efectivo
4182,620,3,2025-01-16 11:37:13,111.40,tarjeta
4183,470,4,2025-01-16 11:38:36,30.00,tarjeta
4184,717,1,2025-01-16 11:43:12,198.65,tarjeta
4185,472,3,2025-01-16 11:48:36,176.95,efectivo
4186,623,7,2025-01-16 12:02:52,73.50,efectivo
4187,581,3,2025-01-16 12:07:47,63.00,tarjeta
4188,190,8,2025-01-16 12:09:36,77.50,efectivo
4189,913,10,2025-01-16 12:17:44,85.50,efectivo
4190,342,5,2025-01-16 12:22:58,18.00,tarjeta
4191,320,1,2025-01-16 12:23:48,73.50,tarjeta
4192,681,10,2025-01-16 12:30:05,98.00,tarjeta
4193,876,6,2025-01-16 12:31:26,166.75,tarjeta
4194,465,2,2025-01-16 12:31:51,87.95,efectivo
4195,187,2,2025-01-16 12:38:32,86.75,efectivo
4196,534,2,2025-01-16 12:41:21,15.50,efectivo
4197,243,10,2025-01-16 12:41:45,185.35,tarjeta
4198,66,10,2025-01-16 12:45:30,61.95,efectivo
4199,554,4,2025-01-16 12:50:00,142.85,tarjeta
4200,310,9,2025-01-16 12:55:08,74.50,tarjeta
4201,737,4,2025-01-16 12:56:03,110.90,tarjeta
4202,316,3,2025-01-16 13:00:46,45.95,efectivo
4203,531,6,2025-01-16 13:08:08,128.95,efectivo
4204,887,5,2025-01-16 13:36:07,114.85,efectivo
4205,328,6,2025-01-16 13:37:35,162.85,efectivo
4206,982,5,2025-01-16 13:38:34,73.50,tarjeta
4207,996,8,2025-01-16 13:40:03,38.95,tarjeta
4208,708,10,2025-01-16 13:47:35,90.50,efectivo
4209,50,3,2025-01-16 13:52:35,68.30,efectivo
4210,617,8,2025-01-16 13:53:43,54.95,tarjeta
4211,349,9,2025-01-16 13:58:18,73.80,efectivo
4212,482,5,2025-01-16 14:00:29,61.00,efectivo
4213,140,9,2025-01-16 14:03:04,61.00,tarjeta
4214,970,5,2025-01-16 14:03:20,78.90,efectivo
4215,236,6,2025-01-16 14:13:28,143.85,tarjeta
4216,395,10,2025-01-16 14:37:26,70.00,tarjeta
4217,484,7,2025-01-16 14:38:33,141.80,tarjeta
4218,142,2,2025-01-16 14:47:55,90.50,tarjeta
4219,641,9,2025-01-16 14:48:38,58.00,tarjeta
4220,886,9,2025-01-16 14:54:12,26.00,tarjeta
4221,758,10,2025-01-16 15:00:00,18.00,tarjeta
4222,483,4,2025-01-16 15:04:36,25.50,efectivo
4223,906,3,2025-01-16 15:09:58,91.90,tarjeta
4224,786,1,2025-01-16 15:21:32,28.50,tarjeta
4225,849,10,2025-01-16 15:22:38,130.50,efectivo
4226,318,1,2025-01-16 15:26:48,77.00,efectivo
4227,543,8,2025-01-16 15:28:39,30.00,tarjeta
4228,620,4,2025-01-16 15:29:46,52.45,efectivo
4229,355,6,2025-01-16 15:31:24,22.50,efectivo
4230,282,4,2025-01-16 15:41:27,53.95,tarjeta
4231,323,8,2025-01-16 15:41:51,227.25,tarjeta
4232,717,10,2025-01-16 15:48:00,119.90,efectivo
4233,360,8,2025-01-16 15:52:11,50.50,efectivo
4234,933,1,2025-01-16 15:55:58,48.30,tarjeta
4235,22,4,2025-01-16 15:56:17,35.95,efectivo
4236,834,7,2025-01-16 16:01:14,171.30,tarjeta
4237,451,3,2025-01-16 16:03:45,68.90,tarjeta
4238,286,9,2025-01-16 16:10:54,10.00,tarjeta
4239,825,8,2025-01-16 16:13:12,81.90,efectivo
4240,807,2,2025-01-16 16:14:01,38.90,efectivo
4241,150,6,2025-01-16 16:15:41,31.00,tarjeta
4242,379,4,2025-01-16 16:20:52,46.50,tarjeta
4243,348,3,2025-01-16 16:24:47,117.45,tarjeta
4244,386,6,2025-01-16 16:25:04,137.00,efectivo
4245,887,5,2025-01-16 16:25:09,96.40,efectivo
4246,243,8,2025-01-16 16:26:00,122.95,tarjeta
4247,694,10,2025-01-16 16:28:58,99.60,tarjeta
4248,484,4,2025-01-16 16:29:47,179.00,tarjeta
4249,891,10,2025-01-16 16:30:12,47.50,efectivo
4250,811,7,2025-01-16 16:33:27,178.65,tarjeta
4251,363,3,2025-01-16 16:35:16,114.85,efectivo
4252,832,8,2025-01-16 16:36:50,113.90,tarjeta
4253,414,8,2025-01-16 16:43:18,138.50,tarjeta
4254,372,4,2025-01-16 16:46:08,159.25,efectivo
4255,373,7,2025-01-16 16:46:22,18.00,tarjeta
4256,31,1,2025-01-16 16:50:13,172.00,tarjeta
4257,343,9,2025-01-16 16:56:19,12.35,efectivo
4258,433,8,2025-01-16 17:04:33,53.00,tarjeta
4259,823,9,2025-01-16 17:06:46,127.50,efectivo
4260,546,2,2025-01-16 17:25:09,74.90,tarjeta
4261,348,6,2025-01-16 17:28:16,82.85,efectivo
4262,488,1,2025-01-16 17:30:51,86.40,tarjeta
4263,476,5,2025-01-16 17:32:21,107.40,tarjeta
4264,97,5,2025-01-16 17:39:01,53.00,tarjeta
4265,462,1,2025-01-16 17:43:45,83.00,efectivo
4266,646,7,2025-01-16 17:47:19,22.00,tarjeta
4267,227,7,2025-01-16 17:48:03,68.40,tarjeta
4268,627,8,2025-01-16 17:48:53,47.50,efectivo
4269,829,1,2025-01-16 17:52:15,131.75,efectivo
4270,926,10,2025-01-16 17:54:53,49.90,efectivo
4271,892,2,2025-01-16 17:56:49,61.00,efectivo
4272,189,7,2025-01-16 17:56:53,98.00,efectivo
4273,264,1,2025-01-16 17:59:54,157.90,tarjeta
4274,971,8,2025-01-16 18:03:11,12.35,tarjeta
4275,622,5,2025-01-16 18:06:23,129.40,tarjeta
4276,615,3,2025-01-16 18:08:55,85.50,efectivo
4277,426,8,2025-01-16 18:10:15,174.30,efectivo
4278,60,2,2025-01-16 18:23:24,54.50,tarjeta
4279,886,3,2025-01-16 18:37:09,26.00,tarjeta
4280,704,2,2025-01-16 18:43:04,47.50,efectivo
4281,554,3,2025-01-16 18:51:39,119.00,tarjeta
4282,870,2,2025-01-16 18:55:03,130.95,tarjeta
4283,733,1,2025-01-16 18:58:27,76.45,efectivo
4284,560,10,2025-01-16 19:04:24,61.95,tarjeta
4285,297,8,2025-01-16 19:04:34,97.80,tarjeta
4286,44,9,2025-01-16 19:05:15,64.50,efectivo
4287,291,3,2025-01-16 19:10:16,94.50,tarjeta
4288,418,9,2025-01-16 19:12:19,61.50,efectivo
4289,490,3,2025-01-16 19:17:09,27.50,efectivo
4290,771,9,2025-01-16 19:17:35,127.80,tarjeta
4291,886,5,2025-01-16 19:17:43,58.50,tarjeta
4292,879,9,2025-01-16 19:22:40,84.85,tarjeta
4293,634,3,2025-01-16 19:25:45,51.50,tarjeta
4294,162,9,2025-01-16 19:29:54,53.45,efectivo
4295,484,2,2025-01-16 19:41:35,78.85,tarjeta
4296,349,8,2025-01-16 19:49:10,35.00,tarjeta
4297,624,1,2025-01-16 19:51:14,57.50,tarjeta
4298,745,2,2025-01-16 19:55:25,24.50,efectivo
4299,450,3,2025-01-16 20:00:09,64.45,efectivo
4300,507,10,2025-01-16 20:06:03,36.00,tarjeta
4301,537,4,2025-01-16 20:06:40,54.95,efectivo
4302,537,4,2025-01-16 20:09:40,82.45,tarjeta
4303,21,6,2025-01-16 20:13:02,44.00,efectivo
4304,718,8,2025-01-16 20:14:17,92.00,tarjeta
4305,838,2,2025-01-16 20:17:34,38.90,tarjeta
4306,968,2,2025-01-16 20:18:07,18.00,efectivo
4307,841,2,2025-01-16 20:30:50,142.80,efectivo
4308,167,8,2025-01-16 20:35:51,24.50,tarjeta
4309,756,2,2025-01-16 20:38:31,55.00,efectivo
4310,784,9,2025-01-16 20:43:39,67.95,efectivo
4311,51,1,2025-01-16 20:49:00,129.80,tarjeta
4312,860,3,2025-01-16 20:55:13,69.25,tarjeta
4313,97,4,2025-01-16 21:05:04,28.50,tarjeta
4314,123,4,2025-01-16 21:09:05,72.50,efectivo
4315,151,4,2025-01-16 21:10:38,132.45,efectivo
4316,532,9,2025-01-16 21:14:18,75.35,efectivo
4317,853,9,2025-01-16 21:19:35,149.10,efectivo
4318,528,8,2025-01-16 21:26:52,65.45,efectivo
4319,709,1,2025-01-16 21:28:57,64.90,tarjeta
4320,645,3,2025-01-16 21:33:40,89.50,tarjeta
4321,432,7,2025-01-16 21:41:39,36.45,tarjeta
4322,642,9,2025-01-16 22:01:56,53.95,tarjeta
4323,853,1,2025-01-16 22:11:01,70.90,efectivo
4324,363,5,2025-01-16 22:16:31,110.90,tarjeta
4325,980,4,2025-01-16 22:19:33,80.40,tarjeta
4326,561,2,2025-01-16 22:21:01,73.95,tarjeta
4327,737,8,2025-01-16 22:21:37,68.90,efectivo
4328,387,2,2025-01-16 22:22:50,86.50,efectivo
4329,440,7,2025-01-16 22:27:00,118.90,tarjeta
4330,685,3,2025-01-16 22:29:25,34.50,efectivo
4331,846,4,2025-01-16 22:29:53,53.95,efectivo
4332,268,4,2025-01-16 22:30:39,46.50,efectivo
4333,570,1,2025-01-16 22:33:26,191.80,efectivo
4334,756,3,2025-01-16 22:36:38,52.95,efectivo
4335,823,3,2025-01-16 22:54:12,203.65,tarjeta
4336,439,5,2025-01-16 22:54:23,99.35,efectivo
4337,232,9,2025-01-17 06:01:11,26.95,efectivo
4338,216,10,2025-01-17 06:13:26,15.50,tarjeta
4339,614,10,2025-01-17 06:15:28,26.95,tarjeta
4340,921,6,2025-01-17 06:16:44,12.00,tarjeta
4341,373,6,2025-01-17 06:20:52,59.95,tarjeta
4342,242,9,2025-01-17 06:21:37,22.50,efectivo
4343,28,4,2025-01-17 06:21:39,20.95,tarjeta
4344,712,4,2025-01-17 06:25:21,63.45,efectivo
4345,548,2,2025-01-17 06:28:56,48.95,efectivo
4346,163,7,2025-01-17 06:29:18,53.00,tarjeta
4347,15,10,2025-01-17 06:35:41,96.00,tarjeta
4348,216,4,2025-01-17 06:35:41,35.45,tarjeta
4349,777,8,2025-01-17 06:38:49,36.95,efectivo
4350,753,6,2025-01-17 06:39:09,43.00,efectivo
4351,135,8,2025-01-17 06:40:18,24.95,efectivo
4352,329,3,2025-01-17 06:45:13,62.00,tarjeta
4353,872,4,2025-01-17 06:48:39,84.00,efectivo
4354,575,5,2025-01-17 06:50:02,36.95,tarjeta
4355,881,7,2025-01-17 06:52:31,31.00,efectivo
4356,607,7,2025-01-17 06:56:18,220.90,tarjeta
4357,469,1,2025-01-17 06:59:41,10.95,efectivo
4358,994,2,2025-01-17 07:05:36,75.00,tarjeta
4359,754,2,2025-01-17 07:11:09,82.50,efectivo
4360,222,8,2025-01-17 07:12:39,83.45,efectivo
4361,774,7,2025-01-17 07:13:46,46.00,tarjeta
4362,794,6,2025-01-17 07:18:41,51.50,efectivo
4363,128,1,2025-01-17 07:20:12,45.50,efectivo
4364,383,2,2025-01-17 07:20:26,22.95,efectivo
4365,671,1,2025-01-17 07:22:52,114.50,efectivo
4366,749,2,2025-01-17 07:24:27,32.00,tarjeta
4367,954,9,2025-01-17 07:28:04,34.50,efectivo
4368,841,9,2025-01-17 07:32:23,182.80,efectivo
4369,728,4,2025-01-17 07:32:53,46.50,tarjeta
4370,659,2,2025-01-17 07:44:31,52.00,tarjeta
4371,360,5,2025-01-17 07:46:22,111.00,efectivo
4372,370,9,2025-01-17 07:46:45,12.00,tarjeta
4373,242,3,2025-01-17 07:47:28,82.45,tarjeta
4374,288,2,2025-01-17 07:48:23,22.00,efectivo
4375,917,8,2025-01-17 07:49:30,35.45,tarjeta
4376,377,9,2025-01-17 07:50:26,26.95,efectivo
4377,858,3,2025-01-17 07:52:03,24.50,efectivo
4378,452,4,2025-01-17 07:52:42,22.95,tarjeta
4379,574,2,2025-01-17 07:53:43,62.40,tarjeta
4380,415,6,2025-01-17 07:55:57,52.00,efectivo
4381,979,3,2025-01-17 07:58:00,67.95,efectivo
4382,93,8,2025-01-17 07:58:35,78.00,efectivo
4383,708,3,2025-01-17 08:00:32,90.40,efectivo
4384,548,4,2025-01-17 08:04:10,58.50,efectivo
4385,854,1,2025-01-17 08:05:16,15.50,tarjeta
4386,712,10,2025-01-17 08:05:41,12.00,efectivo
4387,965,2,2025-01-17 08:06:27,38.00,tarjeta
4388,957,3,2025-01-17 08:10:12,46.50,efectivo
4389,463,4,2025-01-17 08:11:00,30.50,efectivo
4390,931,7,2025-01-17 08:17:50,78.50,efectivo
4391,915,8,2025-01-17 08:18:46,52.45,efectivo
4392,476,2,2025-01-17 08:20:16,79.90,efectivo
4393,175,9,2025-01-17 08:22:25,130.30,tarjeta
4394,691,2,2025-01-17 08:25:57,65.50,tarjeta
4395,476,2,2025-01-17 08:32:51,87.50,efectivo
4396,931,8,2025-01-17 08:35:46,73.90,tarjeta
4397,406,10,2025-01-17 08:42:14,10.95,efectivo
4398,974,5,2025-01-17 08:47:56,24.50,tarjeta
4399,702,6,2025-01-17 08:50:16,10.00,efectivo
4400,574,9,2025-01-17 08:52:27,48.95,tarjeta
4401,242,3,2025-01-17 08:54:36,26.45,tarjeta
4402,627,5,2025-01-17 08:58:30,186.20,efectivo
4403,297,2,2025-01-17 09:09:23,89.85,efectivo
4404,54,6,2025-01-17 09:10:07,60.95,tarjeta
4405,595,1,2025-01-17 09:18:07,38.90,efectivo
4406,969,9,2025-01-17 09:18:17,32.00,efectivo
4407,708,9,2025-01-17 09:19:37,91.90,efectivo
4408,257,4,2025-01-17 09:25:29,26.95,efectivo
4409,744,3,2025-01-17 09:27:21,48.95,efectivo
4410,176,1,2025-01-17 09:28:06,46.50,efectivo
4411,481,5,2025-01-17 09:31:55,26.95,tarjeta
4412,331,4,2025-01-17 09:34:27,60.90,efectivo
4413,193,7,2025-01-17 09:40:01,75.00,tarjeta
4414,887,1,2025-01-17 09:42:20,36.85,tarjeta
4415,159,9,2025-01-17 09:47:32,70.00,efectivo
4416,809,8,2025-01-17 09:47:54,99.70,tarjeta
4417,406,8,2025-01-17 09:53:25,35.00,efectivo
4418,803,2,2025-01-17 09:53:49,104.45,efectivo
4419,899,9,2025-01-17 09:59:36,53.00,efectivo
4420,376,7,2025-01-17 10:00:58,22.00,efectivo
4421,818,3,2025-01-17 10:01:56,50.00,efectivo
4422,460,5,2025-01-17 10:07:17,35.00,efectivo
4423,187,5,2025-01-17 10:08:02,103.00,efectivo
4424,697,2,2025-01-17 10:08:09,67.85,tarjeta
4425,163,4,2025-01-17 10:08:20,34.95,efectivo
4426,401,3,2025-01-17 10:09:57,32.00,efectivo
4427,744,5,2025-01-17 10:12:32,10.00,efectivo
4428,605,2,2025-01-17 10:12:40,79.45,tarjeta
4429,650,2,2025-01-17 10:19:33,31.00,efectivo
4430,429,5,2025-01-17 10:20:21,71.20,efectivo
4431,64,4,2025-01-17 10:24:37,39.00,tarjeta
4432,855,4,2025-01-17 10:24:54,104.90,efectivo
4433,464,10,2025-01-17 10:28:57,36.95,efectivo
4434,689,4,2025-01-17 10:29:27,36.95,efectivo
4435,292,7,2025-01-17 10:31:57,71.40,efectivo
4436,437,4,2025-01-17 10:35:22,48.95,tarjeta
4437,614,10,2025-01-17 10:38:14,46.50,tarjeta
4438,185,1,2025-01-17 10:39:22,42.45,tarjeta
4439,595,7,2025-01-17 10:40:09,32.95,efectivo
4440,842,9,2025-01-17 10:41:18,48.95,efectivo
4441,98,6,2025-01-17 10:44:29,22.00,efectivo
4442,446,10,2025-01-17 10:46:32,82.45,efectivo
4443,28,7,2025-01-17 10:47:19,73.45,efectivo
4444,624,4,2025-01-17 10:47:32,130.35,tarjeta
4445,383,1,2025-01-17 10:49:32,32.95,efectivo
4446,674,6,2025-01-17 11:01:10,45.95,tarjeta
4447,57,10,2025-01-17 11:05:02,47.95,efectivo
4448,289,1,2025-01-17 11:13:10,53.00,tarjeta
4449,539,9,2025-01-17 11:19:36,111.35,tarjeta
4450,859,8,2025-01-17 11:20:23,93.00,efectivo
4451,499,8,2025-01-17 11:20:37,89.95,tarjeta
4452,142,6,2025-01-17 11:41:37,58.00,tarjeta
4453,756,4,2025-01-17 11:45:26,35.95,efectivo
4454,503,6,2025-01-17 11:48:52,88.35,efectivo
4455,603,5,2025-01-17 11:55:14,15.00,efectivo
4456,511,8,2025-01-17 11:55:56,35.00,tarjeta
4457,484,4,2025-01-17 12:01:38,107.00,tarjeta
4458,905,9,2025-01-17 12:06:59,89.45,tarjeta
4459,414,6,2025-01-17 12:07:21,153.00,efectivo
4460,655,6,2025-01-17 12:08:43,114.30,tarjeta
4461,742,2,2025-01-17 12:10:05,115.75,efectivo
4462,556,6,2025-01-17 12:10:11,131.45,efectivo
4463,126,4,2025-01-17 12:10:13,18.00,efectivo
4464,410,5,2025-01-17 12:15:33,79.90,efectivo
4465,142,6,2025-01-17 12:17:28,81.00,tarjeta
4466,393,7,2025-01-17 12:19:56,80.25,efectivo
4467,528,1,2025-01-17 12:25:43,48.35,tarjeta
4468,704,8,2025-01-17 12:29:26,70.95,tarjeta
4469,935,7,2025-01-17 12:31:06,64.35,tarjeta
4470,438,3,2025-01-17 12:31:13,57.50,tarjeta
4471,715,9,2025-01-17 12:32:08,134.95,efectivo
4472,203,9,2025-01-17 12:33:21,18.00,efectivo
4473,131,2,2025-01-17 12:34:34,44.35,efectivo
4474,610,5,2025-01-17 12:36:48,89.00,efectivo
4475,924,6,2025-01-17 12:40:32,45.95,tarjeta
4476,835,2,2025-01-17 12:41:52,86.50,efectivo
4477,482,9,2025-01-17 12:44:08,52.00,tarjeta
4478,913,6,2025-01-17 12:45:36,72.90,efectivo
4479,723,4,2025-01-17 12:48:17,29.50,efectivo
4480,225,3,2025-01-17 12:50:12,50.95,efectivo
4481,389,4,2025-01-17 12:51:52,0.00,efectivo
4482,729,5,2025-01-17 12:52:39,90.95,tarjeta
4483,212,3,2025-01-17 12:54:40,39.50,tarjeta
4484,775,9,2025-01-17 12:57:24,126.45,tarjeta
4485,488,3,2025-01-17 13:18:04,76.40,efectivo
4486,893,10,2025-01-17 13:18:55,26.95,efectivo
4487,804,7,2025-01-17 13:20:17,44.00,efectivo
4488,410,4,2025-01-17 13:23:09,71.00,tarjeta
4489,648,8,2025-01-17 13:24:03,59.50,efectivo
4490,849,9,2025-01-17 13:26:45,53.95,efectivo
4491,228,3,2025-01-17 13:32:54,78.50,efectivo
4492,517,3,2025-01-17 13:35:59,96.45,tarjeta
4493,1,2,2025-01-17 13:40:05,31.00,tarjeta
4494,619,3,2025-01-17 13:40:45,38.90,tarjeta
4495,973,6,2025-01-17 13:40:46,65.45,tarjeta
4496,566,9,2025-01-17 13:48:22,78.00,efectivo
4497,528,6,2025-01-17 13:52:09,28.95,efectivo
4498,113,3,2025-01-17 13:58:16,46.50,efectivo
4499,163,2,2025-01-17 13:58:46,60.45,tarjeta
4500,580,2,2025-01-17 13:58:50,61.00,tarjeta
4501,14,1,2025-01-17 13:58:51,88.90,efectivo
4502,409,3,2025-01-17 14:01:42,26.00,tarjeta
4503,709,5,2025-01-17 14:02:16,0.00,efectivo
4504,24,5,2025-01-17 14:13:37,107.90,tarjeta
4505,868,10,2025-01-17 14:14:10,85.50,efectivo
4506,982,9,2025-01-17 14:15:42,74.85,tarjeta
4507,714,1,2025-01-17 14:19:11,28.50,tarjeta
4508,179,5,2025-01-17 14:32:38,135.80,efectivo
4509,441,7,2025-01-17 14:33:05,10.95,tarjeta
4510,192,2,2025-01-17 14:33:14,32.00,efectivo
4511,219,6,2025-01-17 14:36:13,26.00,tarjeta
4512,849,7,2025-01-17 14:38:01,109.80,efectivo
4513,936,5,2025-01-17 14:40:33,94.80,tarjeta
4514,323,9,2025-01-17 14:47:34,47.90,efectivo
4515,438,1,2025-01-17 14:52:40,35.00,tarjeta
4516,441,8,2025-01-17 14:54:10,12.00,tarjeta
4517,438,2,2025-01-17 15:04:03,12.00,efectivo
4518,703,7,2025-01-17 15:07:01,52.00,efectivo
4519,849,3,2025-01-17 15:12:28,55.95,efectivo
4520,990,2,2025-01-17 15:19:47,100.85,efectivo
4521,146,2,2025-01-17 15:20:19,125.95,efectivo
4522,897,3,2025-01-17 15:24:21,19.95,efectivo
4523,501,5,2025-01-17 15:26:27,74.90,efectivo
4524,531,10,2025-01-17 15:27:28,26.00,efectivo
4525,205,8,2025-01-17 15:32:52,131.75,tarjeta
4526,512,8,2025-01-17 15:39:55,90.50,efectivo
4527,104,6,2025-01-17 15:39:57,71.40,efectivo
4528,151,4,2025-01-17 15:45:21,106.90,tarjeta
4529,994,3,2025-01-17 15:56:04,99.80,tarjeta
4530,771,1,2025-01-17 16:00:02,41.95,tarjeta
4531,594,6,2025-01-17 16:00:36,35.00,efectivo
4532,641,4,2025-01-17 16:01:03,40.50,efectivo
4533,786,9,2025-01-17 16:07:43,84.45,tarjeta
4534,275,4,2025-01-17 16:08:01,108.45,tarjeta
4535,463,3,2025-01-17 16:18:15,72.50,efectivo
4536,51,9,2025-01-17 16:22:35,160.70,tarjeta
4537,619,2,2025-01-17 16:25:07,90.45,efectivo
4538,925,3,2025-01-17 16:31:20,59.50,tarjeta
4539,733,8,2025-01-17 16:38:52,79.35,tarjeta
4540,848,5,2025-01-17 16:40:37,118.30,tarjeta
4541,58,6,2025-01-17 16:45:06,81.50,tarjeta
4542,13,7,2025-01-17 16:45:55,27.45,efectivo
4543,887,3,2025-01-17 16:46:58,73.00,tarjeta
4544,129,8,2025-01-17 16:51:09,51.00,efectivo
4545,730,3,2025-01-17 16:52:57,123.45,efectivo
4546,648,2,2025-01-17 16:58:20,73.50,tarjeta
4547,268,1,2025-01-17 16:59:30,133.45,efectivo
4548,835,5,2025-01-17 17:04:42,83.60,efectivo
4549,14,6,2025-01-17 17:06:50,79.00,tarjeta
4550,484,7,2025-01-17 17:08:21,64.70,efectivo
4551,786,9,2025-01-17 17:13:00,26.00,efectivo
4552,512,3,2025-01-17 17:20:15,102.45,tarjeta
4553,223,7,2025-01-17 17:27:39,152.45,tarjeta
4554,109,2,2025-01-17 17:29:58,236.90,tarjeta
4555,686,9,2025-01-17 17:31:14,183.90,efectivo
4556,67,8,2025-01-17 17:31:51,28.50,tarjeta
4557,687,4,2025-01-17 17:37:10,86.90,tarjeta
4558,51,10,2025-01-17 17:39:55,63.85,tarjeta
4559,554,6,2025-01-17 17:40:25,154.25,efectivo
4560,822,2,2025-01-17 17:41:32,67.00,efectivo
4561,146,10,2025-01-17 17:51:46,44.00,tarjeta
4562,665,3,2025-01-17 17:59:41,62.40,efectivo
4563,638,4,2025-01-17 18:01:33,44.95,efectivo
4564,714,2,2025-01-17 18:03:02,184.30,efectivo
4565,44,3,2025-01-17 18:04:43,32.95,efectivo
4566,190,7,2025-01-17 18:08:33,64.50,tarjeta
4567,524,10,2025-01-17 18:11:49,187.90,efectivo
4568,578,7,2025-01-17 18:13:03,112.50,tarjeta
4569,931,1,2025-01-17 18:13:05,132.75,efectivo
4570,50,8,2025-01-17 18:14:53,95.80,tarjeta
4571,648,7,2025-01-17 18:19:04,90.90,efectivo
4572,104,10,2025-01-17 18:32:26,35.00,tarjeta
4573,275,6,2025-01-17 18:41:05,35.00,tarjeta
4574,338,1,2025-01-17 18:54:17,68.50,efectivo
4575,856,1,2025-01-17 18:56:58,161.70,efectivo
4576,864,4,2025-01-17 19:06:35,61.00,efectivo
4577,287,4,2025-01-17 19:26:06,77.00,tarjeta
4578,42,3,2025-01-17 19:53:48,106.40,efectivo
4579,115,8,2025-01-17 19:55:05,32.00,tarjeta
4580,208,4,2025-01-17 19:56:13,54.00,tarjeta
4581,784,4,2025-01-17 20:10:51,46.50,tarjeta
4582,285,2,2025-01-17 20:11:07,18.00,efectivo
4583,37,9,2025-01-17 20:14:27,47.95,tarjeta
4584,212,1,2025-01-17 20:17:27,104.90,efectivo
4585,529,1,2025-01-17 20:24:26,55.50,tarjeta
4586,159,6,2025-01-17 20:27:06,72.40,tarjeta
4587,676,1,2025-01-17 20:28:52,109.95,tarjeta
4588,22,6,2025-01-17 20:29:58,68.95,efectivo
4589,802,2,2025-01-17 20:30:51,32.00,efectivo
4590,354,1,2025-01-17 20:34:20,70.95,tarjeta
4591,385,8,2025-01-17 20:39:09,76.95,efectivo
4592,994,4,2025-01-17 20:52:24,110.85,tarjeta
4593,774,4,2025-01-17 20:55:50,53.95,efectivo
4594,88,3,2025-01-17 20:59:57,82.35,efectivo
4595,682,6,2025-01-17 21:00:45,80.65,tarjeta
4596,140,3,2025-01-17 21:08:56,53.95,tarjeta
4597,471,7,2025-01-17 21:17:31,68.00,tarjeta
4598,385,1,2025-01-17 21:22:46,78.00,efectivo
4599,617,6,2025-01-17 21:24:04,67.00,tarjeta
4600,240,2,2025-01-17 21:27:43,57.50,efectivo
4601,433,7,2025-01-17 21:31:25,88.95,efectivo
4602,211,2,2025-01-17 21:54:28,46.95,efectivo
4603,306,4,2025-01-17 21:55:20,19.95,efectivo
4604,908,2,2025-01-17 22:03:21,40.85,efectivo
4605,996,3,2025-01-17 22:04:33,24.50,efectivo
4606,640,5,2025-01-17 22:05:15,148.45,tarjeta
4607,256,8,2025-01-17 22:05:40,16.50,tarjeta
4608,714,2,2025-01-17 22:11:22,195.45,tarjeta
4609,709,8,2025-01-17 22:11:27,65.45,efectivo
4610,821,9,2025-01-17 22:14:13,49.90,tarjeta
4611,537,8,2025-01-17 22:21:45,29.50,efectivo
4612,471,3,2025-01-17 22:31:12,49.45,efectivo
4613,990,9,2025-01-17 22:38:52,58.35,tarjeta
4614,826,8,2025-01-17 22:43:56,56.90,tarjeta
4615,933,5,2025-01-17 22:49:59,53.00,efectivo
4616,859,6,2025-01-17 22:50:33,35.00,efectivo
4617,97,2,2025-01-17 22:51:02,35.00,efectivo
4618,977,8,2025-01-17 22:53:24,73.50,tarjeta
4619,3,10,2025-01-17 22:56:04,74.85,tarjeta
4620,689,1,2025-01-18 06:02:30,15.50,efectivo
4621,284,8,2025-01-18 06:07:26,22.00,efectivo
4622,107,7,2025-01-18 06:21:33,105.90,tarjeta
4623,948,8,2025-01-18 06:22:41,78.90,tarjeta
4624,918,6,2025-01-18 06:27:03,58.50,tarjeta
4625,753,8,2025-01-18 06:30:19,52.00,efectivo
4626,970,3,2025-01-18 06:40:38,86.00,tarjeta
4627,81,6,2025-01-18 06:48:43,92.85,efectivo
4628,206,6,2025-01-18 06:49:29,48.95,efectivo
4629,280,7,2025-01-18 06:49:56,15.50,tarjeta
4630,850,10,2025-01-18 06:57:18,61.00,tarjeta
4631,122,7,2025-01-18 06:58:59,15.50,tarjeta
4632,976,6,2025-01-18 07:14:12,43.50,efectivo
4633,917,3,2025-01-18 07:19:13,79.95,efectivo
4634,143,5,2025-01-18 07:20:20,35.45,efectivo
4635,367,1,2025-01-18 07:20:53,161.20,efectivo
4636,368,4,2025-01-18 07:25:15,31.00,efectivo
4637,730,6,2025-01-18 07:29:41,73.90,tarjeta
4638,461,1,2025-01-18 07:35:06,41.95,tarjeta
4639,380,8,2025-01-18 07:35:31,42.45,tarjeta
4640,317,9,2025-01-18 07:37:41,32.95,tarjeta
4641,969,7,2025-01-18 07:39:31,65.50,efectivo
4642,563,10,2025-01-18 07:40:04,53.40,tarjeta
4643,702,9,2025-01-18 07:42:45,40.00,efectivo
4644,189,8,2025-01-18 07:43:06,35.00,efectivo
4645,962,2,2025-01-18 07:44:07,89.50,tarjeta
4646,562,9,2025-01-18 07:49:37,74.00,efectivo
4647,652,9,2025-01-18 07:49:40,10.95,efectivo
4648,754,8,2025-01-18 07:53:35,76.50,efectivo
4649,424,10,2025-01-18 08:03:50,15.50,tarjeta
4650,881,10,2025-01-18 08:07:00,38.90,efectivo
4651,452,3,2025-01-18 08:08:44,87.00,tarjeta
4652,405,3,2025-01-18 08:14:11,37.90,tarjeta
4653,150,1,2025-01-18 08:20:18,28.00,efectivo
4654,439,3,2025-01-18 08:20:49,32.00,efectivo
4655,915,4,2025-01-18 08:21:05,37.90,efectivo
4656,494,7,2025-01-18 08:21:21,12.00,efectivo
4657,42,2,2025-01-18 08:22:50,50.00,efectivo
4658,855,6,2025-01-18 08:26:38,106.50,tarjeta
4659,957,4,2025-01-18 08:27:17,51.45,tarjeta
4660,445,8,2025-01-18 08:28:29,46.50,tarjeta
4661,428,1,2025-01-18 08:31:39,0.00,efectivo
4662,120,10,2025-01-18 08:32:28,76.95,efectivo
4663,595,10,2025-01-18 08:33:30,77.50,efectivo
4664,584,6,2025-01-18 08:33:52,32.95,efectivo
4665,780,1,2025-01-18 08:34:58,106.20,tarjeta
4666,460,9,2025-01-18 08:36:51,64.45,efectivo
4667,135,4,2025-01-18 08:37:55,115.00,efectivo
4668,259,2,2025-01-18 08:43:41,63.50,efectivo
4669,411,8,2025-01-18 08:44:01,18.00,tarjeta
4670,65,3,2025-01-18 08:47:17,127.80,tarjeta
4671,672,10,2025-01-18 08:59:44,89.90,efectivo
4672,571,3,2025-01-18 08:59:47,43.00,tarjeta
4673,808,5,2025-01-18 09:02:11,10.00,efectivo
4674,902,7,2025-01-18 09:02:54,34.00,tarjeta
4675,881,8,2025-01-18 09:03:53,15.50,tarjeta
4676,404,8,2025-01-18 09:08:04,28.50,efectivo
4677,760,8,2025-01-18 09:08:51,83.45,tarjeta
4678,843,7,2025-01-18 09:14:09,32.95,efectivo
4679,664,1,2025-01-18 09:21:16,41.95,efectivo
4680,95,2,2025-01-18 09:21:42,57.95,efectivo
4681,352,6,2025-01-18 09:24:50,99.90,tarjeta
4682,604,10,2025-01-18 09:26:07,40.00,tarjeta
4683,755,10,2025-01-18 09:30:56,15.50,tarjeta
4684,927,5,2025-01-18 09:31:11,72.50,tarjeta
4685,302,1,2025-01-18 09:34:46,63.95,efectivo
4686,119,7,2025-01-18 09:35:40,10.00,efectivo
4687,197,9,2025-01-18 09:37:01,12.00,efectivo
4688,860,3,2025-01-18 09:39:15,60.50,tarjeta
4689,446,9,2025-01-18 09:41:23,32.95,tarjeta
4690,611,8,2025-01-18 09:47:22,55.50,efectivo
4691,344,2,2025-01-18 09:51:06,22.00,tarjeta
4692,51,9,2025-01-18 09:54:26,65.00,tarjeta
4693,956,4,2025-01-18 09:55:20,92.85,tarjeta
4694,706,7,2025-01-18 10:00:33,8.00,tarjeta
4695,457,4,2025-01-18 10:01:34,30.00,tarjeta
4696,158,6,2025-01-18 10:03:27,146.15,tarjeta
4697,242,2,2025-01-18 10:05:03,15.50,efectivo
4698,124,2,2025-01-18 10:08:19,71.00,efectivo
4699,777,5,2025-01-18 10:11:38,90.90,efectivo
4700,766,5,2025-01-18 10:11:55,26.95,efectivo
4701,448,10,2025-01-18 10:18:17,12.00,tarjeta
4702,777,4,2025-01-18 10:26:24,101.95,tarjeta
4703,386,10,2025-01-18 10:26:48,75.35,tarjeta
4704,562,3,2025-01-18 10:29:42,10.95,efectivo
4705,481,9,2025-01-18 10:31:55,46.50,efectivo
4706,216,6,2025-01-18 10:32:45,48.95,tarjeta
4707,124,2,2025-01-18 10:35:51,22.00,tarjeta
4708,969,5,2025-01-18 10:35:56,26.95,efectivo
4709,614,9,2025-01-18 10:40:47,10.00,tarjeta
4710,605,1,2025-01-18 10:42:22,41.95,tarjeta
4711,242,10,2025-01-18 10:43:18,31.00,tarjeta
4712,183,7,2025-01-18 10:53:37,85.45,tarjeta
4713,243,7,2025-01-18 11:08:49,102.90,efectivo
4714,913,2,2025-01-18 11:11:56,92.00,efectivo
4715,616,3,2025-01-18 11:12:04,28.85,efectivo
4716,416,7,2025-01-18 11:18:37,76.00,tarjeta
4717,577,9,2025-01-18 11:25:17,34.50,efectivo
4718,585,2,2025-01-18 11:26:16,125.40,tarjeta
4719,658,7,2025-01-18 11:26:30,35.00,tarjeta
4720,790,9,2025-01-18 11:29:05,46.50,efectivo
4721,738,8,2025-01-18 11:30:20,73.90,tarjeta
4722,690,4,2025-01-18 11:33:00,63.85,tarjeta
4723,226,9,2025-01-18 11:34:08,72.45,efectivo
4724,297,5,2025-01-18 11:36:18,131.00,efectivo
4725,439,4,2025-01-18 11:44:00,70.00,tarjeta
4726,774,3,2025-01-18 11:44:02,69.45,efectivo
4727,442,5,2025-01-18 11:46:05,90.50,efectivo
4728,357,4,2025-01-18 11:46:14,53.95,tarjeta
4729,840,9,2025-01-18 11:48:06,86.40,tarjeta
4730,708,7,2025-01-18 11:49:39,12.00,efectivo
4731,159,3,2025-01-18 11:50:16,67.00,efectivo
4732,363,10,2025-01-18 11:50:36,76.50,tarjeta
4733,3,3,2025-01-18 11:50:48,46.95,efectivo
4734,482,9,2025-01-18 11:52:36,56.90,tarjeta
4735,363,8,2025-01-18 11:53:13,63.95,tarjeta
4736,980,9,2025-01-18 12:07:58,87.50,efectivo
4737,556,1,2025-01-18 12:08:09,124.40,tarjeta
4738,990,4,2025-01-18 12:08:42,29.50,efectivo
4739,836,9,2025-01-18 12:10:47,161.35,efectivo
4740,131,1,2025-01-18 12:12:52,26.00,tarjeta
4741,256,2,2025-01-18 12:13:53,56.45,efectivo
4742,517,5,2025-01-18 12:14:15,26.00,efectivo
4743,912,3,2025-01-18 12:15:48,50.30,tarjeta
4744,525,3,2025-01-18 12:17:52,124.80,tarjeta
4745,134,9,2025-01-18 12:18:21,29.50,efectivo
4746,473,6,2025-01-18 12:21:13,153.80,efectivo
4747,21,10,2025-01-18 12:21:35,80.00,tarjeta
4748,354,10,2025-01-18 12:25:23,16.50,efectivo
4749,234,4,2025-01-18 12:26:48,152.75,tarjeta
4750,246,10,2025-01-18 12:27:17,28.50,tarjeta
4751,721,8,2025-01-18 12:31:27,26.00,tarjeta
4752,470,1,2025-01-18 12:32:21,35.00,efectivo
4753,531,8,2025-01-18 12:35:51,52.85,tarjeta
4754,682,2,2025-01-18 12:38:07,46.50,efectivo
4755,497,3,2025-01-18 12:43:07,81.40,tarjeta
4756,936,10,2025-01-18 12:54:16,28.50,efectivo
4757,151,3,2025-01-18 12:57:11,34.00,efectivo
4758,371,1,2025-01-18 12:57:33,93.00,tarjeta
4759,591,1,2025-01-18 13:00:25,73.50,tarjeta
4760,645,4,2025-01-18 13:01:02,82.90,tarjeta
4761,993,8,2025-01-18 13:02:10,22.50,tarjeta
4762,949,5,2025-01-18 13:06:13,39.45,tarjeta
4763,892,8,2025-01-18 13:09:13,119.45,efectivo
4764,835,7,2025-01-18 13:21:31,53.00,efectivo
4765,795,3,2025-01-18 13:33:41,31.00,tarjeta
4766,617,4,2025-01-18 13:34:35,56.45,efectivo
4767,223,3,2025-01-18 13:35:58,110.40,tarjeta
4768,78,9,2025-01-18 13:43:14,0.00,efectivo
4769,708,9,2025-01-18 13:56:19,12.35,efectivo
4770,829,10,2025-01-18 14:04:34,156.85,efectivo
4771,454,5,2025-01-18 14:08:10,102.90,tarjeta
4772,694,9,2025-01-18 14:09:52,87.90,efectivo
4773,203,4,2025-01-18 14:10:01,26.95,tarjeta
4774,113,1,2025-01-18 14:10:28,113.50,efectivo
4775,514,1,2025-01-18 14:14:14,81.50,efectivo
4776,55,6,2025-01-18 14:15:37,72.35,efectivo
4777,187,7,2025-01-18 14:15:58,152.95,efectivo
4778,560,5,2025-01-18 14:26:55,98.85,tarjeta
4779,203,4,2025-01-18 14:31:49,139.35,efectivo
4780,337,3,2025-01-18 14:37:49,35.00,tarjeta
4781,404,1,2025-01-18 14:50:51,77.30,tarjeta
4782,11,1,2025-01-18 15:03:33,105.85,tarjeta
4783,369,7,2025-01-18 15:23:11,12.35,tarjeta
4784,826,3,2025-01-18 15:24:09,59.95,efectivo
4785,956,9,2025-01-18 15:24:40,28.50,efectivo
4786,988,9,2025-01-18 15:38:50,129.95,tarjeta
4787,451,7,2025-01-18 15:39:32,202.70,efectivo
4788,779,5,2025-01-18 15:42:05,70.00,efectivo
4789,640,10,2025-01-18 15:50:36,142.30,tarjeta
4790,40,9,2025-01-18 15:50:41,92.90,efectivo
4791,355,8,2025-01-18 15:51:04,26.95,tarjeta
4792,358,2,2025-01-18 15:54:58,16.50,tarjeta
4793,839,8,2025-01-18 15:57:06,98.50,tarjeta
4794,291,4,2025-01-18 15:57:28,43.00,tarjeta
4795,453,6,2025-01-18 16:01:33,38.90,efectivo
4796,304,8,2025-01-18 16:04:36,50.50,tarjeta
4797,581,2,2025-01-18 16:07:32,12.00,efectivo
4798,8,4,2025-01-18 16:09:17,97.00,tarjeta
4799,440,4,2025-01-18 16:10:31,18.00,tarjeta
4800,264,5,2025-01-18 16:13:41,93.40,tarjeta
4801,473,5,2025-01-18 16:17:01,89.45,tarjeta
4802,958,4,2025-01-18 16:20:15,61.95,tarjeta
4803,527,8,2025-01-18 16:20:32,22.50,tarjeta
4804,933,4,2025-01-18 16:22:08,171.40,efectivo
4805,989,6,2025-01-18 16:28:34,32.30,tarjeta
4806,893,8,2025-01-18 16:34:51,70.95,efectivo
4807,882,1,2025-01-18 16:39:34,94.45,tarjeta
4808,349,6,2025-01-18 16:41:11,95.90,tarjeta
4809,668,10,2025-01-18 16:42:18,24.35,efectivo
4810,81,2,2025-01-18 16:42:57,157.90,tarjeta
4811,949,9,2025-01-18 16:47:11,144.95,tarjeta
4812,958,3,2025-01-18 16:48:03,35.00,efectivo
4813,201,8,2025-01-18 16:51:08,24.50,tarjeta
4814,738,2,2025-01-18 16:51:11,116.40,efectivo
4815,851,8,2025-01-18 16:52:50,88.95,tarjeta
4816,331,4,2025-01-18 16:56:23,35.95,tarjeta
4817,655,2,2025-01-18 16:57:41,121.45,tarjeta
4818,109,6,2025-01-18 17:04:04,120.00,efectivo
4819,451,9,2025-01-18 17:10:06,179.80,efectivo
4820,834,1,2025-01-18 17:12:21,98.90,tarjeta
4821,392,2,2025-01-18 17:12:53,61.45,efectivo
4822,212,1,2025-01-18 17:14:40,53.00,tarjeta
4823,92,2,2025-01-18 17:16:27,82.50,tarjeta
4824,418,1,2025-01-18 17:19:33,117.95,tarjeta
4825,826,9,2025-01-18 17:23:39,81.00,tarjeta
4826,135,1,2025-01-18 17:28:22,125.00,efectivo
4827,157,1,2025-01-18 17:32:13,112.35,efectivo
4828,514,1,2025-01-18 17:35:58,85.40,efectivo
4829,759,10,2025-01-18 17:36:24,16.50,efectivo
4830,149,8,2025-01-18 17:36:45,28.50,efectivo
4831,900,9,2025-01-18 17:43:32,16.50,efectivo
4832,676,1,2025-01-18 17:47:37,90.50,tarjeta
4833,440,8,2025-01-18 17:54:09,152.70,efectivo
4834,836,1,2025-01-18 18:00:24,103.95,efectivo
4835,619,9,2025-01-18 18:07:26,136.40,tarjeta
4836,227,10,2025-01-18 18:07:49,35.00,efectivo
4837,857,4,2025-01-18 18:21:49,22.00,tarjeta
4838,827,3,2025-01-18 18:23:46,82.45,tarjeta
4839,92,3,2025-01-18 18:35:46,35.00,tarjeta
4840,687,4,2025-01-18 18:37:26,56.90,tarjeta
4841,692,10,2025-01-18 18:39:25,124.35,efectivo
4842,681,5,2025-01-18 18:42:20,18.00,efectivo
4843,268,6,2025-01-18 18:43:22,147.30,tarjeta
4844,679,5,2025-01-18 18:56:55,41.50,efectivo
4845,27,4,2025-01-18 18:58:29,54.30,efectivo
4846,267,7,2025-01-18 19:02:08,139.45,efectivo
4847,157,9,2025-01-18 19:17:02,32.50,tarjeta
4848,426,7,2025-01-18 19:19:35,185.70,efectivo
4849,57,3,2025-01-18 19:23:52,131.90,tarjeta
4850,385,9,2025-01-18 19:27:51,61.00,efectivo
4851,847,10,2025-01-18 19:27:56,24.50,efectivo
4852,859,3,2025-01-18 19:28:01,92.85,efectivo
4853,679,2,2025-01-18 19:45:32,26.00,efectivo
4854,892,5,2025-01-18 19:46:05,58.90,tarjeta
4855,540,2,2025-01-18 19:49:12,34.50,efectivo
4856,13,4,2025-01-18 19:49:48,110.80,tarjeta
4857,648,3,2025-01-18 19:55:52,10.95,tarjeta
4858,24,5,2025-01-18 20:02:47,168.30,efectivo
4859,675,6,2025-01-18 20:08:50,87.90,efectivo
4860,227,2,2025-01-18 20:09:25,97.45,tarjeta
4861,655,7,2025-01-18 20:13:25,79.40,tarjeta
4862,43,9,2025-01-18 20:15:05,43.95,efectivo
4863,201,9,2025-01-18 20:19:54,101.80,efectivo
4864,442,9,2025-01-18 20:20:20,45.95,efectivo
4865,737,6,2025-01-18 20:21:19,0.00,tarjeta
4866,676,1,2025-01-18 20:26:23,55.50,efectivo
4867,442,1,2025-01-18 20:29:15,18.00,efectivo
4868,304,6,2025-01-18 20:31:44,57.00,tarjeta
4869,997,9,2025-01-18 20:37:15,90.50,efectivo
4870,253,2,2025-01-18 20:47:52,34.00,efectivo
4871,804,8,2025-01-18 20:52:48,76.50,efectivo
4872,879,2,2025-01-18 20:55:58,141.00,tarjeta
4873,892,8,2025-01-18 20:58:09,75.95,tarjeta
4874,869,8,2025-01-18 21:01:29,12.00,efectivo
4875,998,7,2025-01-18 21:10:09,102.40,tarjeta
4876,774,7,2025-01-18 21:13:05,26.00,tarjeta
4877,596,1,2025-01-18 21:13:20,15.50,tarjeta
4878,637,6,2025-01-18 21:19:47,32.50,tarjeta
4879,331,6,2025-01-18 21:23:52,105.00,efectivo
4880,859,5,2025-01-18 21:30:51,57.00,efectivo
4881,501,3,2025-01-18 21:31:14,89.95,tarjeta
4882,503,4,2025-01-18 21:33:27,45.95,tarjeta
4883,372,6,2025-01-18 21:47:04,51.95,tarjeta
4884,357,5,2025-01-18 21:59:53,20.95,tarjeta
4885,543,7,2025-01-18 22:00:33,70.90,efectivo
4886,705,4,2025-01-18 22:03:19,61.00,efectivo
4887,970,1,2025-01-18 22:15:43,105.80,efectivo
4888,886,2,2025-01-18 22:23:38,44.00,efectivo
4889,671,2,2025-01-18 22:24:09,156.85,tarjeta
4890,490,7,2025-01-18 22:31:16,50.70,tarjeta
4891,289,5,2025-01-18 22:37:33,69.35,tarjeta
4892,528,10,2025-01-18 22:46:58,104.45,efectivo
4893,188,8,2025-01-18 22:50:15,29.50,efectivo
4894,600,7,2025-01-18 22:53:35,56.90,tarjeta
4895,146,3,2025-01-18 22:54:52,96.35,efectivo
4896,36,7,2025-01-19 06:00:43,75.00,efectivo
4897,911,10,2025-01-19 06:04:00,102.50,efectivo
4898,402,6,2025-01-19 06:04:08,15.50,efectivo
4899,849,5,2025-01-19 06:05:29,84.85,tarjeta
4900,848,4,2025-01-19 06:09:14,44.00,efectivo
4901,881,6,2025-01-19 06:10:03,12.00,efectivo
4902,488,9,2025-01-19 06:10:36,50.95,tarjeta
4903,154,5,2025-01-19 06:11:21,48.80,efectivo
4904,242,6,2025-01-19 06:13:35,57.00,tarjeta
4905,405,1,2025-01-19 06:16:10,24.50,tarjeta
4906,421,10,2025-01-19 06:22:56,85.40,efectivo
4907,808,6,2025-01-19 06:24:01,58.95,efectivo
4908,793,10,2025-01-19 06:24:05,52.00,efectivo
4909,858,10,2025-01-19 06:24:51,26.95,efectivo
4910,624,8,2025-01-19 06:26:01,114.45,tarjeta
4911,921,6,2025-01-19 06:26:03,15.50,tarjeta
4912,260,4,2025-01-19 06:31:42,31.00,efectivo
4913,281,9,2025-01-19 06:32:05,24.50,efectivo
4914,967,6,2025-01-19 06:32:20,93.85,efectivo
4915,590,9,2025-01-19 06:34:31,216.90,tarjeta
4916,66,2,2025-01-19 06:36:40,78.90,efectivo
4917,760,8,2025-01-19 06:39:27,46.50,tarjeta
4918,284,6,2025-01-19 06:41:08,26.95,tarjeta
4919,484,10,2025-01-19 06:42:49,116.50,efectivo
4920,18,3,2025-01-19 06:43:34,24.50,efectivo
4921,460,1,2025-01-19 06:51:57,63.85,tarjeta
4922,975,8,2025-01-19 07:03:50,26.95,tarjeta
4923,84,9,2025-01-19 07:05:47,97.95,tarjeta
4924,901,5,2025-01-19 07:07:29,68.45,tarjeta
4925,332,2,2025-01-19 07:11:01,209.55,efectivo
4926,197,8,2025-01-19 07:15:59,51.45,tarjeta
4927,314,1,2025-01-19 07:20:48,12.00,tarjeta
4928,39,1,2025-01-19 07:23:11,36.50,tarjeta
4929,766,7,2025-01-19 07:29:00,82.45,tarjeta
4930,712,1,2025-01-19 07:30:51,24.50,efectivo
4931,815,6,2025-01-19 07:31:18,93.90,efectivo
4932,344,1,2025-01-19 07:31:56,65.85,tarjeta
4933,882,2,2025-01-19 07:41:12,181.40,efectivo
4934,570,9,2025-01-19 07:41:26,147.00,tarjeta
4935,979,10,2025-01-19 07:46:33,0.00,efectivo
4936,923,4,2025-01-19 07:52:41,31.00,efectivo
4937,290,7,2025-01-19 07:52:50,132.75,efectivo
4938,572,4,2025-01-19 07:59:35,48.45,tarjeta
4939,339,8,2025-01-19 08:00:20,106.00,tarjeta
4940,849,10,2025-01-19 08:02:24,133.60,efectivo
4941,444,4,2025-01-19 08:03:10,32.00,tarjeta
4942,777,4,2025-01-19 08:06:58,77.50,tarjeta
4943,575,8,2025-01-19 08:07:00,15.50,efectivo
4944,457,8,2025-01-19 08:08:02,24.50,tarjeta
4945,167,3,2025-01-19 08:09:17,118.00,efectivo
4946,233,2,2025-01-19 08:12:58,24.50,efectivo
4947,586,2,2025-01-19 08:15:58,24.50,tarjeta
4948,148,4,2025-01-19 08:21:59,22.00,tarjeta
4949,567,1,2025-01-19 08:25:45,20.95,tarjeta
4950,451,8,2025-01-19 08:29:22,165.40,efectivo
4951,974,1,2025-01-19 08:35:51,38.95,tarjeta
4952,485,4,2025-01-19 08:37:36,0.00,efectivo
4953,383,1,2025-01-19 08:37:39,55.50,tarjeta
4954,284,6,2025-01-19 08:43:23,26.95,efectivo
4955,232,2,2025-01-19 08:48:31,77.50,tarjeta
4956,917,8,2025-01-19 08:49:00,10.00,efectivo
4957,895,9,2025-01-19 08:55:25,22.00,tarjeta
4958,974,9,2025-01-19 08:55:36,42.45,tarjeta
4959,650,10,2025-01-19 08:55:43,71.00,efectivo
4960,739,7,2025-01-19 08:57:16,55.45,tarjeta
4961,786,2,2025-01-19 09:03:15,0.00,tarjeta
4962,748,8,2025-01-19 09:05:24,44.95,efectivo
4963,954,8,2025-01-19 09:05:47,26.95,efectivo
4964,275,4,2025-01-19 09:17:42,153.00,efectivo
4965,533,3,2025-01-19 09:31:08,77.95,efectivo
4966,18,3,2025-01-19 09:32:24,56.50,tarjeta
4967,725,3,2025-01-19 09:32:33,24.95,efectivo
4968,206,3,2025-01-19 09:38:05,24.50,efectivo
4969,35,6,2025-01-19 09:39:02,74.00,efectivo
4970,316,7,2025-01-19 09:40:07,128.85,tarjeta
4971,392,9,2025-01-19 09:42:59,15.50,efectivo
4972,392,1,2025-01-19 09:43:46,35.00,efectivo
4973,899,9,2025-01-19 09:44:13,74.40,tarjeta
4974,344,5,2025-01-19 09:44:56,41.00,efectivo
4975,566,3,2025-01-19 09:49:32,125.50,tarjeta
4976,520,8,2025-01-19 09:55:03,48.95,efectivo
4977,430,5,2025-01-19 09:59:39,171.85,efectivo
4978,390,8,2025-01-19 10:00:40,108.00,efectivo
4979,234,6,2025-01-19 10:02:38,57.95,tarjeta
4980,456,9,2025-01-19 10:06:55,40.00,efectivo
4981,574,10,2025-01-19 10:09:33,31.00,tarjeta
4982,414,6,2025-01-19 10:17:31,150.95,efectivo
4983,273,3,2025-01-19 10:19:28,126.35,tarjeta
4984,490,3,2025-01-19 10:22:23,203.30,tarjeta
4985,128,4,2025-01-19 10:23:56,18.00,tarjeta
4986,481,1,2025-01-19 10:40:59,89.95,efectivo
4987,350,3,2025-01-19 10:43:23,15.50,efectivo
4988,882,5,2025-01-19 10:43:30,51.85,tarjeta
4989,810,5,2025-01-19 10:44:54,126.70,tarjeta
4990,346,9,2025-01-19 10:51:03,10.00,tarjeta
4991,415,5,2025-01-19 10:53:50,10.00,tarjeta
4992,225,9,2025-01-19 11:04:27,130.50,tarjeta
4993,501,7,2025-01-19 11:05:04,169.80,tarjeta
4994,299,1,2025-01-19 11:09:53,39.50,efectivo
4995,285,1,2025-01-19 11:20:42,78.50,efectivo
4996,886,1,2025-01-19 11:21:31,24.50,tarjeta
4997,606,5,2025-01-19 11:21:34,0.00,tarjeta
4998,342,4,2025-01-19 11:27:06,42.50,tarjeta
4999,708,3,2025-01-19 11:29:25,0.00,tarjeta
5000,391,4,2025-01-19 11:35:28,90.95,efectivo
5001,330,4,2025-01-19 11:39:30,32.00,efectivo
5002,310,3,2025-01-19 11:44:15,70.90,efectivo
5003,998,9,2025-01-19 11:50:43,70.45,efectivo
5004,420,5,2025-01-19 11:54:17,26.00,efectivo
5005,221,6,2025-01-19 11:59:21,58.00,tarjeta
5006,645,7,2025-01-19 12:05:34,10.95,tarjeta
5007,660,3,2025-01-19 12:11:05,66.35,efectivo
5008,62,10,2025-01-19 12:18:38,10.95,efectivo
5009,838,6,2025-01-19 12:21:38,46.50,tarjeta
5010,264,10,2025-01-19 12:22:47,20.00,tarjeta
5011,458,5,2025-01-19 12:24:17,78.85,tarjeta
5012,617,1,2025-01-19 12:24:57,26.00,tarjeta
5013,97,10,2025-01-19 12:26:08,26.00,efectivo
5014,409,2,2025-01-19 12:26:26,50.50,tarjeta
5015,73,7,2025-01-19 12:28:53,52.00,tarjeta
5016,348,10,2025-01-19 12:31:35,86.00,tarjeta
5017,840,8,2025-01-19 12:32:02,70.95,tarjeta
5018,81,6,2025-01-19 12:51:27,195.90,efectivo
5019,576,6,2025-01-19 12:51:27,93.95,efectivo
5020,227,8,2025-01-19 12:54:01,35.95,tarjeta
5021,431,1,2025-01-19 12:56:10,56.00,tarjeta
5022,205,1,2025-01-19 12:58:14,104.95,tarjeta
5023,997,5,2025-01-19 12:58:17,42.95,efectivo
5024,658,1,2025-01-19 12:59:03,128.00,tarjeta
5025,635,3,2025-01-19 13:01:59,79.00,tarjeta
5026,411,10,2025-01-19 13:11:51,50.50,efectivo
5027,729,4,2025-01-19 13:16:15,71.95,tarjeta
5028,813,6,2025-01-19 13:17:43,45.95,efectivo
5029,157,7,2025-01-19 13:17:50,16.50,tarjeta
5030,203,8,2025-01-19 13:18:22,48.00,tarjeta
5031,529,1,2025-01-19 13:33:57,35.00,efectivo
5032,101,7,2025-01-19 13:34:58,27.45,tarjeta
5033,51,2,2025-01-19 13:37:56,101.95,efectivo
5034,467,6,2025-01-19 13:40:49,61.95,tarjeta
5035,299,6,2025-01-19 13:41:31,51.50,tarjeta
5036,685,1,2025-01-19 13:42:08,45.95,tarjeta
5037,354,2,2025-01-19 13:42:32,56.90,tarjeta
5038,735,8,2025-01-19 13:42:33,32.00,tarjeta
5039,971,10,2025-01-19 13:46:28,87.00,tarjeta
5040,285,4,2025-01-19 13:50:17,74.35,tarjeta
5041,418,1,2025-01-19 13:57:32,109.55,efectivo
5042,201,10,2025-01-19 14:04:49,42.45,tarjeta
5043,113,2,2025-01-19 14:05:45,38.90,efectivo
5044,35,7,2025-01-19 14:08:55,128.40,tarjeta
5045,209,9,2025-01-19 14:09:49,122.40,efectivo
5046,353,7,2025-01-19 14:15:14,36.00,tarjeta
5047,705,1,2025-01-19 14:17:49,35.00,efectivo
5048,841,7,2025-01-19 14:17:50,84.75,efectivo
5049,240,2,2025-01-19 14:30:59,45.95,tarjeta
5050,822,4,2025-01-19 14:34:47,246.70,tarjeta
5051,672,1,2025-01-19 14:38:22,78.95,efectivo
5052,354,2,2025-01-19 14:43:41,18.00,efectivo
5053,136,9,2025-01-19 14:44:57,75.50,tarjeta
5054,21,2,2025-01-19 14:46:43,0.00,efectivo
5055,619,4,2025-01-19 14:48:22,141.15,tarjeta
5056,118,9,2025-01-19 14:49:39,64.50,efectivo
5057,724,10,2025-01-19 14:50:47,66.30,tarjeta
5058,388,2,2025-01-19 14:59:32,29.50,efectivo
5059,529,8,2025-01-19 15:02:55,78.90,efectivo
5060,151,9,2025-01-19 15:03:29,30.00,tarjeta
5061,994,2,2025-01-19 15:03:53,108.15,tarjeta
5062,263,4,2025-01-19 15:05:51,12.00,efectivo
5063,22,3,2025-01-19 15:05:54,81.50,efectivo
5064,811,5,2025-01-19 15:06:57,109.90,efectivo
5065,726,7,2025-01-19 15:08:29,94.95,efectivo
5066,430,7,2025-01-19 15:26:20,105.95,tarjeta
5067,687,2,2025-01-19 15:28:38,44.35,tarjeta
5068,123,6,2025-01-19 15:35:45,163.75,efectivo
5069,715,3,2025-01-19 15:41:21,98.10,efectivo
5070,439,2,2025-01-19 15:44:16,70.00,efectivo
5071,892,6,2025-01-19 15:44:36,8.00,efectivo
5072,458,1,2025-01-19 15:50:21,123.95,efectivo
5073,299,5,2025-01-19 15:55:14,61.00,tarjeta
5074,925,2,2025-01-19 15:56:35,65.45,efectivo
5075,642,5,2025-01-19 16:06:26,50.90,tarjeta
5076,757,5,2025-01-19 16:07:29,65.45,tarjeta
5077,738,1,2025-01-19 16:16:59,90.60,tarjeta
5078,637,9,2025-01-19 16:17:28,94.95,efectivo
5079,338,3,2025-01-19 16:18:39,49.85,tarjeta
5080,788,8,2025-01-19 16:25:49,28.00,efectivo
5081,239,3,2025-01-19 16:37:19,88.45,efectivo
5082,393,6,2025-01-19 16:39:28,229.90,efectivo
5083,476,9,2025-01-19 16:44:05,99.95,efectivo
5084,248,5,2025-01-19 16:44:10,150.35,tarjeta
5085,996,7,2025-01-19 16:49:22,54.50,efectivo
5086,498,10,2025-01-19 17:08:12,73.90,efectivo
5087,460,1,2025-01-19 17:11:06,43.45,tarjeta
5088,487,1,2025-01-19 17:11:48,93.40,tarjeta
5089,726,8,2025-01-19 17:16:19,79.95,efectivo
5090,659,1,2025-01-19 17:17:05,99.45,tarjeta
5091,503,10,2025-01-19 17:19:25,50.00,tarjeta
5092,439,1,2025-01-19 17:21:36,44.95,efectivo
5093,61,3,2025-01-19 17:29:24,50.50,tarjeta
5094,716,6,2025-01-19 17:34:22,96.95,efectivo
5095,672,2,2025-01-19 17:35:30,161.30,efectivo
5096,841,10,2025-01-19 17:37:25,122.00,efectivo
5097,521,10,2025-01-19 17:38:59,10.00,tarjeta
5098,585,9,2025-01-19 17:43:35,57.90,efectivo
5099,608,4,2025-01-19 17:46:08,67.90,efectivo
5100,947,2,2025-01-19 17:46:17,10.00,efectivo
5101,42,10,2025-01-19 17:50:50,63.95,efectivo
5102,416,6,2025-01-19 17:55:00,100.45,tarjeta
5103,685,1,2025-01-19 17:56:30,54.50,tarjeta
5104,821,5,2025-01-19 17:56:51,64.80,tarjeta
5105,960,2,2025-01-19 17:58:52,12.00,efectivo
5106,354,5,2025-01-19 17:58:59,10.95,efectivo
5107,909,7,2025-01-19 18:07:10,76.95,tarjeta
5108,24,1,2025-01-19 18:07:39,30.35,tarjeta
5109,187,6,2025-01-19 18:10:20,81.95,efectivo
5110,439,3,2025-01-19 18:10:24,39.50,tarjeta
5111,389,1,2025-01-19 18:11:39,79.50,tarjeta
5112,157,10,2025-01-19 18:12:05,142.90,tarjeta
5113,35,10,2025-01-19 18:14:30,29.50,efectivo
5114,360,10,2025-01-19 18:15:12,67.00,efectivo
5115,19,9,2025-01-19 18:21:02,18.00,tarjeta
5116,896,4,2025-01-19 18:27:32,38.00,tarjeta
5117,56,5,2025-01-19 18:28:26,34.95,tarjeta
5118,61,8,2025-01-19 18:33:45,24.95,efectivo
5119,933,3,2025-01-19 18:34:47,45.00,efectivo
5120,22,9,2025-01-19 18:35:58,109.85,tarjeta
5121,532,1,2025-01-19 18:36:09,104.45,efectivo
5122,275,5,2025-01-19 18:37:18,98.50,tarjeta
5123,999,1,2025-01-19 18:39:34,68.50,efectivo
5124,637,4,2025-01-19 18:41:00,85.00,efectivo
5125,775,8,2025-01-19 18:50:41,55.90,efectivo
5126,855,5,2025-01-19 18:55:42,74.45,tarjeta
5127,768,6,2025-01-19 18:55:46,92.85,efectivo
5128,404,8,2025-01-19 19:10:46,107.80,efectivo
5129,624,1,2025-01-19 19:12:01,62.40,efectivo
5130,323,9,2025-01-19 19:14:32,72.45,tarjeta
5131,876,10,2025-01-19 19:15:07,169.40,tarjeta
5132,784,5,2025-01-19 19:16:05,8.00,tarjeta
5133,660,10,2025-01-19 19:16:18,118.45,efectivo
5134,117,9,2025-01-19 19:22:35,51.25,tarjeta
5135,886,1,2025-01-19 19:24:29,64.50,efectivo
5136,47,9,2025-01-19 19:24:55,19.95,efectivo
5137,690,9,2025-01-19 19:25:03,77.80,efectivo
5138,163,10,2025-01-19 19:36:02,38.90,efectivo
5139,570,4,2025-01-19 19:37:46,95.60,efectivo
5140,780,1,2025-01-19 19:37:46,112.65,tarjeta
5141,608,4,2025-01-19 19:49:52,133.90,efectivo
5142,113,7,2025-01-19 19:50:55,128.40,tarjeta
5143,140,2,2025-01-19 20:04:33,35.00,efectivo
5144,537,10,2025-01-19 20:14:46,35.95,tarjeta
5145,786,9,2025-01-19 20:15:44,70.90,tarjeta
5146,831,1,2025-01-19 20:15:54,82.90,tarjeta
5147,187,5,2025-01-19 20:18:22,42.45,tarjeta
5148,488,8,2025-01-19 20:26:21,35.00,efectivo
5149,50,7,2025-01-19 20:27:47,44.95,efectivo
5150,451,7,2025-01-19 20:27:48,92.85,efectivo
5151,420,9,2025-01-19 20:30:35,56.90,efectivo
5152,184,1,2025-01-19 20:34:34,68.00,efectivo
5153,205,7,2025-01-19 20:36:55,123.00,efectivo
5154,40,9,2025-01-19 20:42:04,29.50,efectivo
5155,823,9,2025-01-19 20:42:32,73.95,efectivo
5156,624,4,2025-01-19 20:43:47,0.00,efectivo
5157,429,5,2025-01-19 20:48:05,116.50,tarjeta
5158,958,4,2025-01-19 20:49:47,23.50,tarjeta
5159,279,1,2025-01-19 20:51:22,74.50,efectivo
5160,65,3,2025-01-19 21:00:04,97.50,efectivo
5161,167,8,2025-01-19 21:01:21,111.35,tarjeta
5162,219,7,2025-01-19 21:01:58,84.45,efectivo
5163,425,2,2025-01-19 21:10:16,230.70,tarjeta
5164,426,10,2025-01-19 21:15:32,87.40,tarjeta
5165,804,4,2025-01-19 21:16:16,103.40,efectivo
5166,271,8,2025-01-19 21:21:22,39.45,efectivo
5167,236,3,2025-01-19 21:26:56,103.90,efectivo
5168,747,7,2025-01-19 21:34:11,12.35,tarjeta
5169,665,5,2025-01-19 21:35:49,102.95,efectivo
5170,44,5,2025-01-19 21:51:11,36.95,tarjeta
5171,952,4,2025-01-19 21:52:17,56.45,tarjeta
5172,973,6,2025-01-19 21:54:41,88.90,tarjeta
5173,882,5,2025-01-19 21:55:27,89.95,tarjeta
5174,283,4,2025-01-19 21:58:25,42.95,tarjeta
5175,891,2,2025-01-19 22:09:32,49.45,efectivo
5176,822,8,2025-01-19 22:11:33,54.00,tarjeta
5177,634,6,2025-01-19 22:12:07,61.95,tarjeta
5178,360,1,2025-01-19 22:16:37,26.95,tarjeta
5179,22,5,2025-01-19 22:20:45,61.00,efectivo
5180,418,9,2025-01-19 22:32:56,127.25,efectivo
5181,933,8,2025-01-19 22:33:28,77.45,tarjeta
5182,857,6,2025-01-19 22:33:48,41.95,efectivo
5183,710,2,2025-01-19 22:40:17,90.00,efectivo
5184,226,6,2025-01-19 22:46:05,12.35,tarjeta
5185,24,10,2025-01-19 22:50:00,109.90,efectivo
5186,305,10,2025-01-19 22:50:40,12.35,efectivo
5187,616,1,2025-01-19 22:55:43,67.95,tarjeta
5188,227,1,2025-01-19 22:58:45,35.00,tarjeta
5189,337,10,2025-01-20 06:09:46,26.00,efectivo
5190,520,5,2025-01-20 06:15:41,55.50,efectivo
5191,148,10,2025-01-20 06:19:14,24.50,efectivo
5192,923,2,2025-01-20 06:21:52,71.00,efectivo
5193,239,2,2025-01-20 06:26:58,94.25,tarjeta
5194,484,7,2025-01-20 06:32:37,132.40,tarjeta
5195,957,4,2025-01-20 06:33:34,34.50,efectivo
5196,740,4,2025-01-20 06:39:09,73.45,tarjeta
5197,392,2,2025-01-20 06:55:55,35.45,efectivo
5198,292,5,2025-01-20 07:01:21,20.95,tarjeta
5199,42,6,2025-01-20 07:02:11,149.20,tarjeta
5200,624,1,2025-01-20 07:09:14,35.95,tarjeta
5201,704,10,2025-01-20 07:10:00,39.50,tarjeta
5202,895,3,2025-01-20 07:11:16,36.50,efectivo
5203,388,7,2025-01-20 07:16:35,83.30,tarjeta
5204,27,1,2025-01-20 07:16:36,61.45,efectivo
5205,150,1,2025-01-20 07:18:05,48.50,efectivo
5206,851,7,2025-01-20 07:21:22,35.00,tarjeta
5207,701,2,2025-01-20 07:21:40,112.00,tarjeta
5208,974,2,2025-01-20 07:33:50,42.45,tarjeta
5209,95,9,2025-01-20 07:34:21,31.00,efectivo
5210,712,8,2025-01-20 07:36:24,37.50,tarjeta
5211,176,8,2025-01-20 07:36:29,36.50,tarjeta
5212,386,3,2025-01-20 07:40:14,33.50,efectivo
5213,166,6,2025-01-20 07:40:59,68.50,efectivo
5214,233,6,2025-01-20 07:44:49,41.00,efectivo
5215,477,5,2025-01-20 07:48:51,10.95,tarjeta
5216,2,6,2025-01-20 07:50:32,86.45,tarjeta
5217,344,2,2025-01-20 07:51:24,38.50,tarjeta
5218,226,3,2025-01-20 07:59:13,36.95,tarjeta
5219,945,2,2025-01-20 08:03:12,219.35,tarjeta
5220,77,6,2025-01-20 08:03:30,95.90,efectivo
5221,107,1,2025-01-20 08:07:46,183.70,efectivo
5222,335,10,2025-01-20 08:08:41,51.25,efectivo
5223,452,1,2025-01-20 08:09:47,22.00,efectivo
5224,122,2,2025-01-20 08:11:06,61.45,efectivo
5225,116,9,2025-01-20 08:16:16,22.95,tarjeta
5226,152,6,2025-01-20 08:20:48,81.50,tarjeta
5227,295,9,2025-01-20 08:21:34,41.95,efectivo
5228,260,9,2025-01-20 08:23:01,24.50,tarjeta
5229,611,7,2025-01-20 08:26:17,24.95,tarjeta
5230,760,5,2025-01-20 08:28:00,104.45,efectivo
5231,818,7,2025-01-20 08:28:30,59.50,efectivo
5232,444,2,2025-01-20 08:31:56,88.45,tarjeta
5233,883,3,2025-01-20 08:33:15,127.30,efectivo
5234,781,4,2025-01-20 08:34:12,15.50,efectivo
5235,829,2,2025-01-20 08:34:43,84.70,efectivo
5236,321,8,2025-01-20 08:38:20,24.50,tarjeta
5237,105,2,2025-01-20 08:38:27,24.50,tarjeta
5238,361,10,2025-01-20 08:39:57,22.00,efectivo
5239,875,2,2025-01-20 08:45:11,120.95,efectivo
5240,27,8,2025-01-20 08:46:48,24.50,tarjeta
5241,822,10,2025-01-20 08:49:03,35.00,tarjeta
5242,547,6,2025-01-20 08:49:24,35.00,tarjeta
5243,651,4,2025-01-20 08:56:55,29.50,tarjeta
5244,367,4,2025-01-20 08:57:03,114.95,tarjeta
5245,666,10,2025-01-20 08:58:09,10.00,tarjeta
5246,796,5,2025-01-20 09:02:11,45.45,efectivo
5247,535,1,2025-01-20 09:02:28,45.95,tarjeta
5248,18,5,2025-01-20 09:09:10,10.00,tarjeta
5249,690,9,2025-01-20 09:10:21,85.95,efectivo
5250,753,8,2025-01-20 09:11:22,41.00,tarjeta
5251,133,10,2025-01-20 09:11:40,66.00,efectivo
5252,310,8,2025-01-20 09:17:41,119.00,efectivo
5253,665,8,2025-01-20 09:19:07,57.00,efectivo
5254,755,8,2025-01-20 09:25:20,22.00,efectivo
5255,780,5,2025-01-20 09:30:57,74.90,efectivo
5256,170,5,2025-01-20 09:32:53,65.00,tarjeta
5257,301,8,2025-01-20 09:36:35,173.90,tarjeta
5258,970,6,2025-01-20 09:42:00,108.00,tarjeta
5259,773,7,2025-01-20 09:44:07,36.50,efectivo
5260,901,8,2025-01-20 09:51:44,35.45,efectivo
5261,827,3,2025-01-20 09:55:57,77.00,tarjeta
5262,143,8,2025-01-20 10:03:08,52.00,efectivo
5263,503,9,2025-01-20 10:04:08,95.50,efectivo
5264,921,5,2025-01-20 10:07:10,79.50,tarjeta
5265,2,6,2025-01-20 10:10:54,59.90,tarjeta
5266,271,4,2025-01-20 10:11:11,53.00,efectivo
5267,90,7,2025-01-20 10:17:10,61.45,efectivo
5268,93,7,2025-01-20 10:17:31,12.00,efectivo
5269,33,8,2025-01-20 10:18:11,40.00,tarjeta
5270,790,6,2025-01-20 10:19:59,50.95,tarjeta
5271,446,2,2025-01-20 10:23:59,26.95,efectivo
5272,959,6,2025-01-20 10:34:24,35.95,tarjeta
5273,10,4,2025-01-20 10:36:00,0.00,efectivo
5274,852,3,2025-01-20 10:36:17,35.00,tarjeta
5275,550,4,2025-01-20 10:38:46,125.90,tarjeta
5276,996,6,2025-01-20 10:42:10,38.90,tarjeta
5277,378,3,2025-01-20 10:44:41,113.90,efectivo
5278,781,3,2025-01-20 10:46:38,57.95,efectivo
5279,899,1,2025-01-20 10:48:23,22.95,efectivo
5280,642,7,2025-01-20 10:52:17,94.80,tarjeta
5281,606,5,2025-01-20 10:52:25,18.00,tarjeta
5282,123,8,2025-01-20 10:56:38,50.50,tarjeta
5283,3,7,2025-01-20 10:57:17,74.95,tarjeta
5284,389,5,2025-01-20 10:59:56,83.00,efectivo
5285,806,10,2025-01-20 10:59:57,61.00,tarjeta
5286,238,10,2025-01-20 11:01:33,10.00,efectivo
5287,136,2,2025-01-20 11:02:18,86.45,efectivo
5288,775,5,2025-01-20 11:04:47,96.90,tarjeta
5289,829,6,2025-01-20 11:05:09,73.90,efectivo
5290,897,9,2025-01-20 11:09:45,64.45,tarjeta
5291,886,1,2025-01-20 11:14:57,53.00,efectivo
5292,539,7,2025-01-20 11:28:36,55.50,efectivo
5293,951,7,2025-01-20 11:28:53,53.00,tarjeta
5294,110,5,2025-01-20 11:32:42,28.50,efectivo
5295,328,2,2025-01-20 11:39:44,169.95,efectivo
5296,15,10,2025-01-20 11:43:41,111.25,efectivo
5297,16,9,2025-01-20 11:43:43,18.00,efectivo
5298,886,6,2025-01-20 11:44:12,107.95,tarjeta
5299,268,2,2025-01-20 11:50:58,118.95,tarjeta
5300,145,7,2025-01-20 11:52:24,124.90,efectivo
5301,352,1,2025-01-20 11:53:24,24.95,efectivo
5302,518,7,2025-01-20 12:05:53,12.35,efectivo
5303,487,5,2025-01-20 12:12:19,69.50,efectivo
5304,324,2,2025-01-20 12:16:46,44.95,tarjeta
5305,813,7,2025-01-20 12:17:55,26.00,tarjeta
5306,715,8,2025-01-20 12:20:09,58.00,tarjeta
5307,594,4,2025-01-20 12:27:06,29.50,efectivo
5308,714,9,2025-01-20 12:27:26,114.45,tarjeta
5309,721,2,2025-01-20 12:34:05,67.00,efectivo
5310,805,3,2025-01-20 12:41:17,56.90,efectivo
5311,289,3,2025-01-20 12:45:09,84.90,tarjeta
5312,528,2,2025-01-20 12:45:46,54.40,tarjeta
5313,743,4,2025-01-20 12:46:56,74.85,tarjeta
5314,560,2,2025-01-20 12:49:26,92.00,efectivo
5315,169,5,2025-01-20 12:52:13,28.50,tarjeta
5316,696,5,2025-01-20 12:56:42,79.00,tarjeta
5317,345,2,2025-01-20 12:59:17,82.50,efectivo
5318,458,7,2025-01-20 13:05:58,152.85,efectivo
5319,310,4,2025-01-20 13:07:33,8.00,tarjeta
5320,219,5,2025-01-20 13:07:57,35.95,tarjeta
5321,289,7,2025-01-20 13:10:16,35.00,tarjeta
5322,372,5,2025-01-20 13:11:00,245.55,tarjeta
5323,952,6,2025-01-20 13:15:35,77.50,efectivo
5324,466,3,2025-01-20 13:21:34,36.00,efectivo
5325,100,5,2025-01-20 13:22:15,10.95,efectivo
5326,929,5,2025-01-20 13:28:17,26.00,tarjeta
5327,856,9,2025-01-20 13:30:51,102.40,tarjeta
5328,977,1,2025-01-20 13:31:42,125.90,tarjeta
5329,752,3,2025-01-20 13:37:17,95.50,efectivo
5330,929,10,2025-01-20 13:38:01,59.95,efectivo
5331,897,7,2025-01-20 13:47:41,32.00,tarjeta
5332,255,5,2025-01-20 13:49:41,59.95,tarjeta
5333,234,9,2025-01-20 14:06:02,100.45,efectivo
5334,669,6,2025-01-20 14:06:51,26.00,tarjeta
5335,738,3,2025-01-20 14:09:27,90.15,efectivo
5336,285,10,2025-01-20 14:13:55,89.50,tarjeta
5337,886,7,2025-01-20 14:16:27,79.95,tarjeta
5338,802,1,2025-01-20 14:17:30,28.95,efectivo
5339,226,4,2025-01-20 14:19:08,32.95,efectivo
5340,451,2,2025-01-20 14:20:24,149.50,tarjeta
5341,236,6,2025-01-20 14:23:35,112.90,efectivo
5342,566,1,2025-01-20 14:46:14,119.90,tarjeta
5343,37,5,2025-01-20 14:51:03,112.50,efectivo
5344,560,2,2025-01-20 14:51:18,22.50,tarjeta
5345,496,8,2025-01-20 14:51:29,35.00,tarjeta
5346,3,7,2025-01-20 14:58:10,198.70,tarjeta
5347,363,10,2025-01-20 15:06:07,35.95,tarjeta
5348,603,4,2025-01-20 15:09:47,32.00,efectivo
5349,641,10,2025-01-20 15:10:32,53.95,efectivo
5350,349,9,2025-01-20 15:15:08,15.50,efectivo
5351,271,7,2025-01-20 15:41:36,35.00,efectivo
5352,532,5,2025-01-20 15:46:41,70.00,tarjeta
5353,687,3,2025-01-20 15:46:48,230.60,tarjeta
5354,24,4,2025-01-20 15:53:24,124.90,efectivo
5355,391,9,2025-01-20 15:53:57,104.40,tarjeta
5356,418,2,2025-01-20 16:00:09,120.25,tarjeta
5357,561,9,2025-01-20 16:00:12,79.95,tarjeta
5358,50,8,2025-01-20 16:00:17,126.00,tarjeta
5359,448,4,2025-01-20 16:03:48,10.95,efectivo
5360,331,2,2025-01-20 16:10:50,125.90,efectivo
5361,382,3,2025-01-20 16:17:58,160.90,tarjeta
5362,180,7,2025-01-20 16:28:45,95.90,efectivo
5363,950,1,2025-01-20 16:31:41,22.50,tarjeta
5364,627,8,2025-01-20 16:34:32,128.80,efectivo
5365,797,8,2025-01-20 16:47:41,183.00,efectivo
5366,168,6,2025-01-20 16:49:04,168.50,tarjeta
5367,226,6,2025-01-20 16:53:21,93.00,efectivo
5368,52,1,2025-01-20 16:53:44,46.00,tarjeta
5369,17,8,2025-01-20 16:56:14,67.40,tarjeta
5370,634,2,2025-01-20 17:11:33,111.00,tarjeta
5371,738,6,2025-01-20 17:15:39,147.40,efectivo
5372,51,7,2025-01-20 17:26:36,140.00,tarjeta
5373,806,3,2025-01-20 17:28:24,96.95,tarjeta
5374,620,6,2025-01-20 17:40:36,79.00,tarjeta
5375,37,6,2025-01-20 17:54:16,116.90,tarjeta
5376,159,2,2025-01-20 18:03:44,43.00,tarjeta
5377,501,2,2025-01-20 18:03:46,106.85,tarjeta
5378,871,8,2025-01-20 18:13:46,28.50,tarjeta
5379,576,2,2025-01-20 18:14:07,26.00,efectivo
5380,316,2,2025-01-20 18:20:20,26.00,tarjeta
5381,487,9,2025-01-20 18:25:04,70.00,tarjeta
5382,67,7,2025-01-20 18:36:33,82.45,efectivo
5383,577,3,2025-01-20 18:47:34,50.95,tarjeta
5384,136,8,2025-01-20 18:49:47,28.00,efectivo
5385,324,2,2025-01-20 18:50:09,70.00,efectivo
5386,596,5,2025-01-20 18:50:18,58.00,tarjeta
5387,624,7,2025-01-20 18:52:42,16.50,efectivo
5388,704,3,2025-01-20 18:53:42,102.40,tarjeta
5389,211,4,2025-01-20 19:04:05,126.45,efectivo
5390,57,3,2025-01-20 19:05:59,82.95,efectivo
5391,110,10,2025-01-20 19:06:27,93.00,efectivo
5392,157,10,2025-01-20 19:15:53,232.70,tarjeta
5393,52,10,2025-01-20 19:16:47,26.00,efectivo
5394,824,4,2025-01-20 19:18:38,174.40,tarjeta
5395,951,7,2025-01-20 19:22:09,28.50,tarjeta
5396,320,1,2025-01-20 19:25:14,77.35,efectivo
5397,466,5,2025-01-20 19:46:52,88.00,efectivo
5398,556,7,2025-01-20 19:48:07,142.95,tarjeta
5399,718,1,2025-01-20 19:57:27,63.45,efectivo
5400,413,1,2025-01-20 20:02:07,54.95,tarjeta
5401,57,2,2025-01-20 20:02:47,44.00,tarjeta
5402,721,5,2025-01-20 20:06:53,78.35,efectivo
5403,663,4,2025-01-20 20:08:45,182.40,tarjeta
5404,193,10,2025-01-20 20:09:19,75.00,tarjeta
5405,525,5,2025-01-20 20:11:29,83.90,efectivo
5406,857,7,2025-01-20 20:16:51,56.95,tarjeta
5407,925,3,2025-01-20 20:17:35,0.00,tarjeta
5408,277,3,2025-01-20 20:25:21,44.35,tarjeta
5409,382,6,2025-01-20 20:25:23,48.70,tarjeta
5410,426,10,2025-01-20 20:33:00,67.30,efectivo
5411,532,1,2025-01-20 20:39:31,92.85,efectivo
5412,622,2,2025-01-20 20:44:36,110.50,tarjeta
5413,596,4,2025-01-20 20:49:39,43.00,efectivo
5414,386,7,2025-01-20 20:53:02,22.00,tarjeta
5415,726,3,2025-01-20 20:58:30,118.00,efectivo
5416,392,6,2025-01-20 20:59:09,22.00,efectivo
5417,360,2,2025-01-20 21:10:01,97.50,efectivo
5418,258,7,2025-01-20 21:11:57,22.50,tarjeta
5419,442,5,2025-01-20 21:21:43,35.95,tarjeta
5420,221,2,2025-01-20 21:25:48,63.50,efectivo
5421,53,9,2025-01-20 21:28:04,38.90,tarjeta
5422,283,8,2025-01-20 21:28:49,150.25,tarjeta
5423,925,8,2025-01-20 21:28:50,54.50,efectivo
5424,943,10,2025-01-20 21:36:42,55.50,efectivo
5425,580,8,2025-01-20 21:37:08,36.95,efectivo
5426,837,3,2025-01-20 21:40:59,160.00,efectivo
5427,897,9,2025-01-20 21:46:02,29.50,tarjeta
5428,511,1,2025-01-20 21:49:40,69.95,efectivo
5429,802,8,2025-01-20 22:15:54,42.95,tarjeta
5430,30,8,2025-01-20 22:17:38,47.00,efectivo
5431,845,4,2025-01-20 22:19:36,19.95,tarjeta
5432,75,3,2025-01-20 22:23:04,51.50,efectivo
5433,480,10,2025-01-20 22:25:36,35.00,efectivo
5434,737,3,2025-01-20 22:27:52,66.95,tarjeta
5435,754,9,2025-01-20 22:28:46,68.50,tarjeta
5436,114,7,2025-01-20 22:34:54,34.00,tarjeta
5437,687,9,2025-01-20 22:40:20,177.75,tarjeta
5438,973,10,2025-01-20 22:46:42,70.50,efectivo
5439,360,10,2025-01-20 22:52:32,26.00,tarjeta
5440,411,3,2025-01-20 22:59:02,30.50,efectivo
5441,526,2,2025-01-21 06:00:26,12.00,efectivo
5442,607,8,2025-01-21 06:03:01,80.90,tarjeta
5443,827,3,2025-01-21 06:04:43,73.35,efectivo
5444,923,3,2025-01-21 06:04:43,25.50,efectivo
5445,876,5,2025-01-21 06:11:38,69.00,tarjeta
5446,533,5,2025-01-21 06:12:14,63.95,efectivo
5447,597,9,2025-01-21 06:16:58,35.95,tarjeta
5448,816,9,2025-01-21 06:16:58,126.35,efectivo
5449,783,8,2025-01-21 06:20:58,53.00,efectivo
5450,595,4,2025-01-21 06:22:53,68.30,efectivo
5451,650,1,2025-01-21 06:23:10,34.95,efectivo
5452,397,1,2025-01-21 06:24:31,85.00,tarjeta
5453,652,6,2025-01-21 06:26:35,48.00,efectivo
5454,957,5,2025-01-21 06:28:54,22.00,tarjeta
5455,932,3,2025-01-21 06:31:04,47.00,efectivo
5456,207,8,2025-01-21 06:31:51,25.50,tarjeta
5457,932,9,2025-01-21 06:32:24,31.00,efectivo
5458,266,8,2025-01-21 06:35:12,16.50,tarjeta
5459,437,5,2025-01-21 06:36:25,15.50,efectivo
5460,748,8,2025-01-21 06:38:43,15.50,efectivo
5461,494,10,2025-01-21 06:46:17,25.50,tarjeta
5462,356,10,2025-01-21 06:46:42,26.95,efectivo
5463,827,7,2025-01-21 06:47:42,68.00,tarjeta
5464,177,7,2025-01-21 06:57:58,83.85,tarjeta
5465,412,9,2025-01-21 07:02:00,36.00,efectivo
5466,69,1,2025-01-21 07:04:03,56.45,efectivo
5467,321,10,2025-01-21 07:04:31,36.95,efectivo
5468,535,2,2025-01-21 07:05:59,26.95,efectivo
5469,352,4,2025-01-21 07:08:02,70.95,efectivo
5470,956,1,2025-01-21 07:15:17,92.00,tarjeta
5471,578,9,2025-01-21 07:15:32,29.50,tarjeta
5472,724,9,2025-01-21 07:20:21,73.40,tarjeta
5473,461,6,2025-01-21 07:24:27,42.45,efectivo
5474,818,9,2025-01-21 07:26:38,31.00,efectivo
5475,394,7,2025-01-21 07:27:33,27.50,efectivo
5476,297,10,2025-01-21 07:34:23,131.45,efectivo
5477,579,1,2025-01-21 07:37:10,22.00,tarjeta
5478,339,1,2025-01-21 07:38:09,82.85,tarjeta
5479,196,9,2025-01-21 07:40:00,73.45,efectivo
5480,407,7,2025-01-21 07:41:17,99.90,tarjeta
5481,595,4,2025-01-21 07:45:49,53.40,tarjeta
5482,120,10,2025-01-21 07:46:26,15.50,efectivo
5483,259,10,2025-01-21 07:46:42,85.50,tarjeta
5484,468,9,2025-01-21 07:50:15,52.00,efectivo
5485,599,7,2025-01-21 07:50:21,31.00,tarjeta
5486,380,5,2025-01-21 07:50:58,24.50,tarjeta
5487,972,9,2025-01-21 07:52:34,26.95,tarjeta
5488,698,4,2025-01-21 07:55:26,65.45,efectivo
5489,636,10,2025-01-21 07:57:07,10.95,tarjeta
5490,927,6,2025-01-21 07:59:51,90.85,tarjeta
5491,170,4,2025-01-21 08:01:43,37.50,tarjeta
5492,588,3,2025-01-21 08:08:03,31.00,tarjeta
5493,150,5,2025-01-21 08:08:10,121.80,efectivo
5494,542,4,2025-01-21 08:09:28,63.40,tarjeta
5495,881,10,2025-01-21 08:13:48,51.45,efectivo
5496,314,5,2025-01-21 08:17:48,12.00,efectivo
5497,716,8,2025-01-21 08:18:43,61.95,efectivo
5498,376,2,2025-01-21 08:19:37,31.00,tarjeta
5499,811,4,2025-01-21 08:22:55,90.90,tarjeta
5500,641,8,2025-01-21 08:28:43,147.30,efectivo
5501,792,3,2025-01-21 08:31:36,62.00,efectivo
5502,605,6,2025-01-21 08:38:09,57.00,efectivo
5503,417,7,2025-01-21 08:42:17,78.95,efectivo
5504,770,8,2025-01-21 08:43:47,54.45,efectivo
5505,505,9,2025-01-21 08:44:34,49.90,efectivo
5506,915,8,2025-01-21 08:46:00,92.45,efectivo
5507,681,9,2025-01-21 08:47:28,88.90,efectivo
5508,814,3,2025-01-21 08:49:50,36.95,efectivo
5509,771,4,2025-01-21 08:52:32,153.85,tarjeta
5510,508,2,2025-01-21 08:53:04,119.00,tarjeta
5511,454,6,2025-01-21 08:53:29,158.00,tarjeta
5512,983,8,2025-01-21 08:54:47,50.00,efectivo
5513,313,3,2025-01-21 09:00:52,47.90,efectivo
5514,160,7,2025-01-21 09:01:44,31.00,tarjeta
5515,974,9,2025-01-21 09:02:48,27.50,efectivo
5516,532,7,2025-01-21 09:03:57,134.75,efectivo
5517,988,2,2025-01-21 09:07:53,71.00,tarjeta
5518,645,8,2025-01-21 09:10:18,29.50,efectivo
5519,702,5,2025-01-21 09:13:45,22.00,tarjeta
5520,383,7,2025-01-21 09:15:57,31.00,tarjeta
5521,540,8,2025-01-21 09:23:39,81.90,tarjeta
5522,633,5,2025-01-21 09:24:30,27.50,tarjeta
5523,2,6,2025-01-21 09:26:54,77.50,efectivo
5524,437,5,2025-01-21 09:30:22,12.00,efectivo
5525,564,1,2025-01-21 09:32:04,43.45,efectivo
5526,256,2,2025-01-21 09:33:46,66.45,efectivo
5527,892,8,2025-01-21 09:38:57,194.90,tarjeta
5528,843,6,2025-01-21 09:39:07,10.00,tarjeta
5529,161,7,2025-01-21 09:40:16,32.95,tarjeta
5530,452,2,2025-01-21 09:40:19,42.45,tarjeta
5531,717,6,2025-01-21 09:40:35,126.95,tarjeta
5532,566,9,2025-01-21 09:40:50,81.90,efectivo
5533,78,10,2025-01-21 09:43:11,37.90,tarjeta
5534,584,2,2025-01-21 09:52:45,51.45,efectivo
5535,211,5,2025-01-21 09:53:08,44.00,tarjeta
5536,808,4,2025-01-21 09:54:18,65.00,tarjeta
5537,197,7,2025-01-21 09:55:59,26.95,efectivo
5538,927,1,2025-01-21 09:56:15,171.90,efectivo
5539,69,3,2025-01-21 09:59:30,65.45,tarjeta
5540,421,5,2025-01-21 10:03:59,137.95,tarjeta
5541,472,1,2025-01-21 10:05:05,176.90,efectivo
5542,574,10,2025-01-21 10:05:55,31.00,tarjeta
5543,234,4,2025-01-21 10:07:15,191.70,tarjeta
5544,977,9,2025-01-21 10:08:00,61.90,efectivo
5545,378,8,2025-01-21 10:08:58,69.90,tarjeta
5546,280,8,2025-01-21 10:09:54,43.00,efectivo
5547,962,2,2025-01-21 10:11:08,32.95,tarjeta
5548,599,4,2025-01-21 10:13:04,40.00,efectivo
5549,487,2,2025-01-21 10:13:19,29.50,tarjeta
5550,363,5,2025-01-21 10:14:24,87.90,efectivo
5551,151,9,2025-01-21 10:14:46,55.95,efectivo
5552,333,9,2025-01-21 10:14:50,117.90,tarjeta
5553,926,10,2025-01-21 10:15:24,99.00,efectivo
5554,708,2,2025-01-21 10:35:00,70.00,efectivo
5555,103,3,2025-01-21 10:37:40,55.50,efectivo
5556,872,9,2025-01-21 10:38:48,10.95,efectivo
5557,250,4,2025-01-21 10:39:59,44.95,efectivo
5558,633,6,2025-01-21 10:40:21,25.50,tarjeta
5559,796,1,2025-01-21 10:40:57,66.90,tarjeta
5560,322,1,2025-01-21 10:41:25,31.00,tarjeta
5561,781,10,2025-01-21 10:43:51,74.45,tarjeta
5562,599,8,2025-01-21 10:48:31,0.00,tarjeta
5563,476,8,2025-01-21 10:49:49,61.35,tarjeta
5564,332,1,2025-01-21 10:50:23,23.30,tarjeta
5565,535,9,2025-01-21 10:52:41,12.00,tarjeta
5566,163,8,2025-01-21 10:55:13,12.00,tarjeta
5567,505,2,2025-01-21 10:55:57,26.95,efectivo
5568,803,3,2025-01-21 10:58:32,51.45,tarjeta
5569,85,5,2025-01-21 10:58:49,41.95,efectivo
5570,528,8,2025-01-21 11:06:09,8.00,tarjeta
5571,387,6,2025-01-21 11:06:39,78.90,tarjeta
5572,705,5,2025-01-21 11:14:21,40.45,efectivo
5573,484,3,2025-01-21 11:15:19,89.00,tarjeta
5574,810,3,2025-01-21 11:19:51,48.00,efectivo
5575,36,10,2025-01-21 11:23:06,69.40,efectivo
5576,623,10,2025-01-21 11:24:17,35.00,efectivo
5577,651,2,2025-01-21 11:29:23,94.40,efectivo
5578,710,4,2025-01-21 11:34:34,53.00,efectivo
5579,685,1,2025-01-21 11:34:53,35.95,tarjeta
5580,507,2,2025-01-21 11:38:00,35.00,tarjeta
5581,956,4,2025-01-21 11:44:05,102.95,tarjeta
5582,837,2,2025-01-21 11:46:17,18.00,efectivo
5583,623,3,2025-01-21 11:48:09,66.30,tarjeta
5584,807,3,2025-01-21 11:55:51,94.50,efectivo
5585,517,7,2025-01-21 11:57:49,53.00,efectivo
5586,387,8,2025-01-21 12:00:06,74.85,efectivo
5587,804,5,2025-01-21 12:00:24,74.85,efectivo
5588,743,6,2025-01-21 12:02:31,64.90,tarjeta
5589,24,8,2025-01-21 12:03:18,149.75,efectivo
5590,700,3,2025-01-21 12:03:35,26.00,tarjeta
5591,827,6,2025-01-21 12:03:51,55.45,tarjeta
5592,381,6,2025-01-21 12:05:03,18.00,tarjeta
5593,451,10,2025-01-21 12:06:26,92.00,tarjeta
5594,88,7,2025-01-21 12:07:35,56.45,tarjeta
5595,418,4,2025-01-21 12:08:46,77.40,tarjeta
5596,67,3,2025-01-21 12:12:51,156.35,tarjeta
5597,35,2,2025-01-21 12:13:32,47.95,efectivo
5598,385,2,2025-01-21 12:18:21,35.00,tarjeta
5599,603,2,2025-01-21 12:18:57,69.00,efectivo
5600,655,8,2025-01-21 12:22:09,64.90,efectivo
5601,892,7,2025-01-21 12:22:10,102.95,tarjeta
5602,811,3,2025-01-21 12:22:15,214.70,efectivo
5603,710,2,2025-01-21 12:24:38,59.50,efectivo
5604,864,8,2025-01-21 12:42:21,72.50,tarjeta
5605,897,10,2025-01-21 12:44:11,44.00,efectivo
5606,738,5,2025-01-21 12:46:51,135.95,efectivo
5607,337,8,2025-01-21 12:49:46,22.00,tarjeta
5608,774,3,2025-01-21 12:49:58,35.00,tarjeta
5609,612,3,2025-01-21 12:51:49,64.00,efectivo
5610,411,5,2025-01-21 12:53:13,77.00,efectivo
5611,360,9,2025-01-21 12:55:16,53.95,efectivo
5612,337,4,2025-01-21 12:56:24,55.50,efectivo
5613,215,1,2025-01-21 12:57:40,26.00,efectivo
5614,411,3,2025-01-21 13:08:22,48.90,tarjeta
5615,717,5,2025-01-21 13:12:09,135.50,efectivo
5616,836,6,2025-01-21 13:13:24,111.80,efectivo
5617,529,2,2025-01-21 13:22:15,82.50,efectivo
5618,472,6,2025-01-21 13:23:17,129.35,efectivo
5619,836,4,2025-01-21 13:25:35,44.35,tarjeta
5620,324,2,2025-01-21 13:40:26,54.40,efectivo
5621,193,8,2025-01-21 13:43:57,62.00,efectivo
5622,87,4,2025-01-21 13:49:20,126.45,efectivo
5623,75,8,2025-01-21 13:49:50,72.50,efectivo
5624,543,1,2025-01-21 13:50:12,28.50,tarjeta
5625,451,1,2025-01-21 13:53:30,63.50,efectivo
5626,53,8,2025-01-21 13:54:50,38.90,efectivo
5627,467,5,2025-01-21 13:54:59,67.85,tarjeta
5628,529,10,2025-01-21 13:58:05,35.00,efectivo
5629,381,10,2025-01-21 14:01:49,77.50,efectivo
5630,876,6,2025-01-21 14:02:03,168.90,efectivo
5631,859,6,2025-01-21 14:06:00,86.50,tarjeta
5632,109,1,2025-01-21 14:19:48,120.80,efectivo
5633,723,5,2025-01-21 14:25:50,82.50,efectivo
5634,291,5,2025-01-21 14:32:38,35.00,tarjeta
5635,264,7,2025-01-21 14:43:59,106.85,efectivo
5636,198,6,2025-01-21 14:46:11,73.90,efectivo
5637,746,1,2025-01-21 14:48:39,110.35,efectivo
5638,982,3,2025-01-21 14:50:36,32.95,tarjeta
5639,669,7,2025-01-21 14:53:13,67.00,tarjeta
5640,75,10,2025-01-21 15:10:29,29.50,tarjeta
5641,296,10,2025-01-21 15:12:17,47.00,efectivo
5642,66,5,2025-01-21 15:25:47,124.45,tarjeta
5643,634,8,2025-01-21 15:28:39,38.90,efectivo
5644,708,7,2025-01-21 15:29:04,124.40,efectivo
5645,635,5,2025-01-21 15:37:03,0.00,tarjeta
5646,861,7,2025-01-21 15:39:59,59.45,efectivo
5647,161,4,2025-01-21 15:41:53,20.95,tarjeta
5648,612,10,2025-01-21 15:44:07,75.90,tarjeta
5649,549,4,2025-01-21 15:44:36,16.50,efectivo
5650,142,9,2025-01-21 15:45:11,82.45,efectivo
5651,821,6,2025-01-21 15:56:57,160.95,efectivo
5652,840,10,2025-01-21 15:58:29,147.35,tarjeta
5653,211,6,2025-01-21 15:59:50,26.00,efectivo
5654,363,2,2025-01-21 16:00:41,52.00,efectivo
5655,607,8,2025-01-21 16:02:28,116.70,efectivo
5656,857,9,2025-01-21 16:02:47,99.90,efectivo
5657,441,3,2025-01-21 16:04:32,56.00,tarjeta
5658,113,7,2025-01-21 16:08:34,100.00,efectivo
5659,550,5,2025-01-21 16:10:04,92.50,tarjeta
5660,977,9,2025-01-21 16:11:01,138.90,efectivo
5661,61,3,2025-01-21 16:14:06,12.00,tarjeta
5662,163,9,2025-01-21 16:39:01,47.35,efectivo
5663,678,10,2025-01-21 16:39:25,24.35,tarjeta
5664,167,6,2025-01-21 16:39:32,105.20,tarjeta
5665,543,1,2025-01-21 16:39:41,89.40,efectivo
5666,140,7,2025-01-21 16:43:05,83.45,efectivo
5667,273,1,2025-01-21 16:47:49,132.90,tarjeta
5668,882,6,2025-01-21 16:48:02,71.50,tarjeta
5669,700,2,2025-01-21 16:48:17,26.00,efectivo
5670,679,7,2025-01-21 16:49:03,30.00,tarjeta
5671,501,3,2025-01-21 16:50:23,67.00,efectivo
5672,154,5,2025-01-21 16:53:55,45.00,efectivo
5673,809,3,2025-01-21 16:57:19,117.45,tarjeta
5674,449,6,2025-01-21 16:57:22,86.45,efectivo
5675,169,3,2025-01-21 17:07:31,71.25,efectivo
5676,299,3,2025-01-21 17:11:17,57.00,tarjeta
5677,730,7,2025-01-21 17:16:38,54.70,efectivo
5678,833,2,2025-01-21 17:17:05,113.85,efectivo
5679,458,3,2025-01-21 17:18:53,60.70,efectivo
5680,387,3,2025-01-21 17:23:47,36.00,efectivo
5681,236,6,2025-01-21 17:28:39,89.90,efectivo
5682,471,1,2025-01-21 17:29:37,129.40,efectivo
5683,673,8,2025-01-21 17:32:33,12.00,efectivo
5684,8,8,2025-01-21 17:33:45,122.95,tarjeta
5685,652,5,2025-01-21 17:34:58,51.45,tarjeta
5686,13,9,2025-01-21 17:41:56,76.35,efectivo
5687,884,7,2025-01-21 17:42:21,112.40,tarjeta
5688,589,10,2025-01-21 17:45:56,8.00,efectivo
5689,757,7,2025-01-21 17:55:58,147.95,efectivo
5690,757,5,2025-01-21 17:59:21,81.90,tarjeta
5691,685,10,2025-01-21 18:09:00,26.00,efectivo
5692,413,9,2025-01-21 18:20:27,55.50,efectivo
5693,221,9,2025-01-21 18:25:21,58.00,efectivo
5694,776,3,2025-01-21 18:28:31,32.00,tarjeta
5695,737,6,2025-01-21 18:32:12,61.00,tarjeta
5696,66,6,2025-01-21 18:35:50,220.70,tarjeta
5697,401,5,2025-01-21 18:39:35,85.95,efectivo
5698,859,2,2025-01-21 18:47:29,15.50,tarjeta
5699,674,9,2025-01-21 18:49:27,87.35,tarjeta
5700,500,4,2025-01-21 18:57:42,174.50,tarjeta
5701,498,2,2025-01-21 19:00:58,105.00,efectivo
5702,838,2,2025-01-21 19:01:08,64.90,efectivo
5703,343,9,2025-01-21 19:05:18,51.45,efectivo
5704,829,4,2025-01-21 19:07:00,10.95,tarjeta
5705,810,3,2025-01-21 19:22:03,44.95,tarjeta
5706,378,6,2025-01-21 19:22:21,61.95,efectivo
5707,661,9,2025-01-21 19:25:54,156.95,tarjeta
5708,558,2,2025-01-21 19:31:58,35.95,tarjeta
5709,132,8,2025-01-21 19:37:40,32.00,efectivo
5710,409,10,2025-01-21 19:38:02,26.00,tarjeta
5711,511,3,2025-01-21 19:41:19,67.40,efectivo
5712,774,4,2025-01-21 19:48:40,90.50,efectivo
5713,177,9,2025-01-21 19:59:39,34.50,tarjeta
5714,623,8,2025-01-21 20:00:46,22.50,tarjeta
5715,612,10,2025-01-21 20:07:36,146.95,efectivo
5716,941,8,2025-01-21 20:08:58,68.40,tarjeta
5717,648,4,2025-01-21 20:11:32,103.40,tarjeta
5718,733,1,2025-01-21 20:12:37,112.80,tarjeta
5719,167,5,2025-01-21 20:13:10,122.90,efectivo
5720,391,9,2025-01-21 20:13:28,70.95,tarjeta
5721,426,7,2025-01-21 20:14:15,114.40,efectivo
5722,142,6,2025-01-21 20:20:52,35.00,efectivo
5723,190,7,2025-01-21 20:23:35,34.50,efectivo
5724,67,2,2025-01-21 20:25:33,134.40,efectivo
5725,162,1,2025-01-21 20:34:48,18.00,efectivo
5726,815,10,2025-01-21 20:37:04,127.85,tarjeta
5727,500,6,2025-01-21 20:39:19,73.95,efectivo
5728,776,9,2025-01-21 20:56:54,32.95,efectivo
5729,775,2,2025-01-21 21:01:03,109.85,efectivo
5730,212,9,2025-01-21 21:02:56,54.95,tarjeta
5731,283,10,2025-01-21 21:03:09,154.20,tarjeta
5732,55,4,2025-01-21 21:23:16,191.35,tarjeta
5733,756,9,2025-01-21 21:30:45,83.45,tarjeta
5734,345,7,2025-01-21 21:31:20,56.90,tarjeta
5735,589,4,2025-01-21 21:41:52,28.95,tarjeta
5736,86,9,2025-01-21 21:42:50,28.50,tarjeta
5737,524,5,2025-01-21 21:44:36,44.00,tarjeta
5738,581,8,2025-01-21 21:50:19,50.50,efectivo
5739,87,5,2025-01-21 21:57:42,35.95,tarjeta
5740,401,7,2025-01-21 22:02:16,65.85,tarjeta
5741,470,4,2025-01-21 22:05:22,81.50,efectivo
5742,80,10,2025-01-21 22:15:44,132.80,efectivo
5743,123,9,2025-01-21 22:16:58,89.90,tarjeta
5744,977,2,2025-01-21 22:18:05,81.50,tarjeta
5745,135,4,2025-01-21 22:21:23,95.80,efectivo
5746,802,5,2025-01-21 22:26:52,29.50,efectivo
5747,55,5,2025-01-21 22:28:31,67.95,efectivo
5748,409,9,2025-01-21 22:46:44,76.25,efectivo
5749,58,4,2025-01-21 22:58:08,32.00,efectivo
5750,216,9,2025-01-22 06:02:08,32.00,efectivo
5751,923,3,2025-01-22 06:02:32,37.50,efectivo
5752,749,10,2025-01-22 06:04:48,8.00,efectivo
5753,233,4,2025-01-22 06:04:53,0.00,tarjeta
5754,842,8,2025-01-22 06:06:06,26.95,tarjeta
5755,485,1,2025-01-22 06:09:05,22.95,efectivo
5756,128,7,2025-01-22 06:10:37,35.00,tarjeta
5757,789,10,2025-01-22 06:14:38,24.50,efectivo
5758,786,4,2025-01-22 06:14:53,67.00,tarjeta
5759,744,10,2025-01-22 06:23:11,40.00,tarjeta
5760,733,3,2025-01-22 06:33:10,123.95,tarjeta
5761,789,4,2025-01-22 06:33:34,42.95,efectivo
5762,954,10,2025-01-22 06:35:20,22.00,efectivo
5763,660,9,2025-01-22 06:42:29,58.00,tarjeta
5764,847,3,2025-01-22 06:45:28,52.45,efectivo
5765,794,7,2025-01-22 06:48:13,22.00,efectivo
5766,172,2,2025-01-22 06:48:28,26.95,efectivo
5767,141,3,2025-01-22 06:49:57,0.00,efectivo
5768,814,4,2025-01-22 06:59:39,43.00,efectivo
5769,691,8,2025-01-22 07:08:18,41.95,tarjeta
5770,407,6,2025-01-22 07:12:12,90.40,efectivo
5771,448,1,2025-01-22 07:16:42,22.00,tarjeta
5772,200,9,2025-01-22 07:23:35,24.95,efectivo
5773,697,6,2025-01-22 07:23:46,35.95,efectivo
5774,902,6,2025-01-22 07:24:12,34.50,tarjeta
5775,317,8,2025-01-22 07:32:25,51.45,efectivo
5776,359,3,2025-01-22 07:32:43,40.00,tarjeta
5777,588,7,2025-01-22 07:37:17,46.50,efectivo
5778,292,2,2025-01-22 07:37:27,10.00,tarjeta
5779,383,5,2025-01-22 07:38:07,10.00,tarjeta
5780,196,3,2025-01-22 07:42:36,31.00,tarjeta
5781,460,8,2025-01-22 07:43:14,61.45,tarjeta
5782,465,6,2025-01-22 07:45:13,78.50,efectivo
5783,216,9,2025-01-22 07:47:41,22.95,efectivo
5784,382,1,2025-01-22 07:55:19,104.35,tarjeta
5785,211,10,2025-01-22 07:58:00,63.40,efectivo
5786,873,3,2025-01-22 07:59:53,10.00,efectivo
5787,707,6,2025-01-22 08:01:39,55.50,efectivo
5788,671,1,2025-01-22 08:03:38,120.00,efectivo
5789,74,3,2025-01-22 08:04:29,57.95,efectivo
5790,295,9,2025-01-22 08:06:28,53.00,tarjeta
5791,444,2,2025-01-22 08:06:28,80.95,efectivo
5792,793,10,2025-01-22 08:09:35,35.45,efectivo
5793,250,1,2025-01-22 08:10:04,22.00,tarjeta
5794,796,5,2025-01-22 08:11:47,10.95,tarjeta
5795,13,6,2025-01-22 08:12:56,140.90,efectivo
5796,643,9,2025-01-22 08:14:35,64.45,tarjeta
5797,780,5,2025-01-22 08:15:31,64.90,efectivo
5798,564,10,2025-01-22 08:16:15,26.95,tarjeta
5799,511,7,2025-01-22 08:17:09,59.50,tarjeta
5800,29,5,2025-01-22 08:21:01,24.50,efectivo
5801,370,7,2025-01-22 08:22:58,57.95,efectivo
5802,207,8,2025-01-22 08:25:07,10.95,efectivo
5803,95,9,2025-01-22 08:27:08,22.00,tarjeta
5804,315,10,2025-01-22 08:38:08,42.95,efectivo
5805,872,10,2025-01-22 08:41:42,10.00,tarjeta
5806,633,9,2025-01-22 08:43:18,97.40,efectivo
5807,564,2,2025-01-22 08:46:18,67.95,efectivo
5808,625,2,2025-01-22 08:48:28,35.00,efectivo
5809,793,6,2025-01-22 08:48:39,22.00,efectivo
5810,765,5,2025-01-22 08:49:03,22.00,tarjeta
5811,28,2,2025-01-22 08:49:14,26.45,tarjeta
5812,76,4,2025-01-22 08:49:48,60.45,efectivo
5813,887,6,2025-01-22 08:50:33,146.80,efectivo
5814,377,10,2025-01-22 08:51:50,46.50,tarjeta
5815,209,7,2025-01-22 08:54:31,134.40,tarjeta
5816,789,9,2025-01-22 08:58:23,22.00,tarjeta
5817,315,8,2025-01-22 09:00:12,41.00,efectivo
5818,983,10,2025-01-22 09:01:17,46.50,tarjeta
5819,652,2,2025-01-22 09:01:58,20.95,efectivo
5820,335,8,2025-01-22 09:06:28,34.50,tarjeta
5821,899,4,2025-01-22 09:06:38,12.00,efectivo
5822,418,6,2025-01-22 09:08:19,112.20,tarjeta
5823,690,9,2025-01-22 09:15:02,75.50,efectivo
5824,481,4,2025-01-22 09:15:06,24.50,tarjeta
5825,185,10,2025-01-22 09:16:43,34.00,tarjeta
5826,321,6,2025-01-22 09:18:33,37.50,tarjeta
5827,890,7,2025-01-22 09:19:03,55.50,tarjeta
5828,954,9,2025-01-22 09:26:48,59.50,tarjeta
5829,712,8,2025-01-22 09:28:00,18.00,tarjeta
5830,352,4,2025-01-22 09:28:02,50.00,tarjeta
5831,178,9,2025-01-22 09:28:32,10.95,tarjeta
5832,316,2,2025-01-22 09:33:08,34.50,tarjeta
5833,329,3,2025-01-22 09:33:19,35.45,efectivo
5834,769,10,2025-01-22 09:35:15,10.00,tarjeta
5835,768,7,2025-01-22 09:35:22,18.00,efectivo
5836,356,7,2025-01-22 09:40:47,12.00,tarjeta
5837,481,6,2025-01-22 09:41:35,46.50,efectivo
5838,10,8,2025-01-22 09:42:06,22.00,tarjeta
5839,373,7,2025-01-22 09:43:32,122.95,tarjeta
5840,854,7,2025-01-22 09:44:29,10.95,tarjeta
5841,41,5,2025-01-22 09:44:37,12.00,efectivo
5842,875,10,2025-01-22 09:46:22,136.35,efectivo
5843,570,8,2025-01-22 09:48:33,16.50,efectivo
5844,84,9,2025-01-22 09:51:07,15.50,tarjeta
5845,707,7,2025-01-22 09:51:35,44.00,tarjeta
5846,206,3,2025-01-22 09:51:48,51.45,tarjeta
5847,728,4,2025-01-22 09:56:01,57.00,efectivo
5848,851,1,2025-01-22 09:57:59,105.90,efectivo
5849,385,7,2025-01-22 10:06:00,87.00,tarjeta
5850,222,10,2025-01-22 10:06:10,10.95,efectivo
5851,281,5,2025-01-22 10:08:02,26.95,tarjeta
5852,728,1,2025-01-22 10:14:01,81.50,efectivo
5853,634,3,2025-01-22 10:20:20,120.35,tarjeta
5854,150,5,2025-01-22 10:34:34,171.30,tarjeta
5855,606,3,2025-01-22 10:35:13,19.95,tarjeta
5856,829,3,2025-01-22 10:37:13,109.35,efectivo
5857,71,6,2025-01-22 10:42:48,117.40,tarjeta
5858,542,5,2025-01-22 10:43:12,48.95,efectivo
5859,359,5,2025-01-22 10:44:09,94.80,efectivo
5860,953,10,2025-01-22 10:45:58,40.00,tarjeta
5861,535,3,2025-01-22 10:53:54,15.50,efectivo
5862,655,1,2025-01-22 11:05:48,18.00,tarjeta
5863,951,6,2025-01-22 11:13:23,49.45,tarjeta
5864,386,4,2025-01-22 11:20:05,51.25,efectivo
5865,735,8,2025-01-22 11:23:35,112.95,tarjeta
5866,431,8,2025-01-22 11:24:42,126.45,tarjeta
5867,391,4,2025-01-22 11:26:52,71.90,efectivo
5868,585,7,2025-01-22 11:35:45,126.65,efectivo
5869,298,8,2025-01-22 11:36:30,75.95,efectivo
5870,337,5,2025-01-22 11:45:22,71.85,tarjeta
5871,692,7,2025-01-22 11:50:31,31.95,efectivo
5872,566,4,2025-01-22 11:55:27,0.00,tarjeta
5873,886,1,2025-01-22 12:00:37,53.95,tarjeta
5874,219,9,2025-01-22 12:00:53,28.50,efectivo
5875,638,8,2025-01-22 12:05:22,96.95,efectivo
5876,958,4,2025-01-22 12:05:52,64.80,efectivo
5877,352,1,2025-01-22 12:06:16,59.45,efectivo
5878,876,1,2025-01-22 12:07:24,105.90,tarjeta
5879,201,9,2025-01-22 12:08:42,102.95,tarjeta
5880,291,10,2025-01-22 12:12:43,34.95,tarjeta
5881,413,5,2025-01-22 12:14:34,55.95,tarjeta
5882,893,1,2025-01-22 12:17:53,61.00,tarjeta
5883,940,10,2025-01-22 12:21:22,83.85,efectivo
5884,166,3,2025-01-22 12:26:18,89.90,tarjeta
5885,709,2,2025-01-22 12:29:11,64.50,efectivo
5886,547,5,2025-01-22 12:29:51,53.95,tarjeta
5887,669,10,2025-01-22 12:38:25,50.90,tarjeta
5888,864,1,2025-01-22 12:40:24,61.00,efectivo
5889,175,10,2025-01-22 12:41:10,148.80,efectivo
5890,426,2,2025-01-22 12:42:20,125.90,tarjeta
5891,420,8,2025-01-22 12:42:50,82.90,tarjeta
5892,97,10,2025-01-22 12:49:50,29.50,efectivo
5893,57,9,2025-01-22 13:00:35,47.50,tarjeta
5894,462,10,2025-01-22 13:04:05,112.45,efectivo
5895,57,3,2025-01-22 13:04:08,63.00,tarjeta
5896,797,8,2025-01-22 13:08:43,49.90,tarjeta
5897,40,1,2025-01-22 13:09:36,73.50,efectivo
5898,128,8,2025-01-22 13:22:10,27.45,efectivo
5899,612,10,2025-01-22 13:35:15,112.40,efectivo
5900,75,7,2025-01-22 13:38:34,84.85,tarjeta
5901,285,1,2025-01-22 13:38:49,95.90,tarjeta
5902,836,3,2025-01-22 13:43:09,153.30,tarjeta
5903,389,8,2025-01-22 13:43:48,113.90,tarjeta
5904,3,2,2025-01-22 13:44:42,67.65,efectivo
5905,187,1,2025-01-22 13:47:17,211.10,tarjeta
5906,482,1,2025-01-22 13:48:04,66.00,efectivo
5907,459,6,2025-01-22 13:49:11,60.85,tarjeta
5908,977,5,2025-01-22 13:57:17,63.50,tarjeta
5909,186,7,2025-01-22 13:59:19,111.45,efectivo
5910,694,2,2025-01-22 14:00:26,96.00,tarjeta
5911,299,10,2025-01-22 14:05:13,65.45,tarjeta
5912,555,9,2025-01-22 14:08:54,82.50,tarjeta
5913,163,5,2025-01-22 14:09:08,81.00,tarjeta
5914,603,8,2025-01-22 14:09:23,35.00,tarjeta
5915,440,1,2025-01-22 14:11:18,103.50,tarjeta
5916,175,8,2025-01-22 14:11:34,26.00,tarjeta
5917,852,4,2025-01-22 14:12:32,71.95,tarjeta
5918,335,2,2025-01-22 14:17:11,24.50,tarjeta
5919,77,6,2025-01-22 14:21:34,35.95,tarjeta
5920,674,2,2025-01-22 14:22:09,15.50,efectivo
5921,378,7,2025-01-22 14:22:16,109.40,tarjeta
5922,641,5,2025-01-22 14:33:25,229.80,efectivo
5923,416,8,2025-01-22 14:35:39,65.40,efectivo
5924,198,9,2025-01-22 14:38:07,32.00,tarjeta
5925,352,2,2025-01-22 14:39:24,73.90,efectivo
5926,173,10,2025-01-22 14:42:21,38.90,tarjeta
5927,443,3,2025-01-22 14:42:49,12.00,efectivo
5928,531,6,2025-01-22 14:44:29,35.00,tarjeta
5929,225,10,2025-01-22 14:50:46,41.85,tarjeta
5930,576,3,2025-01-22 14:52:06,71.95,efectivo
5931,159,2,2025-01-22 14:53:13,38.90,efectivo
5932,3,7,2025-01-22 14:57:25,64.85,efectivo
5933,745,9,2025-01-22 14:59:09,45.00,tarjeta
5934,507,1,2025-01-22 15:06:34,152.80,efectivo
5935,287,7,2025-01-22 15:15:05,135.75,tarjeta
5936,223,1,2025-01-22 15:18:11,34.50,efectivo
5937,262,8,2025-01-22 15:23:22,59.50,tarjeta
5938,372,8,2025-01-22 15:27:00,33.50,tarjeta
5939,543,2,2025-01-22 15:31:27,35.00,tarjeta
5940,463,8,2025-01-22 15:35:20,22.00,tarjeta
5941,337,2,2025-01-22 15:36:54,82.50,efectivo
5942,67,6,2025-01-22 15:45:56,141.90,efectivo
5943,204,7,2025-01-22 15:52:19,61.50,tarjeta
5944,717,10,2025-01-22 15:52:57,101.80,efectivo
5945,500,2,2025-01-22 15:54:12,166.45,efectivo
5946,813,4,2025-01-22 15:56:23,40.00,efectivo
5947,924,4,2025-01-22 15:58:23,24.70,tarjeta
5948,478,6,2025-01-22 16:02:12,16.50,tarjeta
5949,186,8,2025-01-22 16:02:28,58.95,efectivo
5950,626,8,2025-01-22 16:04:46,36.85,tarjeta
5951,395,9,2025-01-22 16:08:26,184.65,tarjeta
5952,874,4,2025-01-22 16:09:59,19.95,tarjeta
5953,727,5,2025-01-22 16:14:26,22.50,tarjeta
5954,882,9,2025-01-22 16:25:01,111.95,efectivo
5955,351,7,2025-01-22 16:31:10,34.95,tarjeta
5956,619,2,2025-01-22 16:33:24,114.85,efectivo
5957,269,4,2025-01-22 16:40:16,16.50,efectivo
5958,442,9,2025-01-22 16:49:04,35.00,efectivo
5959,856,4,2025-01-22 16:52:54,16.50,tarjeta
5960,21,5,2025-01-22 16:53:35,28.00,tarjeta
5961,601,1,2025-01-22 16:57:12,39.30,tarjeta
5962,733,1,2025-01-22 16:58:40,120.00,efectivo
5963,203,8,2025-01-22 16:59:41,53.95,tarjeta
5964,104,3,2025-01-22 17:06:10,40.00,efectivo
5965,268,2,2025-01-22 17:18:57,132.45,tarjeta
5966,831,5,2025-01-22 17:21:02,254.85,tarjeta
5967,146,4,2025-01-22 17:25:24,109.00,tarjeta
5968,491,4,2025-01-22 17:27:23,10.95,efectivo
5969,659,4,2025-01-22 17:32:26,104.40,efectivo
5970,726,9,2025-01-22 17:47:19,150.65,tarjeta
5971,349,8,2025-01-22 17:47:36,23.30,efectivo
5972,431,5,2025-01-22 17:49:05,29.50,efectivo
5973,441,7,2025-01-22 17:57:08,45.00,efectivo
5974,672,5,2025-01-22 17:58:51,140.40,tarjeta
5975,745,2,2025-01-22 18:07:15,46.00,efectivo
5976,410,6,2025-01-22 18:08:59,116.00,tarjeta
5977,115,6,2025-01-22 18:11:24,70.95,efectivo
5978,827,10,2025-01-22 18:14:31,156.20,tarjeta
5979,640,10,2025-01-22 18:28:32,95.45,tarjeta
5980,555,9,2025-01-22 18:29:24,58.50,tarjeta
5981,757,9,2025-01-22 18:30:43,105.40,tarjeta
5982,57,7,2025-01-22 18:31:06,50.95,efectivo
5983,764,10,2025-01-22 18:33:43,30.90,efectivo
5984,267,7,2025-01-22 18:43:50,57.95,tarjeta
5985,225,2,2025-01-22 18:46:26,80.00,efectivo
5986,146,5,2025-01-22 18:46:42,56.90,tarjeta
5987,596,1,2025-01-22 18:48:47,77.45,tarjeta
5988,159,4,2025-01-22 18:49:03,42.50,efectivo
5989,337,1,2025-01-22 19:08:33,70.00,tarjeta
5990,86,5,2025-01-22 19:09:41,47.50,efectivo
5991,859,3,2025-01-22 19:13:39,29.50,efectivo
5992,924,1,2025-01-22 19:26:18,124.95,efectivo
5993,531,2,2025-01-22 19:31:23,50.50,efectivo
5994,246,1,2025-01-22 19:33:20,29.50,tarjeta
5995,608,8,2025-01-22 19:33:33,43.95,tarjeta
5996,158,7,2025-01-22 19:46:14,98.95,efectivo
5997,965,8,2025-01-22 19:47:37,134.95,efectivo
5998,511,3,2025-01-22 19:48:19,53.95,tarjeta
5999,490,4,2025-01-22 19:48:48,55.40,tarjeta
6000,603,5,2025-01-22 19:50:43,106.45,efectivo
6001,136,5,2025-01-22 20:02:28,26.00,efectivo
6002,357,8,2025-01-22 20:03:08,90.90,efectivo
6003,704,3,2025-01-22 20:09:45,26.00,efectivo
6004,674,5,2025-01-22 20:11:48,59.50,tarjeta
6005,42,7,2025-01-22 20:15:21,115.90,tarjeta
6006,395,6,2025-01-22 20:18:04,139.90,efectivo
6007,912,8,2025-01-22 20:25:03,54.45,efectivo
6008,71,6,2025-01-22 20:31:07,67.00,tarjeta
6009,438,10,2025-01-22 20:34:25,74.35,tarjeta
6010,780,8,2025-01-22 20:34:36,121.35,tarjeta
6011,882,5,2025-01-22 20:37:02,152.90,tarjeta
6012,168,5,2025-01-22 20:47:56,76.50,tarjeta
6013,241,2,2025-01-22 20:52:41,104.90,tarjeta
6014,688,7,2025-01-22 21:04:32,12.00,efectivo
6015,889,7,2025-01-22 21:10:45,43.00,efectivo
6016,167,3,2025-01-22 21:11:47,85.95,efectivo
6017,905,3,2025-01-22 21:13:37,91.95,efectivo
6018,577,5,2025-01-22 21:20:51,33.50,tarjeta
6019,553,6,2025-01-22 21:23:17,47.00,tarjeta
6020,804,4,2025-01-22 21:23:17,59.95,efectivo
6021,203,3,2025-01-22 21:25:23,16.50,efectivo
6022,224,4,2025-01-22 21:28:53,32.30,tarjeta
6023,687,8,2025-01-22 21:33:09,70.30,efectivo
6024,893,7,2025-01-22 21:35:13,67.95,efectivo
6025,466,4,2025-01-22 21:35:23,155.95,tarjeta
6026,993,4,2025-01-22 21:36:27,34.00,tarjeta
6027,462,1,2025-01-22 21:45:01,36.00,efectivo
6028,784,6,2025-01-22 21:46:13,47.35,efectivo
6029,911,2,2025-01-22 21:48:02,147.80,tarjeta
6030,984,7,2025-01-22 21:55:33,93.50,tarjeta
6031,472,1,2025-01-22 22:05:22,109.00,efectivo
6032,806,1,2025-01-22 22:09:58,50.00,efectivo
6033,852,8,2025-01-22 22:10:11,67.45,efectivo
6034,623,1,2025-01-22 22:11:19,56.50,tarjeta
6035,703,8,2025-01-22 22:20:10,139.80,efectivo
6036,387,1,2025-01-22 22:20:16,186.45,tarjeta
6037,616,8,2025-01-22 22:24:01,100.50,efectivo
6038,106,6,2025-01-22 22:24:18,61.50,tarjeta
6039,341,3,2025-01-22 22:24:49,28.50,efectivo
6040,897,8,2025-01-22 22:26:04,45.95,tarjeta
6041,980,5,2025-01-22 22:30:17,77.45,tarjeta
6042,831,3,2025-01-22 22:33:04,99.45,tarjeta
6043,433,6,2025-01-22 22:36:03,94.80,efectivo
6044,141,7,2025-01-22 22:38:10,26.00,tarjeta
6045,884,5,2025-01-22 22:39:36,16.50,efectivo
6046,43,10,2025-01-22 22:41:43,65.45,tarjeta
6047,995,8,2025-01-22 22:45:23,105.95,tarjeta
6048,331,5,2025-01-22 22:49:32,40.50,tarjeta
6049,570,5,2025-01-22 22:51:10,138.95,efectivo
6050,76,6,2025-01-22 22:52:10,72.00,efectivo
6051,323,2,2025-01-22 22:54:06,42.00,tarjeta
6052,302,3,2025-01-23 06:00:52,10.95,efectivo
6053,976,3,2025-01-23 06:04:19,10.95,efectivo
6054,873,1,2025-01-23 06:04:44,15.50,efectivo
6055,823,7,2025-01-23 06:10:15,160.90,tarjeta
6056,570,9,2025-01-23 06:12:05,24.95,efectivo
6057,329,10,2025-01-23 06:22:22,32.00,tarjeta
6058,318,7,2025-01-23 06:28:45,89.90,tarjeta
6059,377,5,2025-01-23 06:31:24,31.00,efectivo
6060,932,6,2025-01-23 06:32:15,40.00,tarjeta
6061,882,5,2025-01-23 06:34:14,138.95,efectivo
6062,40,7,2025-01-23 06:38:23,86.45,efectivo
6063,814,5,2025-01-23 06:50:18,31.00,tarjeta
6064,597,7,2025-01-23 06:52:33,48.95,tarjeta
6065,77,1,2025-01-23 06:53:14,86.35,efectivo
6066,744,1,2025-01-23 06:53:24,46.50,efectivo
6067,488,4,2025-01-23 07:00:37,56.00,efectivo
6068,346,10,2025-01-23 07:01:35,97.95,efectivo
6069,692,5,2025-01-23 07:03:20,110.80,tarjeta
6070,763,6,2025-01-23 07:04:18,93.40,tarjeta
6071,367,9,2025-01-23 07:06:25,213.85,efectivo
6072,814,4,2025-01-23 07:09:36,10.00,tarjeta
6073,584,2,2025-01-23 07:18:08,87.40,efectivo
6074,67,4,2025-01-23 07:22:10,112.65,efectivo
6075,36,3,2025-01-23 07:27:52,127.35,tarjeta
6076,567,7,2025-01-23 07:28:49,55.50,tarjeta
6077,974,4,2025-01-23 07:31:00,42.45,efectivo
6078,460,2,2025-01-23 07:31:03,31.00,efectivo
6079,875,5,2025-01-23 07:36:15,36.00,efectivo
6080,314,5,2025-01-23 07:37:36,39.00,efectivo
6081,706,5,2025-01-23 07:40:35,63.95,tarjeta
6082,290,3,2025-01-23 07:41:07,51.95,tarjeta
6083,794,2,2025-01-23 07:43:03,66.45,tarjeta
6084,489,3,2025-01-23 07:46:58,15.50,tarjeta
6085,548,8,2025-01-23 07:47:24,31.00,tarjeta
6086,622,1,2025-01-23 07:50:10,106.50,tarjeta
6087,462,9,2025-01-23 07:53:46,39.30,efectivo
6088,713,10,2025-01-23 07:56:26,48.95,efectivo
6089,344,6,2025-01-23 08:02:44,60.95,tarjeta
6090,288,2,2025-01-23 08:03:09,20.95,efectivo
6091,324,1,2025-01-23 08:03:59,38.90,tarjeta
6092,494,8,2025-01-23 08:06:59,12.00,efectivo
6093,965,8,2025-01-23 08:07:34,81.50,efectivo
6094,329,3,2025-01-23 08:12:06,57.95,efectivo
6095,969,4,2025-01-23 08:14:25,40.50,efectivo
6096,633,1,2025-01-23 08:16:36,45.95,tarjeta
6097,404,7,2025-01-23 08:17:02,114.45,efectivo
6098,477,7,2025-01-23 08:18:53,34.00,tarjeta
6099,322,9,2025-01-23 08:27:30,37.50,tarjeta
6100,456,6,2025-01-23 08:29:41,24.50,efectivo
6101,677,8,2025-01-23 08:30:36,62.50,tarjeta
6102,831,6,2025-01-23 08:33:28,78.50,efectivo
6103,895,10,2025-01-23 08:35:23,15.50,efectivo
6104,205,3,2025-01-23 08:36:47,124.40,tarjeta
6105,113,5,2025-01-23 08:47:29,94.00,tarjeta
6106,873,3,2025-01-23 08:49:48,60.45,efectivo
6107,321,8,2025-01-23 08:54:08,55.50,tarjeta
6108,598,10,2025-01-23 08:54:49,61.00,tarjeta
6109,51,4,2025-01-23 08:58:17,115.25,efectivo
6110,766,2,2025-01-23 08:59:49,12.35,efectivo
6111,548,8,2025-01-23 09:05:11,81.50,efectivo
6112,90,10,2025-01-23 09:05:36,36.95,efectivo
6113,488,10,2025-01-23 09:06:02,10.95,efectivo
6114,677,3,2025-01-23 09:07:04,12.35,tarjeta
6115,885,4,2025-01-23 09:10:23,53.00,efectivo
6116,765,9,2025-01-23 09:19:39,26.95,tarjeta
6117,531,6,2025-01-23 09:20:44,26.00,tarjeta
6118,872,4,2025-01-23 09:24:08,12.00,tarjeta
6119,368,1,2025-01-23 09:25:25,22.00,tarjeta
6120,416,4,2025-01-23 09:27:17,73.45,efectivo
6121,332,4,2025-01-23 09:27:18,100.00,efectivo
6122,508,6,2025-01-23 09:27:20,47.50,efectivo
6123,232,1,2025-01-23 09:29:26,18.00,efectivo
6124,702,6,2025-01-23 09:29:30,42.45,efectivo
6125,595,7,2025-01-23 09:30:44,22.95,efectivo
6126,703,4,2025-01-23 09:31:28,127.80,tarjeta
6127,405,9,2025-01-23 09:35:13,10.95,tarjeta
6128,795,6,2025-01-23 09:37:23,45.00,tarjeta
6129,412,4,2025-01-23 09:38:46,161.95,tarjeta
6130,801,9,2025-01-23 09:42:19,25.50,efectivo
6131,315,10,2025-01-23 09:42:30,31.00,efectivo
6132,513,4,2025-01-23 09:42:59,77.50,tarjeta
6133,242,9,2025-01-23 09:45:21,31.00,efectivo
6134,822,8,2025-01-23 09:51:30,142.40,efectivo
6135,172,9,2025-01-23 09:53:12,32.95,tarjeta
6136,605,2,2025-01-23 09:54:34,78.40,tarjeta
6137,748,7,2025-01-23 09:54:41,40.00,efectivo
6138,735,10,2025-01-23 10:05:55,40.00,tarjeta
6139,520,8,2025-01-23 10:06:16,51.45,tarjeta
6140,212,8,2025-01-23 10:07:29,69.85,efectivo
6141,827,2,2025-01-23 10:07:34,106.90,efectivo
6142,361,1,2025-01-23 10:08:23,31.00,efectivo
6143,532,9,2025-01-23 10:11:57,46.95,tarjeta
6144,222,2,2025-01-23 10:18:16,50.00,efectivo
6145,577,6,2025-01-23 10:19:45,87.50,tarjeta
6146,275,8,2025-01-23 10:21:19,81.50,tarjeta
6147,356,4,2025-01-23 10:22:02,70.45,tarjeta
6148,837,3,2025-01-23 10:26:02,58.85,efectivo
6149,499,6,2025-01-23 10:26:31,162.40,tarjeta
6150,101,8,2025-01-23 10:27:01,61.00,tarjeta
6151,105,10,2025-01-23 10:27:37,48.45,efectivo
6152,630,10,2025-01-23 10:29:47,51.45,tarjeta
6153,97,8,2025-01-23 10:31:19,35.95,tarjeta
6154,951,8,2025-01-23 10:33:19,29.50,tarjeta
6155,417,2,2025-01-23 10:42:45,10.00,tarjeta
6156,692,8,2025-01-23 10:55:08,127.85,efectivo
6157,771,6,2025-01-23 11:08:10,75.00,efectivo
6158,221,1,2025-01-23 11:09:55,78.40,tarjeta
6159,674,9,2025-01-23 11:09:57,29.50,efectivo
6160,552,1,2025-01-23 11:14:43,35.95,efectivo
6161,271,7,2025-01-23 11:17:46,64.50,efectivo
6162,929,6,2025-01-23 11:26:51,38.90,tarjeta
6163,311,2,2025-01-23 11:27:46,18.95,tarjeta
6164,856,4,2025-01-23 11:31:02,91.90,tarjeta
6165,546,3,2025-01-23 11:32:11,92.95,efectivo
6166,981,10,2025-01-23 11:33:52,59.85,tarjeta
6167,551,3,2025-01-23 11:36:28,16.50,efectivo
6168,279,5,2025-01-23 11:37:08,103.35,efectivo
6169,153,5,2025-01-23 11:38:38,19.95,tarjeta
6170,635,8,2025-01-23 11:45:59,47.35,tarjeta
6171,838,9,2025-01-23 11:57:16,26.00,tarjeta
6172,543,9,2025-01-23 11:57:33,90.50,efectivo
6173,192,4,2025-01-23 12:01:15,141.90,efectivo
6174,19,8,2025-01-23 12:10:12,79.00,tarjeta
6175,641,7,2025-01-23 12:11:26,71.90,efectivo
6176,289,6,2025-01-23 12:12:14,67.00,tarjeta
6177,264,4,2025-01-23 12:14:18,88.00,efectivo
6178,798,8,2025-01-23 12:16:12,18.00,efectivo
6179,994,1,2025-01-23 12:19:46,60.50,efectivo
6180,674,10,2025-01-23 12:25:41,47.35,efectivo
6181,925,8,2025-01-23 12:25:51,10.95,efectivo
6182,941,4,2025-01-23 12:30:14,77.45,tarjeta
6183,290,6,2025-01-23 12:30:34,124.85,efectivo
6184,416,10,2025-01-23 12:33:26,115.00,tarjeta
6185,433,2,2025-01-23 12:33:42,121.90,efectivo
6186,360,7,2025-01-23 12:34:18,55.50,tarjeta
6187,790,9,2025-01-23 12:38:09,49.45,efectivo
6188,166,8,2025-01-23 12:38:17,20.00,efectivo
6189,379,1,2025-01-23 12:41:40,67.95,efectivo
6190,984,6,2025-01-23 12:47:43,31.00,efectivo
6191,393,8,2025-01-23 12:48:59,74.50,efectivo
6192,723,1,2025-01-23 12:54:33,40.00,tarjeta
6193,849,7,2025-01-23 12:56:10,37.95,efectivo
6194,500,2,2025-01-23 12:57:21,116.70,tarjeta
6195,57,6,2025-01-23 12:59:58,47.50,efectivo
6196,48,6,2025-01-23 13:05:06,82.50,tarjeta
6197,576,6,2025-01-23 13:09:46,29.50,efectivo
6198,610,9,2025-01-23 13:13:17,35.95,efectivo
6199,517,3,2025-01-23 13:18:52,64.50,efectivo
6200,776,4,2025-01-23 13:32:39,107.40,efectivo
6201,30,8,2025-01-23 13:35:38,93.95,efectivo
6202,603,2,2025-01-23 13:41:48,61.95,efectivo
6203,795,7,2025-01-23 13:43:22,42.95,tarjeta
6204,480,3,2025-01-23 13:45:06,51.00,efectivo
6205,742,3,2025-01-23 13:45:21,111.80,efectivo
6206,701,3,2025-01-23 13:48:26,119.20,tarjeta
6207,420,4,2025-01-23 14:05:19,12.35,tarjeta
6208,34,10,2025-01-23 14:05:56,29.50,efectivo
6209,529,10,2025-01-23 14:07:31,118.90,efectivo
6210,459,10,2025-01-23 14:13:12,18.00,efectivo
6211,879,2,2025-01-23 14:13:20,59.95,tarjeta
6212,349,6,2025-01-23 14:14:17,86.90,tarjeta
6213,620,5,2025-01-23 14:27:49,47.50,tarjeta
6214,531,1,2025-01-23 14:27:53,107.35,tarjeta
6215,966,7,2025-01-23 14:28:05,8.00,efectivo
6216,160,2,2025-01-23 14:32:31,0.00,tarjeta
6217,184,1,2025-01-23 14:34:53,183.80,tarjeta
6218,472,4,2025-01-23 14:35:41,35.95,tarjeta
6219,839,9,2025-01-23 14:37:22,205.80,tarjeta
6220,21,9,2025-01-23 14:40:04,138.40,efectivo
6221,813,8,2025-01-23 14:40:14,90.50,efectivo
6222,532,4,2025-01-23 14:45:56,213.65,tarjeta
6223,209,8,2025-01-23 14:47:32,88.95,efectivo
6224,660,2,2025-01-23 14:56:02,154.40,efectivo
6225,615,10,2025-01-23 14:59:08,40.45,efectivo
6226,163,5,2025-01-23 15:02:46,35.50,tarjeta
6227,3,10,2025-01-23 15:03:23,84.50,efectivo
6228,146,8,2025-01-23 15:04:02,51.45,tarjeta
6229,208,1,2025-01-23 15:15:10,162.90,tarjeta
6230,101,5,2025-01-23 15:18:51,95.50,efectivo
6231,228,10,2025-01-23 15:21:32,55.90,efectivo
6232,984,6,2025-01-23 15:21:58,133.30,efectivo
6233,924,6,2025-01-23 15:23:04,81.25,tarjeta
6234,700,3,2025-01-23 15:24:01,93.00,tarjeta
6235,840,9,2025-01-23 15:31:16,212.60,efectivo
6236,907,6,2025-01-23 15:35:43,95.50,efectivo
6237,210,2,2025-01-23 15:39:12,33.30,efectivo
6238,653,10,2025-01-23 15:41:46,53.95,tarjeta
6239,852,9,2025-01-23 15:52:25,61.50,efectivo
6240,131,3,2025-01-23 16:08:45,123.90,efectivo
6241,44,3,2025-01-23 16:09:58,35.95,tarjeta
6242,42,9,2025-01-23 16:14:28,190.45,efectivo
6243,421,10,2025-01-23 16:20:58,85.95,tarjeta
6244,723,10,2025-01-23 16:25:07,65.45,tarjeta
6245,859,9,2025-01-23 16:25:26,83.45,efectivo
6246,671,3,2025-01-23 16:28:42,123.35,efectivo
6247,35,7,2025-01-23 16:31:03,64.90,efectivo
6248,861,1,2025-01-23 16:31:34,123.35,tarjeta
6249,36,7,2025-01-23 16:35:19,94.95,tarjeta
6250,511,7,2025-01-23 16:36:02,48.00,tarjeta
6251,101,7,2025-01-23 16:38:07,50.00,tarjeta
6252,130,7,2025-01-23 16:38:21,91.90,efectivo
6253,490,6,2025-01-23 16:41:17,165.45,efectivo
6254,790,1,2025-01-23 16:42:11,26.00,tarjeta
6255,618,8,2025-01-23 16:51:06,34.85,efectivo
6256,151,8,2025-01-23 16:51:32,75.00,efectivo
6257,451,6,2025-01-23 16:54:58,69.95,efectivo
6258,774,10,2025-01-23 16:55:44,12.35,efectivo
6259,840,5,2025-01-23 16:56:10,140.00,tarjeta
6260,752,9,2025-01-23 16:59:22,88.95,tarjeta
6261,162,6,2025-01-23 17:00:03,45.00,efectivo
6262,459,1,2025-01-23 17:06:36,40.00,efectivo
6263,936,3,2025-01-23 17:08:48,53.00,tarjeta
6264,997,1,2025-01-23 17:12:48,28.50,tarjeta
6265,175,5,2025-01-23 17:13:44,77.80,tarjeta
6266,893,1,2025-01-23 17:14:17,28.95,tarjeta
6267,746,3,2025-01-23 17:19:26,15.50,tarjeta
6268,676,4,2025-01-23 17:21:37,61.00,tarjeta
6269,458,5,2025-01-23 17:23:05,110.95,efectivo
6270,615,2,2025-01-23 17:25:38,38.90,tarjeta
6271,846,6,2025-01-23 17:25:49,209.85,efectivo
6272,30,5,2025-01-23 17:29:37,95.95,efectivo
6273,107,10,2025-01-23 17:32:02,182.90,tarjeta
6274,831,4,2025-01-23 17:33:58,151.95,efectivo
6275,512,9,2025-01-23 17:39:41,79.00,efectivo
6276,596,5,2025-01-23 17:40:00,50.90,efectivo
6277,146,3,2025-01-23 17:52:17,146.85,tarjeta
6278,871,1,2025-01-23 17:53:26,88.45,tarjeta
6279,320,9,2025-01-23 17:56:27,57.00,tarjeta
6280,746,10,2025-01-23 17:58:52,75.50,tarjeta
6281,403,8,2025-01-23 18:05:08,10.00,efectivo
6282,31,2,2025-01-23 18:11:11,131.45,efectivo
6283,627,1,2025-01-23 18:14:18,72.90,efectivo
6284,470,7,2025-01-23 18:15:24,48.45,tarjeta
6285,615,6,2025-01-23 18:18:18,51.50,tarjeta
6286,179,6,2025-01-23 18:27:44,66.40,efectivo
6287,215,7,2025-01-23 18:35:01,106.85,tarjeta
6288,603,1,2025-01-23 18:42:25,92.85,tarjeta
6289,711,7,2025-01-23 18:43:27,63.50,tarjeta
6290,123,6,2025-01-23 18:46:05,120.80,tarjeta
6291,616,5,2025-01-23 18:51:35,89.50,tarjeta
6292,590,1,2025-01-23 18:57:04,66.95,efectivo
6293,52,4,2025-01-23 18:59:16,19.95,efectivo
6294,826,2,2025-01-23 19:01:56,88.00,efectivo
6295,107,1,2025-01-23 19:10:26,123.95,efectivo
6296,735,10,2025-01-23 19:11:46,92.85,tarjeta
6297,634,3,2025-01-23 19:20:07,65.00,efectivo
6298,941,4,2025-01-23 19:29:30,43.00,tarjeta
6299,221,10,2025-01-23 19:38:32,24.95,efectivo
6300,240,8,2025-01-23 19:38:56,32.00,tarjeta
6301,887,4,2025-01-23 19:41:01,91.35,tarjeta
6302,345,1,2025-01-23 20:01:24,118.95,efectivo
6303,641,5,2025-01-23 20:03:28,141.95,tarjeta
6304,294,3,2025-01-23 20:05:19,19.95,tarjeta
6305,893,3,2025-01-23 20:08:07,48.00,efectivo
6306,193,9,2025-01-23 20:18:14,102.90,tarjeta
6307,554,6,2025-01-23 20:18:49,207.30,efectivo
6308,163,3,2025-01-23 20:19:12,93.00,tarjeta
6309,815,7,2025-01-23 20:30:02,113.90,tarjeta
6310,733,3,2025-01-23 20:31:37,40.00,tarjeta
6311,617,5,2025-01-23 20:39:12,96.95,efectivo
6312,412,8,2025-01-23 20:43:03,100.25,efectivo
6313,554,8,2025-01-23 20:50:06,67.45,tarjeta
6314,490,9,2025-01-23 20:57:05,117.45,tarjeta
6315,109,2,2025-01-23 21:27:04,59.85,efectivo
6316,465,3,2025-01-23 21:50:19,134.85,efectivo
6317,8,3,2025-01-23 22:03:30,89.50,efectivo
6318,208,5,2025-01-23 22:05:33,118.85,tarjeta
6319,610,7,2025-01-23 22:11:34,16.50,tarjeta
6320,115,3,2025-01-23 22:21:03,28.00,tarjeta
6321,169,10,2025-01-23 22:26:23,67.00,efectivo
6322,66,9,2025-01-23 22:37:12,164.30,tarjeta
6323,640,1,2025-01-23 22:41:35,195.90,efectivo
6324,661,9,2025-01-23 22:52:00,141.65,efectivo
6325,590,10,2025-01-23 22:53:11,143.90,tarjeta
6326,147,7,2025-01-23 22:54:39,15.50,efectivo
6327,279,4,2025-01-23 22:56:28,42.45,tarjeta
6328,201,9,2025-01-23 22:59:28,58.00,tarjeta
6329,71,6,2025-01-24 06:01:46,192.35,efectivo
6330,222,5,2025-01-24 06:02:30,19.95,tarjeta
6331,387,2,2025-01-24 06:04:20,99.00,efectivo
6332,571,1,2025-01-24 06:08:09,38.50,efectivo
6333,974,5,2025-01-24 06:08:19,32.50,efectivo
6334,607,10,2025-01-24 06:09:33,57.00,tarjeta
6335,93,3,2025-01-24 06:09:50,70.90,efectivo
6336,789,9,2025-01-24 06:16:16,12.35,tarjeta
6337,145,3,2025-01-24 06:16:17,12.35,efectivo
6338,602,8,2025-01-24 06:21:13,37.50,efectivo
6339,793,6,2025-01-24 06:22:02,85.80,tarjeta
6340,781,10,2025-01-24 06:22:16,32.95,tarjeta
6341,816,6,2025-01-24 06:23:16,40.45,tarjeta
6342,542,8,2025-01-24 06:24:50,46.95,tarjeta
6343,873,9,2025-01-24 06:26:32,24.50,efectivo
6344,200,4,2025-01-24 06:28:57,41.95,tarjeta
6345,372,7,2025-01-24 06:36:27,105.50,tarjeta
6346,406,10,2025-01-24 06:39:34,36.50,tarjeta
6347,760,9,2025-01-24 06:40:55,24.50,tarjeta
6348,860,7,2025-01-24 06:42:20,131.90,efectivo
6349,489,9,2025-01-24 06:45:04,34.50,efectivo
6350,712,7,2025-01-24 06:48:38,48.95,tarjeta
6351,780,9,2025-01-24 06:50:17,157.80,tarjeta
6352,554,6,2025-01-24 06:52:20,165.65,tarjeta
6353,920,3,2025-01-24 06:52:43,36.95,efectivo
6354,394,7,2025-01-24 07:00:37,79.95,tarjeta
6355,964,1,2025-01-24 07:00:40,26.95,tarjeta
6356,834,4,2025-01-24 07:03:15,168.40,efectivo
6357,850,1,2025-01-24 07:07:57,40.00,efectivo
6358,207,1,2025-01-24 07:09:24,38.95,tarjeta
6359,766,9,2025-01-24 07:10:01,92.35,tarjeta
6360,28,1,2025-01-24 07:15:05,55.95,tarjeta
6361,222,9,2025-01-24 07:18:32,63.45,efectivo
6362,10,3,2025-01-24 07:24:33,51.90,tarjeta
6363,641,3,2025-01-24 07:27:04,18.00,efectivo
6364,18,10,2025-01-24 07:27:44,45.45,efectivo
6365,457,9,2025-01-24 07:30:58,24.50,tarjeta
6366,633,5,2025-01-24 07:31:24,10.95,tarjeta
6367,170,8,2025-01-24 07:44:27,32.95,tarjeta
6368,811,2,2025-01-24 07:45:54,98.00,tarjeta
6369,895,6,2025-01-24 07:47:39,82.45,efectivo
6370,689,7,2025-01-24 07:48:20,35.00,efectivo
6371,484,4,2025-01-24 07:49:16,30.00,tarjeta
6372,739,4,2025-01-24 07:51:02,34.95,efectivo
6373,895,7,2025-01-24 07:54:33,22.00,efectivo
6374,924,3,2025-01-24 07:58:21,36.50,tarjeta
6375,250,5,2025-01-24 08:03:28,42.45,efectivo
6376,633,3,2025-01-24 08:04:32,26.95,tarjeta
6377,675,6,2025-01-24 08:06:41,119.95,tarjeta
6378,749,9,2025-01-24 08:09:43,55.50,tarjeta
6379,98,10,2025-01-24 08:10:01,24.50,tarjeta
6380,370,9,2025-01-24 08:16:18,23.30,tarjeta
6381,107,7,2025-01-24 08:19:18,82.40,tarjeta
6382,381,8,2025-01-24 08:25:06,124.90,efectivo
6383,248,7,2025-01-24 08:26:52,85.95,efectivo
6384,952,9,2025-01-24 08:31:04,12.00,tarjeta
6385,405,6,2025-01-24 08:36:52,52.95,efectivo
6386,390,3,2025-01-24 08:38:12,122.00,tarjeta
6387,207,5,2025-01-24 08:38:34,71.00,tarjeta
6388,52,1,2025-01-24 08:42:48,73.90,efectivo
6389,976,1,2025-01-24 08:44:16,0.00,efectivo
6390,196,2,2025-01-24 08:51:21,44.95,efectivo
6391,377,9,2025-01-24 08:53:24,15.50,tarjeta
6392,983,10,2025-01-24 08:54:25,31.00,efectivo
6393,437,2,2025-01-24 08:56:19,55.50,tarjeta
6394,95,2,2025-01-24 09:00:08,58.50,efectivo
6395,67,2,2025-01-24 09:01:00,196.75,efectivo
6396,564,5,2025-01-24 09:01:50,34.50,tarjeta
6397,818,5,2025-01-24 09:03:49,31.00,tarjeta
6398,605,9,2025-01-24 09:03:53,28.50,efectivo
6399,200,1,2025-01-24 09:06:49,24.50,efectivo
6400,568,6,2025-01-24 09:14:03,22.00,tarjeta
6401,1000,9,2025-01-24 09:16:55,42.45,efectivo
6402,659,2,2025-01-24 09:20:58,133.00,efectivo
6403,834,10,2025-01-24 09:23:52,71.90,tarjeta
6404,405,2,2025-01-24 09:26:08,40.00,efectivo
6405,630,5,2025-01-24 09:30:10,55.50,tarjeta
6406,314,8,2025-01-24 09:38:49,55.50,tarjeta
6407,781,1,2025-01-24 09:38:59,82.45,tarjeta
6408,464,2,2025-01-24 09:39:49,77.50,tarjeta
6409,967,9,2025-01-24 09:51:37,32.95,tarjeta
6410,270,8,2025-01-24 09:55:01,47.90,tarjeta
6411,732,1,2025-01-24 09:56:34,10.95,efectivo
6412,585,5,2025-01-24 09:56:36,28.50,efectivo
6413,744,1,2025-01-24 09:57:47,82.45,efectivo
6414,477,8,2025-01-24 10:02:43,22.00,efectivo
6415,389,9,2025-01-24 10:07:42,199.80,tarjeta
6416,881,1,2025-01-24 10:09:57,26.95,efectivo
6417,787,6,2025-01-24 10:14:28,36.95,efectivo
6418,84,10,2025-01-24 10:17:22,31.00,tarjeta
6419,158,4,2025-01-24 10:18:29,34.85,tarjeta
6420,596,8,2025-01-24 10:19:17,55.50,efectivo
6421,123,7,2025-01-24 10:20:33,97.45,efectivo
6422,921,9,2025-01-24 10:29:03,63.00,efectivo
6423,250,5,2025-01-24 10:31:44,36.50,efectivo
6424,250,9,2025-01-24 10:34:49,53.00,efectivo
6425,926,2,2025-01-24 10:35:52,85.30,tarjeta
6426,295,7,2025-01-24 10:36:21,48.45,efectivo
6427,288,2,2025-01-24 10:37:00,24.50,efectivo
6428,314,7,2025-01-24 10:45:43,24.50,tarjeta
6429,799,3,2025-01-24 10:52:24,22.00,tarjeta
6430,563,8,2025-01-24 10:54:37,53.40,efectivo
6431,721,10,2025-01-24 10:58:38,35.00,efectivo
6432,511,2,2025-01-24 11:00:48,80.00,efectivo
6433,326,4,2025-01-24 11:01:16,80.40,tarjeta
6434,66,9,2025-01-24 11:05:53,70.90,tarjeta
6435,501,9,2025-01-24 11:06:55,312.65,tarjeta
6436,240,2,2025-01-24 11:08:50,60.30,efectivo
6437,376,1,2025-01-24 11:09:54,20.95,efectivo
6438,897,7,2025-01-24 11:11:10,18.00,tarjeta
6439,326,8,2025-01-24 11:17:38,64.90,tarjeta
6440,752,2,2025-01-24 11:19:25,116.25,tarjeta
6441,733,9,2025-01-24 11:25:04,143.80,efectivo
6442,508,3,2025-01-24 11:28:13,35.95,efectivo
6443,419,7,2025-01-24 11:33:12,10.95,tarjeta
6444,839,8,2025-01-24 11:34:40,150.90,efectivo
6445,598,4,2025-01-24 11:46:22,56.90,tarjeta
6446,594,9,2025-01-24 11:53:15,90.45,efectivo
6447,648,7,2025-01-24 11:56:51,55.50,tarjeta
6448,113,1,2025-01-24 11:56:52,10.00,tarjeta
6449,908,3,2025-01-24 11:57:52,41.85,efectivo
6450,752,2,2025-01-24 11:59:32,127.45,tarjeta
6451,625,9,2025-01-24 12:00:50,91.45,tarjeta
6452,104,10,2025-01-24 12:04:24,78.80,efectivo
6453,832,6,2025-01-24 12:04:39,75.45,tarjeta
6454,556,6,2025-01-24 12:10:04,180.25,efectivo
6455,960,2,2025-01-24 12:10:20,101.90,tarjeta
6456,746,8,2025-01-24 12:10:53,90.50,efectivo
6457,547,1,2025-01-24 12:11:09,58.00,tarjeta
6458,531,4,2025-01-24 12:22:53,126.45,tarjeta
6459,786,1,2025-01-24 12:26:15,29.50,tarjeta
6460,201,2,2025-01-24 12:39:38,46.50,efectivo
6461,385,10,2025-01-24 12:40:01,38.90,tarjeta
6462,671,5,2025-01-24 12:43:51,175.15,tarjeta
6463,285,7,2025-01-24 12:47:38,69.50,efectivo
6464,438,9,2025-01-24 12:49:56,26.00,tarjeta
6465,929,7,2025-01-24 12:54:14,91.90,efectivo
6466,450,10,2025-01-24 12:54:33,26.95,tarjeta
6467,977,8,2025-01-24 12:57:14,79.00,tarjeta
6468,857,5,2025-01-24 13:01:57,93.85,tarjeta
6469,926,2,2025-01-24 13:03:25,159.40,efectivo
6470,973,10,2025-01-24 13:07:20,41.50,tarjeta
6471,390,8,2025-01-24 13:08:25,135.40,efectivo
6472,420,2,2025-01-24 13:09:14,99.90,tarjeta
6473,952,10,2025-01-24 13:09:21,68.50,tarjeta
6474,982,2,2025-01-24 13:11:28,90.50,efectivo
6475,958,8,2025-01-24 13:16:51,125.35,efectivo
6476,16,1,2025-01-24 13:24:32,55.50,tarjeta
6477,398,10,2025-01-24 13:32:45,97.95,tarjeta
6478,264,1,2025-01-24 13:33:20,217.65,tarjeta
6479,704,5,2025-01-24 13:34:13,47.50,tarjeta
6480,136,8,2025-01-24 13:35:46,54.45,efectivo
6481,30,2,2025-01-24 13:44:50,32.00,efectivo
6482,77,4,2025-01-24 13:45:59,40.95,tarjeta
6483,470,9,2025-01-24 13:48:55,61.00,tarjeta
6484,42,2,2025-01-24 13:51:03,112.45,efectivo
6485,573,1,2025-01-24 13:53:07,41.45,efectivo
6486,625,7,2025-01-24 13:55:08,88.45,efectivo
6487,617,6,2025-01-24 13:58:11,10.95,efectivo
6488,532,1,2025-01-24 13:58:51,74.00,tarjeta
6489,737,5,2025-01-24 14:00:37,18.00,efectivo
6490,813,1,2025-01-24 14:05:38,78.90,tarjeta
6491,540,2,2025-01-24 14:06:31,127.85,tarjeta
6492,988,9,2025-01-24 14:08:49,35.50,efectivo
6493,718,3,2025-01-24 14:09:37,29.50,tarjeta
6494,110,4,2025-01-24 14:13:33,82.50,tarjeta
6495,225,10,2025-01-24 14:18:29,29.50,tarjeta
6496,669,1,2025-01-24 14:26:10,74.85,efectivo
6497,640,8,2025-01-24 14:33:37,48.50,tarjeta
6498,931,1,2025-01-24 14:33:51,183.85,efectivo
6499,802,8,2025-01-24 14:36:34,93.00,efectivo
6500,169,2,2025-01-24 14:37:54,61.45,efectivo
6501,117,5,2025-01-24 14:38:44,48.90,efectivo
6502,705,1,2025-01-24 14:44:35,82.50,efectivo
6503,893,9,2025-01-24 14:54:22,26.00,efectivo
6504,386,4,2025-01-24 14:54:37,22.00,tarjeta
6505,719,5,2025-01-24 14:55:36,38.90,efectivo
6506,228,8,2025-01-24 14:56:40,117.40,efectivo
6507,37,3,2025-01-24 15:04:10,86.95,tarjeta
6508,663,8,2025-01-24 15:06:17,76.85,tarjeta
6509,420,3,2025-01-24 15:09:24,102.50,tarjeta
6510,449,9,2025-01-24 15:10:01,123.90,tarjeta
6511,97,3,2025-01-24 15:18:14,38.90,efectivo
6512,243,2,2025-01-24 15:24:58,24.95,tarjeta
6513,560,10,2025-01-24 15:25:10,90.50,tarjeta
6514,860,5,2025-01-24 15:28:21,105.50,tarjeta
6515,396,7,2025-01-24 15:32:04,22.50,tarjeta
6516,223,5,2025-01-24 15:39:30,103.80,tarjeta
6517,641,4,2025-01-24 15:48:56,82.45,tarjeta
6518,716,4,2025-01-24 15:56:24,118.95,efectivo
6519,418,3,2025-01-24 16:01:14,79.90,tarjeta
6520,723,4,2025-01-24 16:14:04,18.00,tarjeta
6521,77,10,2025-01-24 16:31:49,81.90,tarjeta
6522,418,6,2025-01-24 16:39:04,136.95,efectivo
6523,848,7,2025-01-24 16:46:25,108.95,efectivo
6524,208,9,2025-01-24 16:48:59,135.00,tarjeta
6525,83,7,2025-01-24 16:49:46,80.00,efectivo
6526,905,9,2025-01-24 16:53:52,138.90,tarjeta
6527,865,3,2025-01-24 16:54:31,142.85,tarjeta
6528,145,3,2025-01-24 16:56:48,70.95,tarjeta
6529,53,7,2025-01-24 16:58:28,29.50,efectivo
6530,827,10,2025-01-24 17:01:04,32.70,efectivo
6531,822,2,2025-01-24 17:03:21,162.95,efectivo
6532,658,9,2025-01-24 17:15:15,38.50,efectivo
6533,875,9,2025-01-24 17:16:12,20.00,tarjeta
6534,831,5,2025-01-24 17:20:32,44.85,tarjeta
6535,440,4,2025-01-24 17:20:52,49.45,efectivo
6536,440,1,2025-01-24 17:30:10,186.45,tarjeta
6537,619,8,2025-01-24 17:33:53,121.85,efectivo
6538,802,2,2025-01-24 17:33:53,72.50,tarjeta
6539,573,4,2025-01-24 17:46:48,42.50,tarjeta
6540,411,6,2025-01-24 17:54:36,81.85,tarjeta
6541,848,7,2025-01-24 18:00:21,137.00,efectivo
6542,663,2,2025-01-24 18:04:01,178.50,tarjeta
6543,918,8,2025-01-24 18:11:26,57.95,efectivo
6544,239,5,2025-01-24 18:12:48,61.35,efectivo
6545,72,2,2025-01-24 18:21:50,63.95,tarjeta
6546,980,4,2025-01-24 18:53:55,46.95,efectivo
6547,940,5,2025-01-24 19:04:40,54.95,efectivo
6548,297,8,2025-01-24 19:06:42,84.85,tarjeta
6549,381,3,2025-01-24 19:12:21,110.00,efectivo
6550,560,9,2025-01-24 19:12:46,18.00,efectivo
6551,453,5,2025-01-24 19:31:46,102.30,tarjeta
6552,83,7,2025-01-24 19:41:55,122.80,tarjeta
6553,243,4,2025-01-24 19:44:25,70.90,efectivo
6554,692,3,2025-01-24 19:47:03,35.95,efectivo
6555,676,10,2025-01-24 19:52:12,96.80,tarjeta
6556,941,8,2025-01-24 19:52:21,35.00,efectivo
6557,279,1,2025-01-24 19:53:09,61.00,tarjeta
6558,409,7,2025-01-24 19:59:31,41.50,efectivo
6559,528,8,2025-01-24 19:59:45,22.50,efectivo
6560,807,2,2025-01-24 20:03:24,35.00,efectivo
6561,825,5,2025-01-24 20:03:32,47.50,tarjeta
6562,648,4,2025-01-24 20:12:18,56.50,tarjeta
6563,410,2,2025-01-24 20:12:33,125.40,efectivo
6564,438,2,2025-01-24 20:21:23,18.00,efectivo
6565,675,5,2025-01-24 20:23:44,85.00,efectivo
6566,72,7,2025-01-24 20:27:22,35.00,efectivo
6567,892,7,2025-01-24 20:34:08,113.00,efectivo
6568,710,3,2025-01-24 20:35:07,89.95,tarjeta
6569,980,3,2025-01-24 20:35:56,54.95,tarjeta
6570,371,7,2025-01-24 20:36:11,153.05,tarjeta
6571,672,3,2025-01-24 20:47:17,49.65,tarjeta
6572,497,9,2025-01-24 20:47:22,32.95,efectivo
6573,430,1,2025-01-24 20:50:40,71.40,efectivo
6574,840,3,2025-01-24 20:51:00,62.90,efectivo
6575,735,8,2025-01-24 21:03:26,22.50,efectivo
6576,775,10,2025-01-24 21:06:12,54.00,tarjeta
6577,996,7,2025-01-24 21:08:28,52.00,tarjeta
6578,50,3,2025-01-24 21:10:58,149.50,efectivo
6579,576,2,2025-01-24 21:14:53,75.50,tarjeta
6580,210,9,2025-01-24 21:23:51,35.95,tarjeta
6581,264,7,2025-01-24 21:37:13,49.85,tarjeta
6582,179,2,2025-01-24 21:38:42,79.95,tarjeta
6583,697,9,2025-01-24 21:39:27,56.45,tarjeta
6584,591,1,2025-01-24 21:44:23,90.50,tarjeta
6585,685,9,2025-01-24 21:54:15,36.50,tarjeta
6586,754,7,2025-01-24 21:56:29,54.00,tarjeta
6587,984,3,2025-01-24 22:04:45,106.30,tarjeta
6588,309,2,2025-01-24 22:04:55,12.00,efectivo
6589,36,7,2025-01-24 22:07:58,92.00,efectivo
6590,723,10,2025-01-24 22:08:39,18.00,efectivo
6591,145,4,2025-01-24 22:13:20,166.70,efectivo
6592,203,5,2025-01-24 22:15:08,67.00,tarjeta
6593,43,7,2025-01-24 22:16:49,44.90,tarjeta
6594,648,6,2025-01-24 22:17:04,86.45,tarjeta
6595,3,4,2025-01-24 22:17:10,161.90,tarjeta
6596,674,10,2025-01-24 22:20:29,46.50,tarjeta
6597,909,5,2025-01-24 22:28:16,49.95,tarjeta
6598,859,1,2025-01-24 22:29:14,92.95,efectivo
6599,670,2,2025-01-24 22:31:29,64.50,efectivo
6600,984,8,2025-01-24 22:38:26,129.40,efectivo
6601,704,9,2025-01-24 22:43:47,43.00,efectivo
6602,993,4,2025-01-24 22:46:42,117.50,efectivo
6603,882,6,2025-01-24 22:48:14,103.90,efectivo
6604,671,1,2025-01-24 22:57:43,112.80,tarjeta
6605,473,10,2025-01-24 22:59:03,194.00,efectivo
6606,100,3,2025-01-24 22:59:52,111.00,efectivo
6607,943,8,2025-01-25 06:03:25,64.50,tarjeta
6608,38,3,2025-01-25 06:03:48,81.90,tarjeta
6609,562,6,2025-01-25 06:08:15,24.50,efectivo
6610,714,7,2025-01-25 06:09:28,74.85,tarjeta
6611,759,2,2025-01-25 06:21:01,34.50,tarjeta
6612,254,1,2025-01-25 06:25:04,22.00,tarjeta
6613,451,10,2025-01-25 06:28:18,152.75,efectivo
6614,406,2,2025-01-25 06:29:08,10.00,tarjeta
6615,177,10,2025-01-25 06:31:22,31.00,tarjeta
6616,18,8,2025-01-25 06:34:34,66.45,tarjeta
6617,382,10,2025-01-25 06:35:11,77.50,tarjeta
6618,575,7,2025-01-25 06:35:42,35.00,efectivo
6619,270,7,2025-01-25 06:38:49,77.50,tarjeta
6620,648,6,2025-01-25 06:39:24,56.95,efectivo
6621,218,9,2025-01-25 06:39:53,35.45,tarjeta
6622,45,8,2025-01-25 06:45:17,78.90,efectivo
6623,195,4,2025-01-25 06:45:38,37.90,efectivo
6624,664,4,2025-01-25 06:46:47,55.50,tarjeta
6625,732,1,2025-01-25 06:50:23,15.50,tarjeta
6626,302,6,2025-01-25 06:50:40,19.95,tarjeta
6627,183,6,2025-01-25 06:52:08,10.00,tarjeta
6628,381,7,2025-01-25 06:52:29,158.75,efectivo
6629,927,2,2025-01-25 06:53:44,139.90,efectivo
6630,707,5,2025-01-25 06:53:54,46.50,tarjeta
6631,460,9,2025-01-25 07:00:49,22.00,tarjeta
6632,200,4,2025-01-25 07:02:14,46.50,tarjeta
6633,477,5,2025-01-25 07:03:18,22.95,tarjeta
6634,713,2,2025-01-25 07:03:24,26.95,tarjeta
6635,50,4,2025-01-25 07:05:42,59.95,efectivo
6636,416,4,2025-01-25 07:05:47,65.95,tarjeta
6637,350,1,2025-01-25 07:07:57,45.95,tarjeta
6638,315,10,2025-01-25 07:12:16,15.50,efectivo
6639,372,1,2025-01-25 07:12:45,158.90,tarjeta
6640,763,5,2025-01-25 07:16:51,28.95,tarjeta
6641,405,10,2025-01-25 07:17:08,18.00,efectivo
6642,974,3,2025-01-25 07:17:24,22.00,tarjeta
6643,533,1,2025-01-25 07:21:01,46.95,tarjeta
6644,65,5,2025-01-25 07:22:23,137.50,efectivo
6645,753,10,2025-01-25 07:23:16,44.95,efectivo
6646,63,1,2025-01-25 07:24:36,0.00,efectivo
6647,446,1,2025-01-25 07:24:55,10.95,efectivo
6648,360,6,2025-01-25 07:24:57,90.50,efectivo
6649,801,3,2025-01-25 07:34:31,37.50,tarjeta
6650,461,5,2025-01-25 07:43:52,10.00,tarjeta
6651,899,7,2025-01-25 07:45:02,63.95,efectivo
6652,697,10,2025-01-25 07:45:34,38.90,efectivo
6653,915,6,2025-01-25 07:47:49,48.95,efectivo
6654,288,1,2025-01-25 07:54:18,8.00,tarjeta
6655,135,5,2025-01-25 07:55:28,92.95,tarjeta
6656,160,8,2025-01-25 07:57:05,68.90,efectivo
6657,670,7,2025-01-25 07:58:03,29.50,tarjeta
6658,257,9,2025-01-25 08:00:02,65.00,efectivo
6659,1000,3,2025-01-25 08:01:34,18.95,tarjeta
6660,377,7,2025-01-25 08:02:27,0.00,efectivo
6661,730,6,2025-01-25 08:08:39,115.00,efectivo
6662,781,4,2025-01-25 08:13:16,37.90,efectivo
6663,572,10,2025-01-25 08:14:31,22.00,efectivo
6664,405,9,2025-01-25 08:18:03,22.00,tarjeta
6665,322,1,2025-01-25 08:18:36,50.50,tarjeta
6666,195,1,2025-01-25 08:19:21,69.90,efectivo
6667,245,1,2025-01-25 08:19:37,34.50,efectivo
6668,706,8,2025-01-25 08:20:31,24.50,efectivo
6669,469,1,2025-01-25 08:24:21,22.00,efectivo
6670,552,1,2025-01-25 08:24:26,61.95,tarjeta
6671,359,10,2025-01-25 08:29:36,24.50,efectivo
6672,915,5,2025-01-25 08:30:13,10.95,tarjeta
6673,677,10,2025-01-25 08:38:07,71.00,efectivo
6674,885,9,2025-01-25 08:40:20,10.95,tarjeta
6675,124,6,2025-01-25 08:41:24,34.00,tarjeta
6676,116,5,2025-01-25 08:42:02,8.00,tarjeta
6677,89,1,2025-01-25 08:43:34,32.00,efectivo
6678,967,8,2025-01-25 08:45:46,50.95,tarjeta
6679,567,5,2025-01-25 08:47:18,22.00,tarjeta
6680,883,9,2025-01-25 08:48:38,56.90,tarjeta
6681,604,2,2025-01-25 08:48:50,48.95,tarjeta
6682,120,7,2025-01-25 08:49:19,47.45,efectivo
6683,581,8,2025-01-25 08:56:46,18.00,efectivo
6684,616,9,2025-01-25 09:01:30,64.90,tarjeta
6685,535,4,2025-01-25 09:04:39,22.00,efectivo
6686,754,6,2025-01-25 09:05:26,29.50,tarjeta
6687,468,6,2025-01-25 09:06:32,29.50,tarjeta
6688,542,10,2025-01-25 09:10:41,31.00,efectivo
6689,240,6,2025-01-25 09:12:27,62.90,efectivo
6690,962,2,2025-01-25 09:16:39,22.00,efectivo
6691,160,3,2025-01-25 09:18:58,83.45,tarjeta
6692,826,8,2025-01-25 09:21:51,145.90,tarjeta
6693,10,2,2025-01-25 09:27:18,24.50,tarjeta
6694,957,10,2025-01-25 09:28:43,26.95,tarjeta
6695,806,10,2025-01-25 09:32:10,110.85,efectivo
6696,803,7,2025-01-25 09:33:02,37.90,efectivo
6697,977,4,2025-01-25 09:34:37,107.00,tarjeta
6698,245,7,2025-01-25 09:34:45,53.00,tarjeta
6699,152,1,2025-01-25 09:35:07,37.50,efectivo
6700,630,7,2025-01-25 09:37:09,26.95,efectivo
6701,945,5,2025-01-25 09:40:11,35.00,efectivo
6702,873,1,2025-01-25 09:41:55,31.00,tarjeta
6703,556,4,2025-01-25 09:42:39,110.00,tarjeta
6704,954,9,2025-01-25 09:45:34,46.50,tarjeta
6705,733,1,2025-01-25 09:54:29,98.80,efectivo
6706,834,4,2025-01-25 09:57:29,89.30,efectivo
6707,364,7,2025-01-25 09:59:49,32.00,efectivo
6708,582,3,2025-01-25 10:03:06,55.50,efectivo
6709,136,7,2025-01-25 10:07:45,94.40,tarjeta
6710,494,5,2025-01-25 10:08:35,37.90,efectivo
6711,50,9,2025-01-25 10:09:44,142.00,efectivo
6712,915,9,2025-01-25 10:17:27,15.50,tarjeta
6713,917,10,2025-01-25 10:18:48,55.50,efectivo
6714,793,3,2025-01-25 10:19:07,36.50,tarjeta
6715,281,7,2025-01-25 10:19:22,43.00,efectivo
6716,54,1,2025-01-25 10:19:51,25.50,tarjeta
6717,193,9,2025-01-25 10:19:58,67.90,efectivo
6718,696,3,2025-01-25 10:22:08,45.95,tarjeta
6719,221,4,2025-01-25 10:22:34,26.00,efectivo
6720,128,9,2025-01-25 10:25:29,57.95,efectivo
6721,475,9,2025-01-25 10:27:29,65.00,efectivo
6722,878,4,2025-01-25 10:27:44,34.50,efectivo
6723,901,4,2025-01-25 10:27:58,62.95,tarjeta
6724,548,3,2025-01-25 10:30:11,31.00,efectivo
6725,637,2,2025-01-25 10:52:51,79.50,efectivo
6726,666,9,2025-01-25 10:55:56,34.50,efectivo
6727,128,1,2025-01-25 10:56:30,51.95,tarjeta
6728,590,6,2025-01-25 11:00:17,82.95,tarjeta
6729,514,5,2025-01-25 11:00:24,10.95,tarjeta
6730,234,9,2025-01-25 11:01:40,166.40,tarjeta
6731,864,9,2025-01-25 11:02:56,42.50,efectivo
6732,933,10,2025-01-25 11:05:11,83.90,tarjeta
6733,871,7,2025-01-25 11:07:24,82.50,efectivo
6734,17,4,2025-01-25 11:08:35,61.00,tarjeta
6735,705,10,2025-01-25 11:11:18,82.50,tarjeta
6736,980,10,2025-01-25 11:19:57,47.50,efectivo
6737,906,8,2025-01-25 11:25:02,76.85,tarjeta
6738,92,2,2025-01-25 11:28:31,99.35,tarjeta
6739,385,10,2025-01-25 11:32:16,92.00,tarjeta
6740,871,2,2025-01-25 11:37:30,55.50,efectivo
6741,786,6,2025-01-25 11:38:10,60.45,efectivo
6742,100,9,2025-01-25 11:44:51,44.95,tarjeta
6743,514,5,2025-01-25 11:46:58,149.80,efectivo
6744,30,9,2025-01-25 11:51:20,79.50,tarjeta
6745,187,8,2025-01-25 11:55:32,92.90,efectivo
6746,603,4,2025-01-25 11:56:02,48.90,efectivo
6747,70,6,2025-01-25 12:13:06,12.35,tarjeta
6748,236,4,2025-01-25 12:23:23,98.35,efectivo
6749,101,10,2025-01-25 12:27:15,64.50,efectivo
6750,797,5,2025-01-25 12:29:09,130.80,efectivo
6751,223,7,2025-01-25 12:31:08,45.35,tarjeta
6752,859,2,2025-01-25 12:36:19,37.50,tarjeta
6753,141,1,2025-01-25 12:41:56,51.45,tarjeta
6754,852,5,2025-01-25 12:42:27,53.00,tarjeta
6755,310,8,2025-01-25 12:45:28,38.50,tarjeta
6756,634,8,2025-01-25 12:53:32,64.45,efectivo
6757,131,3,2025-01-25 12:59:55,62.50,efectivo
6758,600,5,2025-01-25 13:01:14,38.50,efectivo
6759,240,1,2025-01-25 13:03:00,93.95,tarjeta
6760,77,10,2025-01-25 13:04:38,147.75,efectivo
6761,776,1,2025-01-25 13:04:51,26.00,tarjeta
6762,996,2,2025-01-25 13:12:21,32.30,tarjeta
6763,442,8,2025-01-25 13:14:24,70.95,efectivo
6764,813,10,2025-01-25 13:15:49,64.45,tarjeta
6765,553,9,2025-01-25 13:23:39,165.80,tarjeta
6766,933,9,2025-01-25 13:27:45,97.90,tarjeta
6767,480,5,2025-01-25 13:27:48,131.50,tarjeta
6768,696,8,2025-01-25 13:29:55,26.00,efectivo
6769,208,2,2025-01-25 13:34:53,110.95,efectivo
6770,209,9,2025-01-25 13:37:29,98.85,efectivo
6771,117,5,2025-01-25 13:45:22,77.50,tarjeta
6772,159,9,2025-01-25 13:45:22,90.50,efectivo
6773,671,4,2025-01-25 13:45:32,44.00,tarjeta
6774,600,6,2025-01-25 13:46:11,112.40,efectivo
6775,223,9,2025-01-25 13:46:43,208.00,efectivo
6776,945,9,2025-01-25 13:47:02,171.65,tarjeta
6777,289,9,2025-01-25 13:49:23,38.90,tarjeta
6778,598,4,2025-01-25 13:52:27,64.00,tarjeta
6779,141,10,2025-01-25 13:54:27,16.50,efectivo
6780,578,7,2025-01-25 14:04:09,26.00,tarjeta
6781,136,7,2025-01-25 14:06:36,10.95,tarjeta
6782,705,2,2025-01-25 14:10:01,47.50,tarjeta
6783,318,9,2025-01-25 14:18:37,28.50,efectivo
6784,642,9,2025-01-25 14:20:11,84.25,efectivo
6785,839,2,2025-01-25 14:21:37,80.20,efectivo
6786,997,1,2025-01-25 14:22:09,64.50,efectivo
6787,360,9,2025-01-25 14:27:07,34.00,tarjeta
6788,188,1,2025-01-25 14:29:10,8.00,tarjeta
6789,925,2,2025-01-25 14:31:35,44.95,efectivo
6790,204,5,2025-01-25 14:34:15,97.45,tarjeta
6791,891,8,2025-01-25 14:34:46,63.35,efectivo
6792,353,7,2025-01-25 14:35:19,109.35,efectivo
6793,663,4,2025-01-25 14:40:58,74.45,tarjeta
6794,598,9,2025-01-25 14:41:01,167.80,tarjeta
6795,984,3,2025-01-25 14:44:45,127.00,tarjeta
6796,14,8,2025-01-25 14:48:59,35.00,tarjeta
6797,184,8,2025-01-25 14:49:19,102.75,tarjeta
6798,42,2,2025-01-25 14:57:35,235.00,efectivo
6799,853,3,2025-01-25 14:58:32,22.00,efectivo
6800,821,4,2025-01-25 14:59:09,28.50,tarjeta
6801,202,2,2025-01-25 15:00:56,16.50,efectivo
6802,775,6,2025-01-25 15:09:40,28.50,efectivo
6803,681,9,2025-01-25 15:13:27,53.95,efectivo
6804,465,3,2025-01-25 15:27:17,63.60,efectivo
6805,418,2,2025-01-25 15:29:50,109.95,efectivo
6806,659,7,2025-01-25 15:32:48,146.40,efectivo
6807,100,10,2025-01-25 15:33:59,38.90,tarjeta
6808,297,5,2025-01-25 15:37:08,166.90,efectivo
6809,887,3,2025-01-25 15:44:07,144.30,efectivo
6810,945,6,2025-01-25 15:51:11,117.35,efectivo
6811,733,3,2025-01-25 15:58:58,165.45,tarjeta
6812,998,3,2025-01-25 16:01:44,35.00,tarjeta
6813,528,6,2025-01-25 16:01:58,32.00,tarjeta
6814,612,1,2025-01-25 16:03:12,120.40,tarjeta
6815,913,4,2025-01-25 16:07:49,28.50,tarjeta
6816,385,2,2025-01-25 16:14:48,55.50,efectivo
6817,31,10,2025-01-25 16:17:40,142.25,tarjeta
6818,291,10,2025-01-25 16:23:28,70.95,tarjeta
6819,458,6,2025-01-25 16:25:46,83.40,tarjeta
6820,716,6,2025-01-25 16:29:17,33.50,efectivo
6821,226,10,2025-01-25 16:35:02,64.50,efectivo
6822,676,1,2025-01-25 16:48:00,58.00,efectivo
6823,297,4,2025-01-25 16:48:54,205.90,tarjeta
6824,191,7,2025-01-25 16:56:30,32.00,tarjeta
6825,391,8,2025-01-25 17:00:00,69.95,tarjeta
6826,82,4,2025-01-25 17:05:05,12.35,efectivo
6827,659,10,2025-01-25 17:07:36,8.00,efectivo
6828,716,1,2025-01-25 17:19:02,55.45,tarjeta
6829,884,3,2025-01-25 17:20:30,61.00,tarjeta
6830,620,3,2025-01-25 17:24:53,102.40,efectivo
6831,681,10,2025-01-25 17:29:16,142.00,tarjeta
6832,642,7,2025-01-25 17:35:39,89.00,efectivo
6833,22,4,2025-01-25 17:38:23,98.00,efectivo
6834,107,4,2025-01-25 17:46:49,48.35,tarjeta
6835,809,5,2025-01-25 17:52:41,122.40,efectivo
6836,208,9,2025-01-25 17:54:19,113.95,efectivo
6837,686,8,2025-01-25 17:55:33,132.35,tarjeta
6838,451,8,2025-01-25 18:03:24,98.35,efectivo
6839,142,6,2025-01-25 18:06:35,53.95,efectivo
6840,57,2,2025-01-25 18:07:59,53.95,tarjeta
6841,924,6,2025-01-25 18:25:16,136.15,tarjeta
6842,973,2,2025-01-25 18:35:19,49.45,tarjeta
6843,352,9,2025-01-25 18:42:56,18.00,efectivo
6844,909,5,2025-01-25 18:50:42,92.85,tarjeta
6845,694,7,2025-01-25 18:59:54,130.50,efectivo
6846,679,1,2025-01-25 19:02:18,0.00,tarjeta
6847,360,10,2025-01-25 19:02:35,35.00,efectivo
6848,215,7,2025-01-25 19:03:21,56.50,tarjeta
6849,802,7,2025-01-25 19:04:25,35.95,tarjeta
6850,92,8,2025-01-25 19:10:00,39.50,efectivo
6851,723,7,2025-01-25 19:16:27,56.95,tarjeta
6852,610,3,2025-01-25 19:24:59,51.45,tarjeta
6853,204,9,2025-01-25 19:31:02,53.00,tarjeta
6854,198,6,2025-01-25 19:33:21,35.00,efectivo
6855,454,8,2025-01-25 19:41:21,180.55,tarjeta
6856,268,1,2025-01-25 19:49:54,81.50,tarjeta
6857,287,9,2025-01-25 19:59:48,103.50,efectivo
6858,807,1,2025-01-25 20:04:08,33.50,efectivo
6859,546,7,2025-01-25 20:12:20,74.90,efectivo
6860,444,6,2025-01-25 20:14:15,61.00,tarjeta
6861,658,8,2025-01-25 20:28:09,61.00,efectivo
6862,980,5,2025-01-25 20:30:25,71.45,efectivo
6863,204,6,2025-01-25 20:31:50,94.85,efectivo
6864,570,7,2025-01-25 20:34:01,74.80,efectivo
6865,219,3,2025-01-25 20:45:54,26.00,efectivo
6866,421,2,2025-01-25 20:49:14,81.90,efectivo
6867,514,1,2025-01-25 20:54:34,100.90,tarjeta
6868,101,7,2025-01-25 20:54:41,47.50,tarjeta
6869,638,10,2025-01-25 20:59:49,48.35,efectivo
6870,700,5,2025-01-25 21:01:00,35.00,tarjeta
6871,34,4,2025-01-25 21:09:48,70.90,efectivo
6872,357,9,2025-01-25 21:23:39,88.95,efectivo
6873,267,9,2025-01-25 21:35:45,104.45,efectivo
6874,700,6,2025-01-25 21:41:37,34.00,efectivo
6875,861,9,2025-01-25 21:41:52,45.95,efectivo
6876,90,5,2025-01-25 21:45:17,69.50,tarjeta
6877,264,7,2025-01-25 22:04:24,40.85,efectivo
6878,870,5,2025-01-25 22:10:35,144.90,efectivo
6879,367,7,2025-01-25 22:16:37,149.80,tarjeta
6880,807,1,2025-01-25 22:29:26,46.35,tarjeta
6881,734,3,2025-01-25 22:31:41,10.00,efectivo
6882,158,1,2025-01-25 22:48:15,99.95,efectivo
6883,737,9,2025-01-25 22:49:52,53.00,tarjeta
6884,48,7,2025-01-25 22:51:13,15.50,tarjeta
6885,775,7,2025-01-25 22:52:36,18.00,tarjeta
6886,261,10,2025-01-25 22:54:47,61.95,efectivo
6887,752,4,2025-01-26 06:02:58,162.80,efectivo
6888,116,5,2025-01-26 06:05:31,10.95,tarjeta
6889,25,1,2025-01-26 06:06:56,48.45,tarjeta
6890,974,2,2025-01-26 06:12:24,43.00,tarjeta
6891,377,5,2025-01-26 06:18:20,44.45,efectivo
6892,625,7,2025-01-26 06:20:06,35.00,efectivo
6893,2,4,2025-01-26 06:22:43,34.00,efectivo
6894,657,7,2025-01-26 06:31:34,53.00,tarjeta
6895,787,3,2025-01-26 06:35:12,22.00,efectivo
6896,24,8,2025-01-26 06:37:53,179.90,tarjeta
6897,98,9,2025-01-26 06:44:00,10.00,efectivo
6898,344,3,2025-01-26 06:50:29,18.00,tarjeta
6899,245,2,2025-01-26 06:51:50,58.50,tarjeta
6900,1000,5,2025-01-26 06:51:52,65.50,efectivo
6901,728,2,2025-01-26 06:56:57,82.90,efectivo
6902,945,4,2025-01-26 07:02:32,56.00,efectivo
6903,128,5,2025-01-26 07:12:07,15.50,tarjeta
6904,103,5,2025-01-26 07:21:11,52.45,efectivo
6905,362,1,2025-01-26 07:31:52,73.90,tarjeta
6906,475,3,2025-01-26 07:33:02,22.00,efectivo
6907,428,5,2025-01-26 07:33:33,47.00,tarjeta
6908,901,4,2025-01-26 07:33:33,10.95,efectivo
6909,958,3,2025-01-26 07:38:03,31.00,tarjeta
6910,93,10,2025-01-26 07:39:34,12.00,efectivo
6911,374,10,2025-01-26 07:41:55,52.00,tarjeta
6912,962,10,2025-01-26 07:46:54,38.95,efectivo
6913,445,7,2025-01-26 07:48:12,46.50,efectivo
6914,709,6,2025-01-26 07:52:51,79.45,efectivo
6915,469,4,2025-01-26 07:54:09,26.45,efectivo
6916,133,6,2025-01-26 07:55:16,12.00,tarjeta
6917,476,9,2025-01-26 07:56:20,65.95,efectivo
6918,465,9,2025-01-26 07:58:23,157.95,tarjeta
6919,634,6,2025-01-26 07:59:31,110.45,efectivo
6920,346,9,2025-01-26 07:59:35,62.90,tarjeta
6921,322,10,2025-01-26 08:05:35,29.50,tarjeta
6922,431,6,2025-01-26 08:06:43,74.90,efectivo
6923,982,5,2025-01-26 08:08:06,105.95,tarjeta
6924,917,8,2025-01-26 08:08:32,10.95,tarjeta
6925,78,8,2025-01-26 08:08:50,67.95,tarjeta
6926,707,7,2025-01-26 08:09:00,22.00,efectivo
6927,687,8,2025-01-26 08:09:15,151.40,efectivo
6928,383,6,2025-01-26 08:10:37,27.50,efectivo
6929,320,9,2025-01-26 08:10:42,59.50,efectivo
6930,111,3,2025-01-26 08:14:14,71.90,tarjeta
6931,120,3,2025-01-26 08:18:02,76.95,tarjeta
6932,717,1,2025-01-26 08:25:54,97.90,efectivo
6933,629,10,2025-01-26 08:32:35,83.00,efectivo
6934,209,10,2025-01-26 08:34:16,223.90,tarjeta
6935,74,7,2025-01-26 08:37:53,71.45,tarjeta
6936,625,4,2025-01-26 08:38:50,84.95,efectivo
6937,850,10,2025-01-26 08:43:10,22.00,tarjeta
6938,810,6,2025-01-26 08:46:41,176.40,efectivo
6939,37,8,2025-01-26 08:50:22,127.90,tarjeta
6940,460,4,2025-01-26 08:51:21,34.50,efectivo
6941,823,9,2025-01-26 08:59:52,99.95,tarjeta
6942,755,5,2025-01-26 09:02:27,78.95,efectivo
6943,988,9,2025-01-26 09:03:12,35.95,efectivo
6944,956,7,2025-01-26 09:03:29,151.25,efectivo
6945,753,10,2025-01-26 09:05:49,22.00,efectivo
6946,847,5,2025-01-26 09:06:26,31.00,efectivo
6947,128,1,2025-01-26 09:07:31,15.50,tarjeta
6948,368,5,2025-01-26 09:08:55,22.00,efectivo
6949,317,8,2025-01-26 09:11:28,37.50,efectivo
6950,975,6,2025-01-26 09:13:26,27.50,tarjeta
6951,146,8,2025-01-26 09:15:18,88.95,efectivo
6952,843,8,2025-01-26 09:15:19,26.95,efectivo
6953,933,4,2025-01-26 09:16:06,115.80,efectivo
6954,288,10,2025-01-26 09:16:48,34.50,tarjeta
6955,185,4,2025-01-26 09:19:43,71.00,tarjeta
6956,895,10,2025-01-26 09:26:13,31.00,efectivo
6957,643,7,2025-01-26 09:27:20,58.50,efectivo
6958,392,10,2025-01-26 09:30:49,16.50,tarjeta
6959,983,5,2025-01-26 09:36:35,51.45,tarjeta
6960,167,9,2025-01-26 09:39:33,89.90,tarjeta
6961,292,4,2025-01-26 09:42:10,35.95,tarjeta
6962,810,3,2025-01-26 09:46:24,139.50,efectivo
6963,766,10,2025-01-26 09:46:50,28.95,tarjeta
6964,757,7,2025-01-26 09:50:54,74.85,tarjeta
6965,385,9,2025-01-26 09:51:46,35.00,tarjeta
6966,677,8,2025-01-26 09:55:29,22.00,tarjeta
6967,481,8,2025-01-26 09:58:29,65.00,tarjeta
6968,361,8,2025-01-26 09:58:56,63.95,tarjeta
6969,902,7,2025-01-26 10:00:39,24.50,efectivo
6970,822,3,2025-01-26 10:01:55,124.30,efectivo
6971,921,8,2025-01-26 10:02:55,26.45,tarjeta
6972,313,4,2025-01-26 10:03:47,67.95,efectivo
6973,189,10,2025-01-26 10:04:20,32.00,efectivo
6974,12,6,2025-01-26 10:09:32,22.95,efectivo
6975,315,2,2025-01-26 10:09:36,31.00,tarjeta
6976,664,6,2025-01-26 10:14:31,26.95,efectivo
6977,29,8,2025-01-26 10:15:05,46.50,efectivo
6978,183,7,2025-01-26 10:17:17,10.00,tarjeta
6979,148,3,2025-01-26 10:18:31,57.95,efectivo
6980,723,10,2025-01-26 10:25:06,67.85,efectivo
6981,588,7,2025-01-26 10:26:28,37.50,efectivo
6982,759,1,2025-01-26 10:26:59,22.50,efectivo
6983,792,7,2025-01-26 10:28:49,46.50,tarjeta
6984,777,7,2025-01-26 10:36:23,22.00,tarjeta
6985,781,7,2025-01-26 10:36:23,40.00,tarjeta
6986,128,2,2025-01-26 10:40:57,48.95,tarjeta
6987,564,8,2025-01-26 10:46:27,62.40,efectivo
6988,524,2,2025-01-26 10:47:28,36.00,tarjeta
6989,803,10,2025-01-26 10:51:53,10.95,tarjeta
6990,784,1,2025-01-26 10:53:01,97.45,tarjeta
6991,92,5,2025-01-26 11:19:28,49.95,tarjeta
6992,743,6,2025-01-26 11:24:25,93.00,tarjeta
6993,717,6,2025-01-26 11:30:37,135.75,efectivo
6994,718,2,2025-01-26 11:32:12,120.50,tarjeta
6995,745,1,2025-01-26 11:36:22,74.85,tarjeta
6996,642,8,2025-01-26 11:41:44,111.85,efectivo
6997,14,2,2025-01-26 11:43:56,90.35,tarjeta
6998,65,6,2025-01-26 11:45:41,35.00,tarjeta
6999,593,6,2025-01-26 11:46:44,32.00,efectivo
7000,497,1,2025-01-26 11:52:13,86.40,efectivo
7001,982,3,2025-01-26 11:53:00,26.00,tarjeta
7002,718,10,2025-01-26 12:03:04,115.30,efectivo
7003,838,1,2025-01-26 12:04:37,56.90,tarjeta
7004,608,5,2025-01-26 12:04:55,175.30,tarjeta
7005,393,2,2025-01-26 12:06:13,18.00,tarjeta
7006,996,2,2025-01-26 12:08:08,46.90,tarjeta
7007,993,2,2025-01-26 12:08:58,30.50,tarjeta
7008,250,1,2025-01-26 12:10:27,10.95,tarjeta
7009,757,1,2025-01-26 12:11:08,79.95,tarjeta
7010,395,3,2025-01-26 12:14:12,143.70,tarjeta
7011,982,9,2025-01-26 12:17:18,29.50,efectivo
7012,425,8,2025-01-26 12:18:15,233.45,efectivo
7013,791,3,2025-01-26 12:20:36,12.00,efectivo
7014,179,5,2025-01-26 12:39:56,76.85,efectivo
7015,326,2,2025-01-26 12:40:57,37.50,tarjeta
7016,480,10,2025-01-26 12:41:10,59.50,tarjeta
7017,913,4,2025-01-26 12:41:21,31.00,tarjeta
7018,80,2,2025-01-26 12:43:03,87.70,tarjeta
7019,758,7,2025-01-26 12:43:34,61.00,efectivo
7020,711,2,2025-01-26 12:45:49,48.50,tarjeta
7021,184,9,2025-01-26 12:45:58,50.50,tarjeta
7022,221,7,2025-01-26 12:49:34,8.00,efectivo
7023,672,1,2025-01-26 12:54:00,116.90,efectivo
7024,150,10,2025-01-26 12:54:17,136.00,efectivo
7025,737,7,2025-01-26 13:03:23,53.95,efectivo
7026,924,9,2025-01-26 13:10:04,193.90,efectivo
7027,827,3,2025-01-26 13:10:40,82.60,efectivo
7028,465,7,2025-01-26 13:16:59,105.85,tarjeta
7029,113,4,2025-01-26 13:18:23,155.00,efectivo
7030,14,8,2025-01-26 13:19:27,65.50,tarjeta
7031,832,8,2025-01-26 13:20:25,165.90,tarjeta
7032,467,8,2025-01-26 13:21:38,16.50,tarjeta
7033,52,3,2025-01-26 13:32:10,57.45,efectivo
7034,638,3,2025-01-26 13:34:54,46.00,tarjeta
7035,297,1,2025-01-26 13:36:37,71.95,tarjeta
7036,933,3,2025-01-26 13:37:44,105.95,efectivo
7037,737,7,2025-01-26 13:38:52,63.95,efectivo
7038,746,4,2025-01-26 13:39:38,45.95,tarjeta
7039,88,6,2025-01-26 13:40:50,61.00,efectivo
7040,998,9,2025-01-26 13:41:27,24.95,tarjeta
7041,316,10,2025-01-26 13:49:22,97.45,efectivo
7042,162,7,2025-01-26 13:50:18,64.00,tarjeta
7043,525,5,2025-01-26 13:53:17,138.75,efectivo
7044,576,4,2025-01-26 13:55:13,119.35,efectivo
7045,996,4,2025-01-26 13:57:37,18.00,tarjeta
7046,591,5,2025-01-26 14:02:05,28.00,efectivo
7047,735,5,2025-01-26 14:13:19,35.00,efectivo
7048,724,3,2025-01-26 14:14:39,87.50,efectivo
7049,669,10,2025-01-26 14:16:01,90.50,efectivo
7050,855,9,2025-01-26 14:20:53,47.00,tarjeta
7051,275,9,2025-01-26 14:23:53,177.75,efectivo
7052,221,7,2025-01-26 14:27:22,31.00,tarjeta
7053,870,1,2025-01-26 14:37:54,141.95,efectivo
7054,645,7,2025-01-26 14:38:58,8.00,efectivo
7055,324,3,2025-01-26 14:44:50,81.90,tarjeta
7056,487,4,2025-01-26 14:52:54,35.95,tarjeta
7057,35,4,2025-01-26 15:06:55,58.45,tarjeta
7058,3,7,2025-01-26 15:15:39,78.95,tarjeta
7059,364,3,2025-01-26 15:17:54,54.80,tarjeta
7060,162,4,2025-01-26 15:19:03,101.90,tarjeta
7061,268,8,2025-01-26 15:20:23,91.95,efectivo
7062,175,1,2025-01-26 15:20:56,59.95,tarjeta
7063,324,1,2025-01-26 15:20:58,28.50,efectivo
7064,716,3,2025-01-26 15:22:14,61.45,efectivo
7065,904,7,2025-01-26 15:26:23,24.50,efectivo
7066,617,7,2025-01-26 15:36:14,22.00,efectivo
7067,440,7,2025-01-26 15:37:58,172.15,tarjeta
7068,412,1,2025-01-26 15:41:36,62.00,tarjeta
7069,87,9,2025-01-26 15:46:09,10.00,tarjeta
7070,208,1,2025-01-26 15:48:34,97.95,tarjeta
7071,661,7,2025-01-26 15:50:01,85.50,tarjeta
7072,349,1,2025-01-26 15:55:54,100.45,tarjeta
7073,861,7,2025-01-26 15:56:35,58.00,tarjeta
7074,472,6,2025-01-26 15:57:20,38.90,tarjeta
7075,903,2,2025-01-26 15:58:07,70.95,efectivo
7076,404,1,2025-01-26 15:58:33,110.00,tarjeta
7077,429,8,2025-01-26 16:00:57,121.90,tarjeta
7078,816,2,2025-01-26 16:01:28,18.00,tarjeta
7079,555,6,2025-01-26 16:04:01,35.00,tarjeta
7080,501,10,2025-01-26 16:07:33,135.90,tarjeta
7081,625,4,2025-01-26 16:09:08,51.25,efectivo
7082,879,3,2025-01-26 16:12:35,153.00,tarjeta
7083,823,2,2025-01-26 16:14:00,77.95,tarjeta
7084,279,3,2025-01-26 16:15:23,55.40,tarjeta
7085,785,7,2025-01-26 16:18:33,20.95,efectivo
7086,357,8,2025-01-26 16:26:10,35.95,tarjeta
7087,110,7,2025-01-26 16:27:44,26.00,efectivo
7088,631,10,2025-01-26 16:30:18,49.45,efectivo
7089,51,6,2025-01-26 16:30:41,24.95,efectivo
7090,654,8,2025-01-26 16:32:19,15.50,efectivo
7091,837,5,2025-01-26 16:35:44,75.00,efectivo
7092,83,9,2025-01-26 16:36:08,96.90,tarjeta
7093,373,2,2025-01-26 16:43:02,84.00,tarjeta
7094,403,7,2025-01-26 16:44:02,31.00,tarjeta
7095,450,2,2025-01-26 16:45:47,64.00,efectivo
7096,539,7,2025-01-26 16:47:11,38.35,efectivo
7097,50,7,2025-01-26 16:54:14,117.85,efectivo
7098,416,9,2025-01-26 16:56:42,132.00,tarjeta
7099,671,4,2025-01-26 17:05:18,55.95,efectivo
7100,758,6,2025-01-26 17:13:11,10.00,efectivo
7101,454,1,2025-01-26 17:22:17,157.85,efectivo
7102,376,5,2025-01-26 17:24:24,45.95,tarjeta
7103,735,7,2025-01-26 17:30:03,10.00,efectivo
7104,804,2,2025-01-26 17:31:42,24.50,tarjeta
7105,621,3,2025-01-26 17:31:48,46.90,tarjeta
7106,566,2,2025-01-26 17:34:55,26.00,efectivo
7107,390,3,2025-01-26 17:35:46,67.50,efectivo
7108,248,10,2025-01-26 17:37:37,53.00,efectivo
7109,507,5,2025-01-26 17:38:47,59.00,efectivo
7110,115,10,2025-01-26 17:40:00,70.90,tarjeta
7111,714,8,2025-01-26 17:40:55,86.90,tarjeta
7112,482,10,2025-01-26 17:47:37,46.00,tarjeta
7113,971,9,2025-01-26 17:48:19,65.45,efectivo
7114,157,5,2025-01-26 17:55:21,51.45,efectivo
7115,617,6,2025-01-26 17:57:40,71.50,efectivo
7116,577,8,2025-01-26 17:58:40,36.95,efectivo
7117,375,10,2025-01-26 18:03:53,51.45,efectivo
7118,758,7,2025-01-26 18:07:36,18.00,tarjeta
7119,24,3,2025-01-26 18:09:34,166.90,efectivo
7120,822,10,2025-01-26 18:10:48,101.95,efectivo
7121,709,3,2025-01-26 18:11:23,18.00,tarjeta
7122,708,5,2025-01-26 18:19:41,19.95,tarjeta
7123,45,5,2025-01-26 18:20:43,53.40,efectivo
7124,371,7,2025-01-26 18:27:21,124.00,efectivo
7125,215,6,2025-01-26 18:27:45,18.00,efectivo
7126,988,8,2025-01-26 18:28:39,61.50,efectivo
7127,685,7,2025-01-26 18:36:34,85.95,efectivo
7128,110,8,2025-01-26 18:37:44,10.00,efectivo
7129,913,1,2025-01-26 18:40:07,10.95,efectivo
7130,367,6,2025-01-26 18:43:12,104.60,efectivo
7131,730,3,2025-01-26 18:49:50,139.45,efectivo
7132,632,3,2025-01-26 18:53:46,12.00,efectivo
7133,273,4,2025-01-26 19:08:44,145.90,tarjeta
7134,324,4,2025-01-26 19:21:23,64.90,tarjeta
7135,982,10,2025-01-26 19:22:44,115.85,efectivo
7136,43,8,2025-01-26 19:22:48,38.90,tarjeta
7137,539,2,2025-01-26 19:26:37,47.50,efectivo
7138,952,3,2025-01-26 19:34:31,29.50,tarjeta
7139,296,8,2025-01-26 19:36:07,28.85,efectivo
7140,822,1,2025-01-26 19:45:09,103.00,tarjeta
7141,498,10,2025-01-26 19:47:02,28.00,efectivo
7142,496,10,2025-01-26 19:50:37,40.45,tarjeta
7143,856,10,2025-01-26 20:00:04,143.90,efectivo
7144,701,10,2025-01-26 20:03:01,44.95,efectivo
7145,933,5,2025-01-26 20:18:07,62.90,efectivo
7146,958,3,2025-01-26 20:18:58,109.85,tarjeta
7147,50,6,2025-01-26 20:19:54,38.00,efectivo
7148,378,3,2025-01-26 20:30:24,152.45,efectivo
7149,726,10,2025-01-26 20:31:34,122.85,tarjeta
7150,275,1,2025-01-26 20:32:32,146.75,efectivo
7151,77,8,2025-01-26 20:33:19,265.20,efectivo
7152,851,7,2025-01-26 20:34:22,115.95,tarjeta
7153,685,1,2025-01-26 20:35:06,45.00,tarjeta
7154,973,9,2025-01-26 20:39:10,59.50,efectivo
7155,933,5,2025-01-26 20:39:33,209.40,tarjeta
7156,528,9,2025-01-26 20:53:14,95.85,tarjeta
7157,815,10,2025-01-26 20:57:26,167.35,tarjeta
7158,517,2,2025-01-26 21:23:49,32.00,efectivo
7159,351,6,2025-01-26 21:29:42,89.90,efectivo
7160,409,9,2025-01-26 21:45:09,53.95,efectivo
7161,682,9,2025-01-26 21:45:40,137.40,efectivo
7162,940,3,2025-01-26 21:50:40,10.95,efectivo
7163,949,4,2025-01-26 21:51:27,171.45,tarjeta
7164,761,1,2025-01-26 22:05:20,18.00,efectivo
7165,87,1,2025-01-26 22:07:36,63.50,efectivo
7166,994,4,2025-01-26 22:09:19,103.80,tarjeta
7167,71,7,2025-01-26 22:12:20,74.95,tarjeta
7168,67,9,2025-01-26 22:16:27,103.20,tarjeta
7169,190,2,2025-01-26 22:17:42,61.00,tarjeta
7170,594,7,2025-01-26 22:20:05,44.35,tarjeta
7171,21,7,2025-01-26 22:21:56,67.00,efectivo
7172,503,5,2025-01-26 22:22:59,90.00,efectivo
7173,573,2,2025-01-26 22:24:54,133.95,efectivo
7174,655,2,2025-01-26 22:36:31,62.90,efectivo
7175,532,2,2025-01-26 22:44:53,101.90,efectivo
7176,640,1,2025-01-26 22:49:52,115.90,tarjeta
7177,262,5,2025-01-26 22:59:54,50.95,tarjeta
7178,561,3,2025-01-27 06:00:29,121.90,tarjeta
7179,773,5,2025-01-27 06:03:28,20.95,efectivo
7180,842,4,2025-01-27 06:06:07,31.00,tarjeta
7181,267,6,2025-01-27 06:06:31,35.95,tarjeta
7182,98,9,2025-01-27 06:19:20,55.50,efectivo
7183,753,7,2025-01-27 06:22:48,10.00,tarjeta
7184,890,10,2025-01-27 06:22:57,26.45,efectivo
7185,921,2,2025-01-27 06:24:05,83.50,efectivo
7186,328,7,2025-01-27 06:26:18,152.00,efectivo
7187,8,3,2025-01-27 06:28:09,93.80,tarjeta
7188,954,2,2025-01-27 06:29:52,43.00,tarjeta
7189,584,4,2025-01-27 06:35:41,111.95,efectivo
7190,477,10,2025-01-27 06:47:29,10.95,efectivo
7191,567,3,2025-01-27 06:49:37,81.00,efectivo
7192,128,3,2025-01-27 06:52:29,10.00,tarjeta
7193,406,10,2025-01-27 06:52:29,73.45,tarjeta
7194,586,2,2025-01-27 07:00:05,79.95,tarjeta
7195,633,6,2025-01-27 07:07:20,10.00,tarjeta
7196,988,2,2025-01-27 07:10:39,74.85,efectivo
7197,370,6,2025-01-27 07:11:29,37.90,tarjeta
7198,553,6,2025-01-27 07:11:48,130.95,efectivo
7199,148,2,2025-01-27 07:16:19,53.00,efectivo
7200,98,4,2025-01-27 07:17:35,63.95,efectivo
7201,236,6,2025-01-27 07:17:58,137.90,efectivo
7202,315,5,2025-01-27 07:25:40,32.95,efectivo
7203,899,4,2025-01-27 07:33:01,46.50,tarjeta
7204,104,7,2025-01-27 07:35:24,155.10,tarjeta
7205,41,4,2025-01-27 07:36:37,26.95,tarjeta
7206,568,4,2025-01-27 07:37:18,34.50,efectivo
7207,561,1,2025-01-27 07:41:03,159.65,efectivo
7208,567,10,2025-01-27 07:42:31,37.90,tarjeta
7209,356,4,2025-01-27 07:42:52,73.45,tarjeta
7210,18,4,2025-01-27 07:48:11,40.00,efectivo
7211,264,8,2025-01-27 07:57:02,113.40,tarjeta
7212,755,3,2025-01-27 07:57:05,28.50,efectivo
7213,595,9,2025-01-27 07:59:46,12.00,efectivo
7214,962,3,2025-01-27 08:02:24,31.00,efectivo
7215,290,10,2025-01-27 08:06:00,112.50,efectivo
7216,664,1,2025-01-27 08:11:24,55.50,efectivo
7217,666,1,2025-01-27 08:13:22,38.90,tarjeta
7218,630,5,2025-01-27 08:13:25,31.00,efectivo
7219,763,5,2025-01-27 08:15:13,8.00,efectivo
7220,415,3,2025-01-27 08:18:07,73.45,efectivo
7221,185,10,2025-01-27 08:22:26,100.35,tarjeta
7222,233,6,2025-01-27 08:31:18,22.00,tarjeta
7223,623,1,2025-01-27 08:32:10,73.50,efectivo
7224,245,10,2025-01-27 08:41:42,53.00,efectivo
7225,526,9,2025-01-27 08:42:49,26.95,tarjeta
7226,345,5,2025-01-27 08:43:13,42.50,efectivo
7227,288,6,2025-01-27 08:43:26,62.40,tarjeta
7228,89,9,2025-01-27 08:43:44,77.50,efectivo
7229,666,9,2025-01-27 08:45:58,26.95,tarjeta
7230,77,4,2025-01-27 08:50:55,68.90,tarjeta
7231,124,2,2025-01-27 08:53:32,31.00,efectivo
7232,38,3,2025-01-27 08:54:21,24.50,efectivo
7233,885,5,2025-01-27 08:54:44,22.00,tarjeta
7234,54,9,2025-01-27 08:57:17,22.00,efectivo
7235,206,3,2025-01-27 09:00:01,42.95,efectivo
7236,792,1,2025-01-27 09:04:32,73.45,tarjeta
7237,54,4,2025-01-27 09:11:44,22.00,efectivo
7238,295,2,2025-01-27 09:12:57,10.00,efectivo
7239,374,9,2025-01-27 09:15:40,58.00,tarjeta
7240,952,7,2025-01-27 09:15:45,35.95,efectivo
7241,990,1,2025-01-27 09:25:09,41.85,tarjeta
7242,803,4,2025-01-27 09:26:29,42.45,tarjeta
7243,10,9,2025-01-27 09:26:53,81.00,tarjeta
7244,867,3,2025-01-27 09:28:12,67.50,efectivo
7245,273,3,2025-01-27 09:29:30,51.90,efectivo
7246,445,9,2025-01-27 09:29:30,36.50,efectivo
7247,119,2,2025-01-27 09:38:30,59.50,efectivo
7248,456,2,2025-01-27 09:40:30,61.50,efectivo
7249,905,1,2025-01-27 09:41:11,8.00,tarjeta
7250,331,5,2025-01-27 09:46:42,95.80,efectivo
7251,655,3,2025-01-27 09:47:38,99.40,efectivo
7252,890,7,2025-01-27 09:50:35,36.50,efectivo
7253,268,7,2025-01-27 09:51:45,111.35,efectivo
7254,572,4,2025-01-27 09:51:45,31.00,efectivo
7255,475,10,2025-01-27 09:53:41,10.00,tarjeta
7256,260,5,2025-01-27 10:04:28,63.00,efectivo
7257,12,4,2025-01-27 10:05:27,36.50,tarjeta
7258,948,10,2025-01-27 10:13:06,48.95,tarjeta
7259,422,9,2025-01-27 10:22:56,82.45,tarjeta
7260,723,1,2025-01-27 10:26:25,34.95,efectivo
7261,245,2,2025-01-27 10:27:02,64.45,efectivo
7262,273,6,2025-01-27 10:29:59,103.80,tarjeta
7263,599,9,2025-01-27 10:31:28,18.00,efectivo
7264,96,6,2025-01-27 10:31:33,38.90,tarjeta
7265,840,5,2025-01-27 10:32:35,164.80,efectivo
7266,542,6,2025-01-27 10:33:03,62.00,efectivo
7267,920,2,2025-01-27 10:37:28,42.45,tarjeta
7268,977,2,2025-01-27 10:37:57,8.00,efectivo
7269,614,4,2025-01-27 10:39:23,31.00,efectivo
7270,437,6,2025-01-27 10:43:56,50.50,efectivo
7271,350,8,2025-01-27 10:49:18,38.95,tarjeta
7272,799,2,2025-01-27 10:52:49,38.95,efectivo
7273,798,10,2025-01-27 11:03:03,64.90,efectivo
7274,625,1,2025-01-27 11:06:47,76.40,efectivo
7275,395,9,2025-01-27 11:07:41,103.95,tarjeta
7276,726,9,2025-01-27 11:19:59,117.50,efectivo
7277,339,2,2025-01-27 11:31:19,85.90,tarjeta
7278,542,10,2025-01-27 11:38:05,24.50,efectivo
7279,819,4,2025-01-27 11:41:53,24.95,efectivo
7280,560,1,2025-01-27 11:46:56,88.95,tarjeta
7281,622,3,2025-01-27 11:49:07,109.20,tarjeta
7282,289,1,2025-01-27 11:52:08,58.00,tarjeta
7283,905,10,2025-01-27 11:52:25,74.95,efectivo
7284,958,5,2025-01-27 11:54:34,64.90,efectivo
7285,740,7,2025-01-27 11:57:46,22.00,efectivo
7286,410,5,2025-01-27 12:00:39,77.95,tarjeta
7287,788,6,2025-01-27 12:04:20,75.95,efectivo
7288,685,5,2025-01-27 12:10:33,42.50,efectivo
7289,386,2,2025-01-27 12:13:28,142.00,efectivo
7290,776,6,2025-01-27 12:14:11,12.00,efectivo
7291,345,3,2025-01-27 12:14:53,28.50,tarjeta
7292,924,9,2025-01-27 12:15:52,107.90,tarjeta
7293,342,8,2025-01-27 12:20:43,61.50,tarjeta
7294,951,6,2025-01-27 12:21:11,83.50,efectivo
7295,198,3,2025-01-27 12:23:11,84.00,tarjeta
7296,580,2,2025-01-27 12:25:43,35.00,efectivo
7297,4,9,2025-01-27 12:26:37,16.50,efectivo
7298,168,5,2025-01-27 12:30:59,100.85,efectivo
7299,398,7,2025-01-27 12:39:23,34.50,efectivo
7300,163,10,2025-01-27 12:49:53,67.95,tarjeta
7301,788,8,2025-01-27 12:51:21,35.00,tarjeta
7302,864,5,2025-01-27 12:56:22,87.95,efectivo
7303,462,7,2025-01-27 12:58:25,81.50,efectivo
7304,287,10,2025-01-27 13:07:57,60.95,tarjeta
7305,671,7,2025-01-27 13:13:16,56.90,tarjeta
7306,602,7,2025-01-27 13:13:59,35.00,efectivo
7307,528,9,2025-01-27 13:17:28,38.90,efectivo
7308,960,5,2025-01-27 13:21:18,71.50,tarjeta
7309,252,3,2025-01-27 13:23:23,82.45,efectivo
7310,262,8,2025-01-27 13:25:26,53.95,tarjeta
7311,391,4,2025-01-27 13:28:12,81.95,tarjeta
7312,577,10,2025-01-27 13:29:30,61.00,efectivo
7313,583,9,2025-01-27 13:29:35,33.45,efectivo
7314,275,8,2025-01-27 13:36:03,262.00,tarjeta
7315,430,4,2025-01-27 13:42:34,73.15,efectivo
7316,714,2,2025-01-27 13:43:45,91.90,tarjeta
7317,856,5,2025-01-27 13:43:49,24.00,efectivo
7318,337,1,2025-01-27 13:53:02,63.50,efectivo
7319,996,6,2025-01-27 14:01:28,52.00,efectivo
7320,278,10,2025-01-27 14:04:31,191.85,tarjeta
7321,16,7,2025-01-27 14:05:40,16.50,tarjeta
7322,420,8,2025-01-27 14:06:06,18.00,tarjeta
7323,201,1,2025-01-27 14:06:59,82.45,tarjeta
7324,651,3,2025-01-27 14:07:43,53.45,tarjeta
7325,345,2,2025-01-27 14:18:17,27.95,tarjeta
7326,203,3,2025-01-27 14:28:42,83.90,efectivo
7327,441,5,2025-01-27 14:33:47,87.50,tarjeta
7328,3,3,2025-01-27 14:45:46,196.30,efectivo
7329,101,6,2025-01-27 14:48:39,104.95,tarjeta
7330,931,7,2025-01-27 14:52:13,16.00,efectivo
7331,663,3,2025-01-27 14:57:51,52.45,efectivo
7332,607,9,2025-01-27 15:01:10,148.70,efectivo
7333,435,8,2025-01-27 15:07:40,22.00,efectivo
7334,433,6,2025-01-27 15:10:38,168.90,efectivo
7335,927,10,2025-01-27 15:19:23,111.80,tarjeta
7336,76,3,2025-01-27 15:26:08,89.90,efectivo
7337,701,5,2025-01-27 15:29:02,151.95,tarjeta
7338,555,9,2025-01-27 15:34:19,40.85,tarjeta
7339,634,6,2025-01-27 15:37:58,126.00,efectivo
7340,499,3,2025-01-27 15:39:15,87.20,tarjeta
7341,367,9,2025-01-27 15:43:35,74.85,tarjeta
7342,730,3,2025-01-27 15:44:50,92.85,tarjeta
7343,393,1,2025-01-27 15:49:35,89.90,efectivo
7344,809,4,2025-01-27 15:56:18,32.00,tarjeta
7345,231,10,2025-01-27 15:58:32,19.95,tarjeta
7346,876,1,2025-01-27 16:05:07,108.35,efectivo
7347,507,6,2025-01-27 16:14:24,18.00,tarjeta
7348,275,8,2025-01-27 16:22:30,89.50,tarjeta
7349,569,5,2025-01-27 16:29:53,8.00,efectivo
7350,600,5,2025-01-27 16:30:33,64.50,efectivo
7351,663,5,2025-01-27 16:37:00,91.35,efectivo
7352,83,8,2025-01-27 16:37:05,112.00,efectivo
7353,137,4,2025-01-27 16:42:55,61.00,efectivo
7354,24,10,2025-01-27 16:45:13,156.85,tarjeta
7355,805,1,2025-01-27 16:47:04,58.30,tarjeta
7356,924,1,2025-01-27 16:57:40,110.80,efectivo
7357,179,9,2025-01-27 16:57:57,89.50,tarjeta
7358,692,1,2025-01-27 17:17:41,97.00,efectivo
7359,507,1,2025-01-27 17:21:38,159.80,efectivo
7360,724,2,2025-01-27 17:24:52,91.45,tarjeta
7361,411,6,2025-01-27 17:26:55,58.50,efectivo
7362,596,5,2025-01-27 17:31:46,51.50,tarjeta
7363,882,7,2025-01-27 17:36:33,135.90,tarjeta
7364,236,1,2025-01-27 17:36:44,122.40,tarjeta
7365,418,9,2025-01-27 17:42:39,0.00,tarjeta
7366,722,6,2025-01-27 17:42:39,8.00,efectivo
7367,951,3,2025-01-27 17:45:06,82.45,efectivo
7368,832,8,2025-01-27 17:45:36,197.80,tarjeta
7369,320,8,2025-01-27 17:45:55,82.95,tarjeta
7370,151,1,2025-01-27 17:50:34,100.30,tarjeta
7371,22,4,2025-01-27 17:52:54,22.50,tarjeta
7372,738,10,2025-01-27 17:59:07,70.95,efectivo
7373,15,10,2025-01-27 18:04:33,110.85,tarjeta
7374,348,3,2025-01-27 18:08:24,136.85,efectivo
7375,30,5,2025-01-27 18:13:50,59.95,efectivo
7376,511,3,2025-01-27 18:26:04,56.90,efectivo
7377,14,1,2025-01-27 18:27:08,53.00,tarjeta
7378,882,9,2025-01-27 18:50:09,242.65,tarjeta
7379,299,5,2025-01-27 18:55:58,58.95,efectivo
7380,995,4,2025-01-27 18:58:10,119.10,tarjeta
7381,109,3,2025-01-27 18:59:48,118.40,tarjeta
7382,823,2,2025-01-27 19:02:32,184.40,efectivo
7383,861,7,2025-01-27 19:03:54,64.50,tarjeta
7384,752,8,2025-01-27 19:19:55,145.85,tarjeta
7385,696,2,2025-01-27 19:21:22,111.40,efectivo
7386,610,9,2025-01-27 19:21:30,18.00,efectivo
7387,776,6,2025-01-27 19:37:43,53.95,tarjeta
7388,411,6,2025-01-27 19:41:04,98.85,tarjeta
7389,887,10,2025-01-27 19:45:54,170.30,tarjeta
7390,906,7,2025-01-27 19:48:45,16.50,tarjeta
7391,851,1,2025-01-27 19:48:56,115.45,efectivo
7392,42,2,2025-01-27 20:05:16,182.50,efectivo
7393,252,2,2025-01-27 20:06:57,73.90,efectivo
7394,779,9,2025-01-27 20:07:01,29.50,tarjeta
7395,624,10,2025-01-27 20:08:26,61.00,efectivo
7396,907,4,2025-01-27 20:09:12,130.00,efectivo
7397,661,3,2025-01-27 20:18:51,94.35,tarjeta
7398,110,6,2025-01-27 20:28:45,88.95,tarjeta
7399,416,3,2025-01-27 20:46:33,85.80,efectivo
7400,256,4,2025-01-27 20:54:13,57.00,tarjeta
7401,701,10,2025-01-27 20:55:14,55.40,tarjeta
7402,752,7,2025-01-27 20:55:26,92.50,tarjeta
7403,92,5,2025-01-27 21:05:08,61.00,tarjeta
7404,426,1,2025-01-27 21:09:45,108.00,efectivo
7405,682,8,2025-01-27 21:10:14,89.95,efectivo
7406,685,10,2025-01-27 21:14:24,82.45,tarjeta
7407,543,4,2025-01-27 21:14:58,41.50,efectivo
7408,700,3,2025-01-27 21:16:17,99.85,tarjeta
7409,806,9,2025-01-27 21:22:39,153.45,efectivo
7410,391,3,2025-01-27 21:26:09,70.00,tarjeta
7411,754,1,2025-01-27 21:34:16,113.20,efectivo
7412,745,4,2025-01-27 21:35:28,16.50,tarjeta
7413,13,9,2025-01-27 21:35:35,159.65,tarjeta
7414,141,6,2025-01-27 21:35:46,85.45,tarjeta
7415,607,6,2025-01-27 21:39:39,105.95,efectivo
7416,500,1,2025-01-27 21:46:26,150.00,tarjeta
7417,471,1,2025-01-27 21:54:46,124.30,efectivo
7418,897,7,2025-01-27 21:56:19,47.00,tarjeta
7419,262,5,2025-01-27 21:59:54,55.90,tarjeta
7420,871,4,2025-01-27 22:13:04,82.50,tarjeta
7421,738,10,2025-01-27 22:15:38,164.25,efectivo
7422,688,10,2025-01-27 22:16:01,16.50,efectivo
7423,151,3,2025-01-27 22:17:39,141.40,tarjeta
7424,141,10,2025-01-27 22:18:21,82.35,efectivo
7425,645,8,2025-01-27 22:22:21,29.50,efectivo
7426,378,7,2025-01-27 22:23:21,189.00,efectivo
7427,998,9,2025-01-27 22:25:24,102.50,efectivo
7428,482,5,2025-01-27 22:32:27,53.00,efectivo
7429,75,7,2025-01-27 22:40:16,135.40,tarjeta
7430,581,9,2025-01-27 22:44:09,61.00,efectivo
7431,392,3,2025-01-27 22:45:07,50.50,efectivo
7432,75,3,2025-01-27 22:45:17,85.95,tarjeta
7433,498,6,2025-01-27 22:52:08,70.00,tarjeta
7434,115,4,2025-01-27 22:52:43,45.00,tarjeta
7435,442,2,2025-01-28 06:01:16,71.45,efectivo
7436,876,2,2025-01-28 06:04:45,131.45,tarjeta
7437,836,7,2025-01-28 06:05:30,102.95,efectivo
7438,461,3,2025-01-28 06:05:47,36.95,tarjeta
7439,143,7,2025-01-28 06:23:58,53.00,efectivo
7440,832,3,2025-01-28 06:26:42,125.60,tarjeta
7441,2,10,2025-01-28 06:28:06,46.90,efectivo
7442,878,10,2025-01-28 06:30:33,31.00,efectivo
7443,64,3,2025-01-28 06:35:13,39.30,efectivo
7444,333,1,2025-01-28 06:35:55,95.40,efectivo
7445,841,2,2025-01-28 06:37:21,126.50,tarjeta
7446,262,6,2025-01-28 06:48:22,44.00,tarjeta
7447,903,2,2025-01-28 06:54:46,64.90,tarjeta
7448,933,3,2025-01-28 06:55:11,125.95,tarjeta
7449,848,3,2025-01-28 06:56:17,96.90,efectivo
7450,133,8,2025-01-28 07:05:50,62.40,efectivo
7451,185,7,2025-01-28 07:10:45,77.95,tarjeta
7452,650,10,2025-01-28 07:20:51,31.00,tarjeta
7453,755,3,2025-01-28 07:21:18,49.85,efectivo
7454,119,6,2025-01-28 07:26:03,42.45,tarjeta
7455,940,6,2025-01-28 07:26:55,71.00,efectivo
7456,712,9,2025-01-28 07:30:01,12.00,tarjeta
7457,598,1,2025-01-28 07:30:49,103.95,efectivo
7458,970,2,2025-01-28 07:34:28,104.95,tarjeta
7459,608,2,2025-01-28 07:37:28,105.00,efectivo
7460,151,7,2025-01-28 07:37:40,54.90,efectivo
7461,415,3,2025-01-28 07:40:59,10.00,tarjeta
7462,196,3,2025-01-28 07:49:12,34.50,tarjeta
7463,95,8,2025-01-28 08:02:31,62.85,efectivo
7464,755,2,2025-01-28 08:07:13,31.95,tarjeta
7465,921,8,2025-01-28 08:07:15,15.50,tarjeta
7466,902,10,2025-01-28 08:07:29,12.00,tarjeta
7467,262,10,2025-01-28 08:11:01,32.00,efectivo
7468,172,9,2025-01-28 08:14:19,53.00,tarjeta
7469,630,6,2025-01-28 08:14:58,26.95,tarjeta
7470,314,10,2025-01-28 08:21:49,55.50,efectivo
7471,932,5,2025-01-28 08:21:49,10.00,tarjeta
7472,289,3,2025-01-28 08:25:44,65.45,tarjeta
7473,883,1,2025-01-28 08:28:44,76.45,tarjeta
7474,697,3,2025-01-28 08:31:33,26.95,efectivo
7475,103,8,2025-01-28 08:31:52,81.50,tarjeta
7476,799,3,2025-01-28 08:32:26,36.95,efectivo
7477,975,2,2025-01-28 08:37:15,40.00,tarjeta
7478,193,6,2025-01-28 08:46:49,106.85,efectivo
7479,789,10,2025-01-28 08:47:57,15.50,efectivo
7480,771,10,2025-01-28 08:55:20,87.90,tarjeta
7481,359,10,2025-01-28 08:57:09,41.95,efectivo
7482,781,6,2025-01-28 08:57:22,0.00,tarjeta
7483,838,9,2025-01-28 08:57:30,40.00,tarjeta
7484,260,8,2025-01-28 08:58:25,24.50,efectivo
7485,315,8,2025-01-28 09:01:36,12.00,efectivo
7486,301,3,2025-01-28 09:01:49,159.80,efectivo
7487,579,4,2025-01-28 09:02:31,31.00,tarjeta
7488,948,5,2025-01-28 09:04:24,26.95,efectivo
7489,10,5,2025-01-28 09:05:30,67.95,efectivo
7490,89,2,2025-01-28 09:18:41,64.45,efectivo
7491,760,10,2025-01-28 09:20:04,62.85,efectivo
7492,92,8,2025-01-28 09:20:15,0.00,tarjeta
7493,417,2,2025-01-28 09:20:21,31.00,tarjeta
7494,218,3,2025-01-28 09:21:12,42.45,tarjeta
7495,794,6,2025-01-28 09:24:19,10.95,efectivo
7496,584,8,2025-01-28 09:25:45,51.50,efectivo
7497,890,4,2025-01-28 09:26:44,41.00,tarjeta
7498,562,4,2025-01-28 09:27:59,31.00,efectivo
7499,659,2,2025-01-28 09:32:42,47.35,tarjeta
7500,821,9,2025-01-28 09:34:33,87.90,efectivo
7501,402,9,2025-01-28 09:35:56,57.95,efectivo
7502,38,4,2025-01-28 09:38:14,10.00,efectivo
7503,359,1,2025-01-28 09:38:41,46.50,tarjeta
7504,316,7,2025-01-28 09:44:34,26.45,efectivo
7505,178,2,2025-01-28 09:47:56,26.95,tarjeta
7506,793,3,2025-01-28 09:50:34,42.45,tarjeta
7507,98,6,2025-01-28 09:50:38,24.50,efectivo
7508,760,6,2025-01-28 09:57:13,32.95,tarjeta
7509,260,9,2025-01-28 09:57:21,26.95,tarjeta
7510,245,9,2025-01-28 10:06:21,12.00,efectivo
7511,116,2,2025-01-28 10:07:52,59.50,tarjeta
7512,228,9,2025-01-28 10:08:59,56.90,tarjeta
7513,753,3,2025-01-28 10:09:52,47.95,efectivo
7514,680,10,2025-01-28 10:16:09,26.95,efectivo
7515,952,10,2025-01-28 10:19:14,24.95,efectivo
7516,680,9,2025-01-28 10:21:46,12.00,efectivo
7517,439,5,2025-01-28 10:23:40,42.95,efectivo
7518,321,4,2025-01-28 10:24:14,12.00,tarjeta
7519,650,2,2025-01-28 10:25:32,10.95,efectivo
7520,321,7,2025-01-28 10:26:22,10.00,tarjeta
7521,585,2,2025-01-28 10:26:36,64.50,efectivo
7522,917,1,2025-01-28 10:32:52,58.95,tarjeta
7523,123,6,2025-01-28 10:37:13,38.90,efectivo
7524,641,6,2025-01-28 10:40:30,72.90,tarjeta
7525,227,7,2025-01-28 10:54:12,51.50,tarjeta
7526,988,7,2025-01-28 11:07:02,163.00,tarjeta
7527,318,6,2025-01-28 11:15:44,148.90,tarjeta
7528,528,9,2025-01-28 11:22:50,35.00,efectivo
7529,236,9,2025-01-28 11:35:47,35.00,efectivo
7530,480,9,2025-01-28 11:49:51,73.90,efectivo
7531,331,2,2025-01-28 11:56:53,61.45,efectivo
7532,411,6,2025-01-28 12:00:36,113.40,efectivo
7533,852,10,2025-01-28 12:06:59,36.45,tarjeta
7534,893,10,2025-01-28 12:09:08,35.95,tarjeta
7535,876,9,2025-01-28 12:10:52,77.90,efectivo
7536,645,7,2025-01-28 12:13:21,99.90,efectivo
7537,387,9,2025-01-28 12:19:01,102.95,efectivo
7538,467,6,2025-01-28 12:21:25,77.95,efectivo
7539,738,4,2025-01-28 12:22:26,67.90,tarjeta
7540,209,3,2025-01-28 12:29:32,229.65,efectivo
7541,822,5,2025-01-28 12:31:25,64.00,tarjeta
7542,450,6,2025-01-28 12:31:59,64.50,tarjeta
7543,349,2,2025-01-28 12:47:30,70.95,tarjeta
7544,971,5,2025-01-28 12:58:08,55.50,tarjeta
7545,576,4,2025-01-28 12:59:37,96.95,efectivo
7546,698,5,2025-01-28 13:07:29,85.45,tarjeta
7547,408,6,2025-01-28 13:09:07,8.00,tarjeta
7548,449,9,2025-01-28 13:11:29,42.50,efectivo
7549,816,2,2025-01-28 13:13:18,148.50,efectivo
7550,421,7,2025-01-28 13:19:46,134.45,tarjeta
7551,906,4,2025-01-28 13:19:48,45.95,tarjeta
7552,360,6,2025-01-28 13:24:09,69.00,tarjeta
7553,75,7,2025-01-28 13:30:48,28.50,tarjeta
7554,110,1,2025-01-28 13:31:54,46.85,efectivo
7555,264,2,2025-01-28 13:33:45,68.00,tarjeta
7556,11,10,2025-01-28 13:36:28,124.85,efectivo
7557,958,4,2025-01-28 13:39:01,69.00,efectivo
7558,962,2,2025-01-28 13:40:54,53.00,tarjeta
7559,274,10,2025-01-28 13:44:00,10.95,tarjeta
7560,477,8,2025-01-28 13:49:25,12.00,efectivo
7561,487,1,2025-01-28 13:50:03,63.85,efectivo
7562,692,2,2025-01-28 13:55:59,99.00,efectivo
7563,509,5,2025-01-28 14:01:17,10.00,tarjeta
7564,990,2,2025-01-28 14:05:47,106.85,efectivo
7565,825,5,2025-01-28 14:11:08,22.50,efectivo
7566,994,6,2025-01-28 14:11:49,147.40,efectivo
7567,529,1,2025-01-28 14:14:13,44.00,tarjeta
7568,228,5,2025-01-28 14:15:09,18.00,tarjeta
7569,433,3,2025-01-28 14:16:25,44.50,efectivo
7570,167,1,2025-01-28 14:18:38,104.95,tarjeta
7571,253,10,2025-01-28 14:18:57,63.50,efectivo
7572,205,9,2025-01-28 14:23:08,77.40,tarjeta
7573,714,3,2025-01-28 14:27:14,53.95,tarjeta
7574,658,4,2025-01-28 14:35:57,40.50,efectivo
7575,927,4,2025-01-28 14:38:38,67.00,tarjeta
7576,501,1,2025-01-28 14:42:34,122.40,efectivo
7577,482,7,2025-01-28 14:43:42,53.95,tarjeta
7578,289,7,2025-01-28 14:52:23,57.00,efectivo
7579,911,1,2025-01-28 14:54:56,94.80,tarjeta
7580,738,4,2025-01-28 14:55:58,106.40,tarjeta
7581,508,10,2025-01-28 14:56:04,105.95,efectivo
7582,802,1,2025-01-28 14:56:20,84.45,tarjeta
7583,111,7,2025-01-28 14:58:29,68.85,efectivo
7584,573,6,2025-01-28 14:58:42,114.30,tarjeta
7585,215,9,2025-01-28 14:59:26,42.50,efectivo
7586,585,6,2025-01-28 15:02:14,85.00,efectivo
7587,893,10,2025-01-28 15:04:22,44.35,tarjeta
7588,110,3,2025-01-28 15:08:16,67.95,tarjeta
7589,390,10,2025-01-28 15:22:02,112.90,efectivo
7590,892,6,2025-01-28 15:27:57,12.35,efectivo
7591,857,10,2025-01-28 15:29:11,72.00,efectivo
7592,641,6,2025-01-28 15:38:07,104.95,tarjeta
7593,535,3,2025-01-28 15:47:03,12.00,tarjeta
7594,225,1,2025-01-28 15:51:35,18.00,efectivo
7595,816,5,2025-01-28 15:52:01,121.50,efectivo
7596,642,8,2025-01-28 15:54:03,79.35,tarjeta
7597,506,2,2025-01-28 16:02:15,35.45,tarjeta
7598,167,9,2025-01-28 16:06:34,108.50,efectivo
7599,546,4,2025-01-28 16:11:42,73.70,efectivo
7600,264,2,2025-01-28 16:12:03,107.95,efectivo
7601,693,3,2025-01-28 16:14:31,10.95,tarjeta
7602,909,8,2025-01-28 16:17:29,35.95,efectivo
7603,682,10,2025-01-28 16:22:06,184.90,efectivo
7604,556,9,2025-01-28 16:25:53,121.00,tarjeta
7605,798,5,2025-01-28 16:26:17,30.35,tarjeta
7606,871,8,2025-01-28 16:26:29,53.00,efectivo
7607,955,9,2025-01-28 16:27:14,12.35,efectivo
7608,341,8,2025-01-28 16:36:16,90.40,tarjeta
7609,524,2,2025-01-28 16:43:29,103.50,tarjeta
7610,333,5,2025-01-28 16:45:56,70.00,tarjeta
7611,705,5,2025-01-28 16:54:24,74.50,efectivo
7612,474,10,2025-01-28 16:55:33,10.00,efectivo
7613,865,3,2025-01-28 16:57:47,116.80,tarjeta
7614,61,6,2025-01-28 16:59:53,62.00,tarjeta
7615,730,8,2025-01-28 17:01:45,90.90,tarjeta
7616,984,2,2025-01-28 17:03:55,26.00,efectivo
7617,978,7,2025-01-28 17:04:02,10.95,efectivo
7618,50,8,2025-01-28 17:05:42,43.95,tarjeta
7619,332,10,2025-01-28 17:09:46,142.00,tarjeta
7620,363,6,2025-01-28 17:16:36,32.00,efectivo
7621,13,6,2025-01-28 17:18:10,112.95,efectivo
7622,836,6,2025-01-28 17:28:13,96.90,efectivo
7623,616,3,2025-01-28 17:29:06,72.50,tarjeta
7624,703,9,2025-01-28 17:30:54,99.45,efectivo
7625,72,5,2025-01-28 17:31:49,29.50,efectivo
7626,951,6,2025-01-28 17:34:38,47.00,efectivo
7627,759,6,2025-01-28 17:39:09,32.00,efectivo
7628,108,2,2025-01-28 17:44:14,22.50,tarjeta
7629,514,4,2025-01-28 17:45:37,99.00,tarjeta
7630,942,9,2025-01-28 17:55:50,38.90,efectivo
7631,100,10,2025-01-28 18:00:59,34.85,tarjeta
7632,721,3,2025-01-28 18:02:40,84.85,tarjeta
7633,573,9,2025-01-28 18:14:41,167.95,efectivo
7634,795,9,2025-01-28 18:16:16,63.00,efectivo
7635,43,9,2025-01-28 18:28:09,61.50,efectivo
7636,730,4,2025-01-28 18:32:06,90.35,tarjeta
7637,193,4,2025-01-28 18:37:00,108.80,tarjeta
7638,908,4,2025-01-28 18:41:52,64.50,efectivo
7639,826,10,2025-01-28 18:46:55,127.50,efectivo
7640,203,4,2025-01-28 18:50:15,72.00,efectivo
7641,342,9,2025-01-28 19:06:41,61.40,efectivo
7642,201,10,2025-01-28 19:22:12,26.95,tarjeta
7643,714,9,2025-01-28 19:27:13,146.85,tarjeta
7644,228,1,2025-01-28 19:29:04,137.95,efectivo
7645,373,6,2025-01-28 19:38:09,71.95,efectivo
7646,576,9,2025-01-28 19:56:18,68.95,tarjeta
7647,17,4,2025-01-28 19:57:03,58.00,tarjeta
7648,151,9,2025-01-28 19:57:50,85.40,tarjeta
7649,960,1,2025-01-28 20:00:58,102.40,tarjeta
7650,498,5,2025-01-28 20:07:02,78.90,efectivo
7651,54,10,2025-01-28 20:11:30,31.00,efectivo
7652,940,8,2025-01-28 20:14:09,67.95,efectivo
7653,998,1,2025-01-28 20:14:23,45.00,efectivo
7654,158,7,2025-01-28 20:22:12,121.90,tarjeta
7655,36,6,2025-01-28 20:25:23,120.75,tarjeta
7656,201,8,2025-01-28 20:33:24,56.90,efectivo
7657,960,5,2025-01-28 20:43:07,66.50,tarjeta
7658,554,8,2025-01-28 20:46:47,175.80,efectivo
7659,913,3,2025-01-28 20:46:55,83.80,tarjeta
7660,123,10,2025-01-28 20:52:47,199.30,efectivo
7661,934,7,2025-01-28 20:53:41,42.00,efectivo
7662,555,8,2025-01-28 20:54:02,31.00,tarjeta
7663,472,1,2025-01-28 21:06:21,135.90,efectivo
7664,815,6,2025-01-28 21:06:44,120.90,efectivo
7665,752,2,2025-01-28 21:12:04,169.20,tarjeta
7666,192,6,2025-01-28 21:12:40,180.75,tarjeta
7667,451,9,2025-01-28 21:13:24,79.95,tarjeta
7668,958,8,2025-01-28 21:16:22,38.90,tarjeta
7669,271,6,2025-01-28 21:16:41,90.45,tarjeta
7670,22,4,2025-01-28 21:19:01,40.00,tarjeta
7671,168,8,2025-01-28 21:22:20,142.15,tarjeta
7672,906,3,2025-01-28 21:24:15,82.45,tarjeta
7673,16,4,2025-01-28 21:29:50,35.00,tarjeta
7674,570,3,2025-01-28 21:38:23,107.90,efectivo
7675,774,6,2025-01-28 21:44:02,50.00,tarjeta
7676,168,1,2025-01-28 21:44:15,111.90,tarjeta
7677,622,2,2025-01-28 21:47:41,60.90,efectivo
7678,364,8,2025-01-28 21:51:40,59.50,efectivo
7679,512,1,2025-01-28 21:55:56,0.00,efectivo
7680,790,7,2025-01-28 22:02:23,118.85,tarjeta
7681,700,3,2025-01-28 22:04:13,50.95,efectivo
7682,349,4,2025-01-28 22:06:00,36.45,tarjeta
7683,433,8,2025-01-28 22:12:00,150.50,tarjeta
7684,810,4,2025-01-28 22:12:04,51.25,efectivo
7685,838,1,2025-01-28 22:16:55,40.50,tarjeta
7686,966,10,2025-01-28 22:24:59,81.35,efectivo
7687,484,2,2025-01-28 22:33:04,152.85,tarjeta
7688,790,8,2025-01-28 22:36:29,70.00,tarjeta
7689,23,8,2025-01-28 22:42:32,35.95,efectivo
7690,192,5,2025-01-28 22:52:14,133.95,efectivo
7691,779,3,2025-01-28 22:53:43,50.00,tarjeta
7692,177,9,2025-01-29 06:04:48,31.00,tarjeta
7693,633,2,2025-01-29 06:05:36,46.50,tarjeta
7694,801,6,2025-01-29 06:07:53,38.95,tarjeta
7695,276,6,2025-01-29 06:09:20,32.95,tarjeta
7696,814,10,2025-01-29 06:15:30,30.00,tarjeta
7697,280,7,2025-01-29 06:18:56,63.40,tarjeta
7698,548,8,2025-01-29 06:24:01,57.95,efectivo
7699,451,3,2025-01-29 06:24:42,67.65,efectivo
7700,915,6,2025-01-29 06:30:08,15.50,efectivo
7701,452,2,2025-01-29 06:31:14,55.50,efectivo
7702,792,6,2025-01-29 06:32:19,0.00,efectivo
7703,969,3,2025-01-29 06:35:40,10.95,tarjeta
7704,739,3,2025-01-29 06:37:24,61.95,tarjeta
7705,902,10,2025-01-29 06:38:15,12.35,efectivo
7706,718,8,2025-01-29 06:44:25,77.45,tarjeta
7707,346,6,2025-01-29 06:57:50,27.85,efectivo
7708,33,4,2025-01-29 07:05:08,31.00,efectivo
7709,732,3,2025-01-29 07:06:36,65.50,tarjeta
7710,767,7,2025-01-29 07:09:24,46.50,tarjeta
7711,671,2,2025-01-29 07:11:19,84.85,tarjeta
7712,320,2,2025-01-29 07:12:57,93.45,efectivo
7713,680,10,2025-01-29 07:14:02,59.50,efectivo
7714,881,2,2025-01-29 07:18:59,46.50,tarjeta
7715,315,4,2025-01-29 07:28:29,10.95,tarjeta
7716,183,7,2025-01-29 07:29:37,15.50,efectivo
7717,466,4,2025-01-29 07:32:16,168.35,efectivo
7718,346,3,2025-01-29 07:35:47,10.95,efectivo
7719,185,2,2025-01-29 07:37:17,59.50,efectivo
7720,284,1,2025-01-29 07:39:48,31.00,efectivo
7721,460,5,2025-01-29 07:41:11,24.50,tarjeta
7722,858,9,2025-01-29 07:47:25,93.90,efectivo
7723,253,9,2025-01-29 07:50:10,10.95,tarjeta
7724,949,7,2025-01-29 07:51:15,46.90,tarjeta
7725,561,10,2025-01-29 07:52:31,169.45,efectivo
7726,954,3,2025-01-29 07:54:07,79.45,tarjeta
7727,315,8,2025-01-29 07:54:53,63.50,tarjeta
7728,388,1,2025-01-29 07:55:45,73.90,efectivo
7729,383,7,2025-01-29 07:56:28,62.40,efectivo
7730,611,5,2025-01-29 07:56:32,20.95,efectivo
7731,145,2,2025-01-29 07:56:43,98.45,efectivo
7732,89,3,2025-01-29 07:56:54,69.95,efectivo
7733,104,10,2025-01-29 07:58:39,140.00,tarjeta
7734,313,6,2025-01-29 08:02:22,22.00,tarjeta
7735,393,4,2025-01-29 08:03:12,142.95,efectivo
7736,584,3,2025-01-29 08:09:00,48.95,tarjeta
7737,255,8,2025-01-29 08:12:36,103.80,efectivo
7738,302,8,2025-01-29 08:23:46,41.00,efectivo
7739,849,4,2025-01-29 08:25:42,50.00,tarjeta
7740,228,9,2025-01-29 08:30:28,134.00,efectivo
7741,39,7,2025-01-29 08:31:24,35.95,efectivo
7742,680,1,2025-01-29 08:34:45,37.50,tarjeta
7743,884,1,2025-01-29 08:36:29,63.50,efectivo
7744,13,4,2025-01-29 08:43:32,133.90,efectivo
7745,29,7,2025-01-29 08:45:47,26.95,tarjeta
7746,315,2,2025-01-29 08:48:45,41.00,tarjeta
7747,881,4,2025-01-29 08:50:38,48.45,tarjeta
7748,28,3,2025-01-29 08:53:58,35.00,efectivo
7749,822,9,2025-01-29 08:56:05,236.85,efectivo
7750,579,1,2025-01-29 08:56:58,34.50,tarjeta
7751,98,5,2025-01-29 08:59:25,22.50,efectivo
7752,176,1,2025-01-29 09:02:29,32.95,tarjeta
7753,847,2,2025-01-29 09:03:23,15.50,tarjeta
7754,615,4,2025-01-29 09:18:40,10.00,efectivo
7755,933,7,2025-01-29 09:18:49,46.00,tarjeta
7756,446,9,2025-01-29 09:25:10,32.00,efectivo
7757,970,3,2025-01-29 09:26:06,99.45,efectivo
7758,872,1,2025-01-29 09:27:34,12.00,tarjeta
7759,13,7,2025-01-29 09:33:58,126.40,efectivo
7760,346,2,2025-01-29 09:34:17,31.00,tarjeta
7761,970,8,2025-01-29 09:39:26,67.50,tarjeta
7762,483,1,2025-01-29 09:48:13,62.00,tarjeta
7763,633,2,2025-01-29 09:48:54,58.50,efectivo
7764,953,7,2025-01-29 09:50:32,55.95,efectivo
7765,457,10,2025-01-29 09:50:52,82.45,efectivo
7766,178,9,2025-01-29 09:51:44,57.95,efectivo
7767,506,6,2025-01-29 09:57:45,79.95,efectivo
7768,279,9,2025-01-29 10:00:11,110.95,efectivo
7769,595,7,2025-01-29 10:00:14,22.00,tarjeta
7770,390,7,2025-01-29 10:00:56,107.45,tarjeta
7771,925,6,2025-01-29 10:01:36,53.00,tarjeta
7772,216,9,2025-01-29 10:02:19,89.95,efectivo
7773,808,10,2025-01-29 10:02:37,35.95,tarjeta
7774,544,8,2025-01-29 10:03:30,15.50,efectivo
7775,160,4,2025-01-29 10:05:01,10.00,efectivo
7776,301,4,2025-01-29 10:05:15,169.70,efectivo
7777,475,7,2025-01-29 10:05:31,26.95,tarjeta
7778,771,7,2025-01-29 10:09:08,198.80,tarjeta
7779,225,7,2025-01-29 10:12:15,37.95,efectivo
7780,523,2,2025-01-29 10:15:00,26.00,efectivo
7781,428,5,2025-01-29 10:16:02,60.45,tarjeta
7782,696,2,2025-01-29 10:22:06,35.00,efectivo
7783,713,5,2025-01-29 10:23:39,26.95,efectivo
7784,373,1,2025-01-29 10:24:22,36.00,tarjeta
7785,969,8,2025-01-29 10:26:45,60.50,tarjeta
7786,172,9,2025-01-29 10:27:33,28.50,efectivo
7787,994,8,2025-01-29 10:32:24,64.50,efectivo
7788,766,2,2025-01-29 10:33:25,57.00,tarjeta
7789,69,10,2025-01-29 10:36:05,51.45,tarjeta
7790,288,9,2025-01-29 10:36:13,36.95,tarjeta
7791,957,10,2025-01-29 10:37:58,48.95,tarjeta
7792,540,10,2025-01-29 10:40:21,35.95,efectivo
7793,754,5,2025-01-29 10:41:47,63.50,tarjeta
7794,394,1,2025-01-29 10:44:29,77.50,efectivo
7795,196,8,2025-01-29 10:45:42,26.95,efectivo
7796,9,4,2025-01-29 10:51:27,16.50,efectivo
7797,101,6,2025-01-29 10:52:10,26.00,efectivo
7798,406,5,2025-01-29 10:53:10,35.45,tarjeta
7799,801,9,2025-01-29 10:53:38,62.50,tarjeta
7800,98,10,2025-01-29 10:53:54,77.50,tarjeta
7801,79,7,2025-01-29 10:55:52,143.25,tarjeta
7802,316,3,2025-01-29 11:02:10,16.50,efectivo
7803,682,7,2025-01-29 11:02:59,75.00,efectivo
7804,658,8,2025-01-29 11:06:56,26.00,tarjeta
7805,718,7,2025-01-29 11:11:51,35.00,efectivo
7806,379,4,2025-01-29 11:17:45,85.50,tarjeta
7807,952,5,2025-01-29 11:18:52,89.45,tarjeta
7808,709,8,2025-01-29 11:19:22,60.50,efectivo
7809,226,4,2025-01-29 11:22:57,26.00,tarjeta
7810,512,7,2025-01-29 11:23:35,38.90,efectivo
7811,137,8,2025-01-29 11:26:48,102.00,tarjeta
7812,57,7,2025-01-29 11:32:20,45.95,tarjeta
7813,490,3,2025-01-29 11:32:41,162.90,efectivo
7814,131,5,2025-01-29 11:35:56,121.90,efectivo
7815,453,10,2025-01-29 11:36:32,102.40,tarjeta
7816,925,7,2025-01-29 11:38:21,67.00,efectivo
7817,463,3,2025-01-29 11:41:14,12.35,efectivo
7818,337,10,2025-01-29 11:43:27,87.95,tarjeta
7819,552,1,2025-01-29 11:56:34,54.95,tarjeta
7820,410,4,2025-01-29 12:07:23,179.85,tarjeta
7821,965,2,2025-01-29 12:10:06,44.50,tarjeta
7822,839,2,2025-01-29 12:25:50,69.50,efectivo
7823,409,5,2025-01-29 12:36:27,42.50,efectivo
7824,363,6,2025-01-29 12:37:51,82.00,tarjeta
7825,733,2,2025-01-29 12:40:00,128.85,tarjeta
7826,682,2,2025-01-29 12:41:27,124.30,tarjeta
7827,710,9,2025-01-29 12:44:35,90.50,efectivo
7828,118,4,2025-01-29 12:50:08,43.00,tarjeta
7829,279,9,2025-01-29 12:53:14,85.95,efectivo
7830,451,5,2025-01-29 12:58:51,46.50,tarjeta
7831,267,9,2025-01-29 13:03:52,118.80,efectivo
7832,372,10,2025-01-29 13:04:02,157.85,tarjeta
7833,431,5,2025-01-29 13:05:00,64.90,efectivo
7834,754,3,2025-01-29 13:06:04,87.00,tarjeta
7835,8,5,2025-01-29 13:08:48,106.30,tarjeta
7836,371,9,2025-01-29 13:12:10,132.85,tarjeta
7837,945,3,2025-01-29 13:13:21,50.40,efectivo
7838,324,10,2025-01-29 13:14:19,49.35,efectivo
7839,852,9,2025-01-29 13:19:26,26.00,efectivo
7840,886,8,2025-01-29 13:21:36,87.50,tarjeta
7841,221,7,2025-01-29 13:21:54,98.40,tarjeta
7842,591,1,2025-01-29 13:27:31,53.45,tarjeta
7843,35,7,2025-01-29 13:34:54,50.95,tarjeta
7844,255,5,2025-01-29 13:40:55,35.00,tarjeta
7845,613,3,2025-01-29 13:46:48,26.95,tarjeta
7846,990,4,2025-01-29 13:47:10,81.50,efectivo
7847,906,9,2025-01-29 13:50:49,60.45,efectivo
7848,871,4,2025-01-29 14:10:29,24.95,tarjeta
7849,884,2,2025-01-29 14:12:49,55.40,efectivo
7850,462,4,2025-01-29 14:19:13,38.95,efectivo
7851,360,9,2025-01-29 14:21:19,31.00,tarjeta
7852,80,6,2025-01-29 14:22:55,92.95,tarjeta
7853,807,3,2025-01-29 14:25:10,110.45,tarjeta
7854,145,4,2025-01-29 14:28:20,32.00,efectivo
7855,463,9,2025-01-29 14:29:59,95.90,efectivo
7856,723,10,2025-01-29 14:29:59,62.50,tarjeta
7857,180,10,2025-01-29 14:34:39,82.00,tarjeta
7858,528,2,2025-01-29 14:35:29,46.50,tarjeta
7859,924,2,2025-01-29 14:36:21,10.00,tarjeta
7860,531,1,2025-01-29 14:39:43,8.00,efectivo
7861,71,6,2025-01-29 14:49:09,130.50,efectivo
7862,404,8,2025-01-29 14:50:17,86.00,tarjeta
7863,973,6,2025-01-29 14:55:31,86.00,efectivo
7864,141,9,2025-01-29 14:57:50,81.50,tarjeta
7865,357,1,2025-01-29 14:59:25,90.50,efectivo
7866,561,1,2025-01-29 15:02:35,125.85,efectivo
7867,324,2,2025-01-29 15:15:55,84.00,efectivo
7868,75,4,2025-01-29 15:16:46,104.45,tarjeta
7869,186,2,2025-01-29 15:24:06,144.80,tarjeta
7870,135,6,2025-01-29 15:28:35,154.80,tarjeta
7871,389,2,2025-01-29 15:33:38,44.00,efectivo
7872,550,10,2025-01-29 15:37:11,162.00,tarjeta
7873,710,8,2025-01-29 15:39:18,44.00,tarjeta
7874,719,8,2025-01-29 15:40:28,12.35,tarjeta
7875,797,6,2025-01-29 15:41:46,74.90,efectivo
7876,268,1,2025-01-29 15:42:11,140.90,efectivo
7877,150,1,2025-01-29 15:50:34,107.90,efectivo
7878,22,1,2025-01-29 15:52:15,113.50,efectivo
7879,660,7,2025-01-29 15:52:46,48.45,tarjeta
7880,501,10,2025-01-29 15:53:13,130.85,tarjeta
7881,540,5,2025-01-29 15:54:38,82.00,efectivo
7882,848,7,2025-01-29 15:57:58,219.50,tarjeta
7883,306,4,2025-01-29 15:58:32,59.85,efectivo
7884,429,4,2025-01-29 16:01:05,71.90,tarjeta
7885,922,5,2025-01-29 16:01:13,15.50,efectivo
7886,44,10,2025-01-29 16:04:32,76.85,tarjeta
7887,253,7,2025-01-29 16:15:00,0.00,tarjeta
7888,135,10,2025-01-29 16:18:43,103.90,tarjeta
7889,458,8,2025-01-29 16:20:11,88.90,efectivo
7890,519,6,2025-01-29 16:22:19,10.95,efectivo
7891,868,4,2025-01-29 16:23:23,28.95,tarjeta
7892,682,8,2025-01-29 16:28:09,80.45,efectivo
7893,672,4,2025-01-29 16:32:56,90.35,tarjeta
7894,844,4,2025-01-29 16:35:45,38.00,tarjeta
7895,714,2,2025-01-29 16:51:39,114.90,efectivo
7896,672,9,2025-01-29 17:02:28,62.00,tarjeta
7897,815,6,2025-01-29 17:02:55,88.00,efectivo
7898,153,10,2025-01-29 17:05:39,12.35,tarjeta
7899,117,7,2025-01-29 17:12:18,38.00,tarjeta
7900,694,10,2025-01-29 17:13:02,241.80,tarjeta
7901,943,10,2025-01-29 17:22:33,32.50,tarjeta
7902,730,2,2025-01-29 17:23:46,138.35,efectivo
7903,110,10,2025-01-29 17:35:27,35.00,tarjeta
7904,458,9,2025-01-29 17:38:27,170.35,tarjeta
7905,619,5,2025-01-29 17:56:04,10.00,efectivo
7906,37,2,2025-01-29 18:01:51,50.00,tarjeta
7907,55,4,2025-01-29 18:13:53,73.85,efectivo
7908,264,9,2025-01-29 18:29:33,103.90,efectivo
7909,413,1,2025-01-29 18:40:39,73.90,efectivo
7910,92,1,2025-01-29 18:52:54,40.00,tarjeta
7911,924,7,2025-01-29 18:57:01,71.90,tarjeta
7912,568,10,2025-01-29 19:18:39,12.00,efectivo
7913,352,5,2025-01-29 19:31:32,38.45,tarjeta
7914,252,8,2025-01-29 19:34:06,35.00,efectivo
7915,167,7,2025-01-29 19:37:27,55.40,tarjeta
7916,273,8,2025-01-29 19:43:33,60.50,efectivo
7917,729,10,2025-01-29 19:46:41,235.65,tarjeta
7918,848,6,2025-01-29 19:53:16,99.70,efectivo
7919,965,3,2025-01-29 20:06:12,147.40,efectivo
7920,312,2,2025-01-29 20:07:09,47.00,tarjeta
7921,351,7,2025-01-29 20:07:45,103.50,tarjeta
7922,848,3,2025-01-29 20:09:51,103.90,efectivo
7923,340,5,2025-01-29 20:10:31,61.40,tarjeta
7924,53,10,2025-01-29 20:10:47,86.50,tarjeta
7925,790,10,2025-01-29 20:11:24,70.95,efectivo
7926,594,3,2025-01-29 20:23:07,32.95,efectivo
7927,897,9,2025-01-29 20:23:36,52.50,tarjeta
7928,852,4,2025-01-29 20:32:35,24.50,efectivo
7929,662,6,2025-01-29 20:43:34,129.75,tarjeta
7930,129,9,2025-01-29 21:07:24,12.00,tarjeta
7931,524,6,2025-01-29 21:14:56,146.85,efectivo
7932,754,2,2025-01-29 21:15:24,97.45,efectivo
7933,19,1,2025-01-29 21:21:46,73.90,efectivo
7934,388,5,2025-01-29 21:23:55,68.45,tarjeta
7935,951,9,2025-01-29 21:30:39,28.50,tarjeta
7936,407,9,2025-01-29 21:31:35,60.50,tarjeta
7937,529,2,2025-01-29 21:37:52,83.90,efectivo
7938,860,4,2025-01-29 21:41:48,92.85,tarjeta
7939,273,9,2025-01-29 22:02:03,119.50,tarjeta
7940,441,8,2025-01-29 22:03:46,63.00,efectivo
7941,870,4,2025-01-29 22:04:00,146.75,tarjeta
7942,136,7,2025-01-29 22:06:05,44.35,efectivo
7943,638,5,2025-01-29 22:10:45,99.45,tarjeta
7944,159,2,2025-01-29 22:13:37,53.95,efectivo
7945,360,6,2025-01-29 22:13:47,64.50,tarjeta
7946,142,4,2025-01-29 22:14:33,24.50,tarjeta
7947,528,7,2025-01-29 22:15:06,100.45,efectivo
7948,204,3,2025-01-29 22:19:20,55.50,tarjeta
7949,911,8,2025-01-29 22:20:30,56.00,tarjeta
7950,795,5,2025-01-29 22:29:21,67.00,tarjeta
7951,661,7,2025-01-29 22:30:36,170.70,tarjeta
7952,813,9,2025-01-29 22:49:50,61.00,efectivo
7953,956,1,2025-01-29 22:52:14,40.00,tarjeta
7954,331,3,2025-01-29 22:55:49,90.35,efectivo
7955,172,4,2025-01-30 06:03:12,46.50,efectivo
7956,674,8,2025-01-30 06:12:07,63.85,efectivo
7957,544,6,2025-01-30 06:12:52,56.45,tarjeta
7958,677,2,2025-01-30 06:16:52,45.00,tarjeta
7959,27,5,2025-01-30 06:27:37,26.95,efectivo
7960,597,6,2025-01-30 06:29:06,15.50,efectivo
7961,697,7,2025-01-30 06:29:47,26.95,tarjeta
7962,793,10,2025-01-30 06:36:12,10.00,tarjeta
7963,42,5,2025-01-30 06:39:40,81.45,efectivo
7964,714,4,2025-01-30 06:42:50,78.50,efectivo
7965,349,10,2025-01-30 06:44:38,89.45,efectivo
7966,959,10,2025-01-30 06:48:49,67.00,efectivo
7967,196,1,2025-01-30 06:51:18,34.50,efectivo
7968,63,6,2025-01-30 06:51:25,34.95,tarjeta
7969,739,10,2025-01-30 06:54:54,22.95,efectivo
7970,339,1,2025-01-30 06:59:20,113.90,tarjeta
7971,605,4,2025-01-30 06:59:56,41.00,tarjeta
7972,724,8,2025-01-30 06:59:56,47.35,efectivo
7973,777,4,2025-01-30 07:04:36,0.00,tarjeta
7974,313,2,2025-01-30 07:04:38,46.50,efectivo
7975,766,5,2025-01-30 07:08:35,60.90,tarjeta
7976,123,10,2025-01-30 07:11:59,36.00,efectivo
7977,860,8,2025-01-30 07:12:58,63.50,tarjeta
7978,470,5,2025-01-30 07:25:39,0.00,tarjeta
7979,382,2,2025-01-30 07:31:36,113.75,tarjeta
7980,717,5,2025-01-30 07:37:17,114.00,tarjeta
7981,657,4,2025-01-30 07:37:55,63.45,tarjeta
7982,704,9,2025-01-30 07:44:46,40.50,efectivo
7983,837,8,2025-01-30 07:47:14,93.85,tarjeta
7984,241,7,2025-01-30 07:52:50,99.95,efectivo
7985,944,8,2025-01-30 07:53:29,26.95,tarjeta
7986,236,10,2025-01-30 07:57:42,110.85,efectivo
7987,359,7,2025-01-30 07:59:14,63.40,efectivo
7988,840,8,2025-01-30 08:00:24,112.80,efectivo
7989,586,10,2025-01-30 08:03:05,24.50,efectivo
7990,890,6,2025-01-30 08:15:43,31.00,tarjeta
7991,302,2,2025-01-30 08:17:32,34.50,efectivo
7992,974,1,2025-01-30 08:21:22,57.95,tarjeta
7993,839,2,2025-01-30 08:26:03,132.90,tarjeta
7994,33,3,2025-01-30 08:29:35,10.95,tarjeta
7995,568,7,2025-01-30 08:32:48,79.95,efectivo
7996,388,6,2025-01-30 08:32:52,64.50,efectivo
7997,120,7,2025-01-30 08:35:55,62.95,efectivo
7998,548,7,2025-01-30 08:38:27,60.95,tarjeta
7999,335,6,2025-01-30 08:39:36,10.00,tarjeta
8000,701,6,2025-01-30 08:41:19,114.95,efectivo
8001,666,9,2025-01-30 08:41:57,28.95,efectivo
8002,446,4,2025-01-30 08:42:47,0.00,tarjeta
8003,522,1,2025-01-30 08:44:28,183.65,tarjeta
8004,176,2,2025-01-30 08:45:20,60.45,efectivo
8005,38,7,2025-01-30 08:45:34,47.50,efectivo
8006,664,5,2025-01-30 08:45:37,68.50,efectivo
8007,567,4,2025-01-30 08:47:11,46.50,tarjeta
8008,170,7,2025-01-30 08:49:53,57.95,efectivo
8009,959,5,2025-01-30 08:55:04,127.30,efectivo
8010,140,4,2025-01-30 08:55:51,40.45,tarjeta
8011,18,10,2025-01-30 08:59:22,77.50,efectivo
8012,847,7,2025-01-30 08:59:33,72.50,tarjeta
8013,680,10,2025-01-30 09:00:32,58.95,tarjeta
8014,728,7,2025-01-30 09:01:48,10.00,efectivo
8015,831,4,2025-01-30 09:06:07,124.20,efectivo
8016,428,7,2025-01-30 09:10:34,42.95,efectivo
8017,172,5,2025-01-30 09:11:20,37.50,tarjeta
8018,937,2,2025-01-30 09:12:06,131.85,efectivo
8019,250,6,2025-01-30 09:14:33,46.50,efectivo
8020,599,7,2025-01-30 09:19:33,45.95,efectivo
8021,887,7,2025-01-30 09:20:48,89.50,tarjeta
8022,379,8,2025-01-30 09:23:43,36.50,tarjeta
8023,412,9,2025-01-30 09:30:08,95.80,efectivo
8024,643,1,2025-01-30 09:33:14,40.00,efectivo
8025,953,9,2025-01-30 09:34:46,50.50,tarjeta
8026,954,6,2025-01-30 09:36:35,10.95,efectivo
8027,848,7,2025-01-30 09:37:20,18.00,tarjeta
8028,523,4,2025-01-30 09:43:12,36.95,tarjeta
8029,89,10,2025-01-30 09:45:00,40.00,efectivo
8030,417,10,2025-01-30 09:45:00,38.95,tarjeta
8031,184,9,2025-01-30 09:47:59,155.40,tarjeta
8032,151,4,2025-01-30 09:48:35,135.90,efectivo
8033,376,7,2025-01-30 09:51:20,15.50,efectivo
8034,867,6,2025-01-30 09:55:06,24.50,efectivo
8035,362,2,2025-01-30 09:59:43,28.50,tarjeta
8036,187,5,2025-01-30 10:06:12,162.70,tarjeta
8037,692,1,2025-01-30 10:09:02,161.40,tarjeta
8038,608,8,2025-01-30 10:11:19,184.90,efectivo
8039,38,1,2025-01-30 10:13:12,12.00,tarjeta
8040,341,6,2025-01-30 10:20:34,91.45,efectivo
8041,718,9,2025-01-30 10:25:54,99.40,efectivo
8042,464,10,2025-01-30 10:27:06,53.95,tarjeta
8043,691,3,2025-01-30 10:30:18,31.00,tarjeta
8044,283,9,2025-01-30 10:33:11,138.35,efectivo
8045,321,9,2025-01-30 10:33:20,27.50,tarjeta
8046,414,7,2025-01-30 10:35:29,22.95,tarjeta
8047,377,10,2025-01-30 10:36:19,16.50,efectivo
8048,302,7,2025-01-30 10:41:08,10.95,efectivo
8049,292,5,2025-01-30 10:43:30,26.00,efectivo
8050,823,7,2025-01-30 10:47:16,75.60,tarjeta
8051,777,6,2025-01-30 10:47:20,55.95,tarjeta
8052,222,7,2025-01-30 10:49:27,26.95,efectivo
8053,618,2,2025-01-30 10:50:15,34.00,efectivo
8054,839,4,2025-01-30 10:51:18,86.80,efectivo
8055,262,2,2025-01-30 10:51:24,74.85,efectivo
8056,89,5,2025-01-30 10:51:41,31.00,efectivo
8057,711,4,2025-01-30 10:54:26,90.45,efectivo
8058,926,8,2025-01-30 10:56:37,169.90,efectivo
8059,531,1,2025-01-30 11:00:10,75.45,tarjeta
8060,649,2,2025-01-30 11:06:37,16.50,tarjeta
8061,624,8,2025-01-30 11:08:17,32.00,tarjeta
8062,596,10,2025-01-30 11:09:28,44.00,tarjeta
8063,83,6,2025-01-30 11:16:23,144.85,tarjeta
8064,186,3,2025-01-30 11:19:37,77.80,efectivo
8065,669,4,2025-01-30 11:25:02,112.40,efectivo
8066,14,10,2025-01-30 11:30:24,68.40,tarjeta
8067,992,7,2025-01-30 11:32:08,10.00,tarjeta
8068,966,5,2025-01-30 11:32:51,39.95,tarjeta
8069,640,10,2025-01-30 11:37:02,114.45,tarjeta
8070,289,6,2025-01-30 11:43:47,76.85,efectivo
8071,326,10,2025-01-30 11:44:23,58.00,efectivo
8072,187,4,2025-01-30 11:47:05,107.25,efectivo
8073,117,2,2025-01-30 11:52:22,102.95,efectivo
8074,285,6,2025-01-30 11:52:43,78.00,tarjeta
8075,503,7,2025-01-30 11:54:00,91.90,efectivo
8076,903,7,2025-01-30 11:54:37,56.50,tarjeta
8077,805,4,2025-01-30 11:56:49,35.95,efectivo
8078,413,10,2025-01-30 11:57:49,102.00,tarjeta
8079,275,4,2025-01-30 12:02:08,162.85,tarjeta
8080,645,10,2025-01-30 12:03:41,37.90,efectivo
8081,454,2,2025-01-30 12:12:16,122.35,tarjeta
8082,672,2,2025-01-30 12:13:10,155.90,efectivo
8083,638,2,2025-01-30 12:13:31,33.50,tarjeta
8084,823,1,2025-01-30 12:14:15,28.50,efectivo
8085,737,7,2025-01-30 12:14:18,90.50,tarjeta
8086,674,5,2025-01-30 12:15:45,28.50,efectivo
8087,659,10,2025-01-30 12:21:47,40.95,tarjeta
8088,884,5,2025-01-30 12:35:32,82.50,tarjeta
8089,701,6,2025-01-30 12:40:33,110.80,tarjeta
8090,473,4,2025-01-30 12:41:54,53.00,efectivo
8091,77,2,2025-01-30 12:43:09,36.00,tarjeta
8092,745,2,2025-01-30 12:46:54,44.00,tarjeta
8093,669,3,2025-01-30 12:49:48,48.45,efectivo
8094,324,3,2025-01-30 13:00:15,18.00,tarjeta
8095,999,10,2025-01-30 13:03:13,81.50,tarjeta
8096,110,3,2025-01-30 13:08:35,46.50,tarjeta
8097,742,8,2025-01-30 13:08:37,53.95,tarjeta
8098,354,8,2025-01-30 13:09:02,74.50,efectivo
8099,859,6,2025-01-30 13:11:24,72.45,tarjeta
8100,925,10,2025-01-30 13:17:12,29.50,efectivo
8101,977,10,2025-01-30 13:17:59,138.85,tarjeta
8102,72,5,2025-01-30 13:19:53,92.95,efectivo
8103,780,8,2025-01-30 13:29:21,206.85,tarjeta
8104,617,9,2025-01-30 13:33:04,125.00,efectivo
8105,537,2,2025-01-30 13:42:22,47.50,tarjeta
8106,723,8,2025-01-30 13:42:37,47.35,tarjeta
8107,111,10,2025-01-30 13:45:43,109.90,efectivo
8108,951,1,2025-01-30 13:46:41,47.50,tarjeta
8109,857,1,2025-01-30 13:51:57,19.95,efectivo
8110,577,10,2025-01-30 13:54:55,82.95,efectivo
8111,43,2,2025-01-30 13:55:07,47.00,tarjeta
8112,797,1,2025-01-30 13:58:55,105.95,efectivo
8113,560,2,2025-01-30 13:59:15,74.95,tarjeta
8114,241,3,2025-01-30 14:03:43,24.95,tarjeta
8115,35,1,2025-01-30 14:03:51,111.45,tarjeta
8116,157,1,2025-01-30 14:09:36,93.40,tarjeta
8117,226,1,2025-01-30 14:10:33,63.50,efectivo
8118,940,9,2025-01-30 14:24:08,74.50,efectivo
8119,669,7,2025-01-30 14:32:57,35.45,tarjeta
8120,43,9,2025-01-30 14:34:48,55.50,efectivo
8121,756,8,2025-01-30 14:45:55,44.95,efectivo
8122,679,10,2025-01-30 14:47:29,92.95,efectivo
8123,531,8,2025-01-30 14:54:01,28.50,tarjeta
8124,751,6,2025-01-30 14:57:53,22.35,efectivo
8125,371,5,2025-01-30 14:59:34,160.75,efectivo
8126,665,3,2025-01-30 14:59:52,80.20,tarjeta
8127,681,3,2025-01-30 15:00:18,107.40,tarjeta
8128,834,8,2025-01-30 15:11:53,142.30,efectivo
8129,624,9,2025-01-30 15:13:09,63.50,efectivo
8130,21,2,2025-01-30 15:19:10,53.00,efectivo
8131,662,10,2025-01-30 15:23:43,124.00,tarjeta
8132,730,8,2025-01-30 15:27:02,50.50,tarjeta
8133,758,4,2025-01-30 15:30:00,64.00,efectivo
8134,301,3,2025-01-30 15:32:46,57.90,tarjeta
8135,642,6,2025-01-30 15:36:28,112.30,tarjeta
8136,517,6,2025-01-30 15:38:56,35.00,efectivo
8137,290,9,2025-01-30 15:41:05,204.70,tarjeta
8138,144,7,2025-01-30 15:51:30,10.00,tarjeta
8139,838,5,2025-01-30 15:56:16,65.45,tarjeta
8140,304,5,2025-01-30 15:59:10,124.85,efectivo
8141,640,6,2025-01-30 16:01:15,123.95,efectivo
8142,993,10,2025-01-30 16:06:37,62.90,efectivo
8143,607,6,2025-01-30 16:09:52,58.50,tarjeta
8144,436,4,2025-01-30 16:14:37,45.95,tarjeta
8145,113,4,2025-01-30 16:16:33,70.90,tarjeta
8146,158,6,2025-01-30 16:18:46,38.90,efectivo
8147,247,9,2025-01-30 16:26:10,16.50,efectivo
8148,168,9,2025-01-30 16:34:25,57.95,efectivo
8149,227,8,2025-01-30 16:37:13,43.00,tarjeta
8150,345,6,2025-01-30 16:40:55,61.00,tarjeta
8151,839,1,2025-01-30 16:52:14,102.95,efectivo
8152,681,10,2025-01-30 16:57:58,128.00,tarjeta
8153,378,8,2025-01-30 16:58:03,70.00,tarjeta
8154,554,9,2025-01-30 16:58:07,78.50,efectivo
8155,981,1,2025-01-30 16:58:18,88.95,efectivo
8156,413,4,2025-01-30 17:00:20,26.00,efectivo
8157,641,5,2025-01-30 17:08:21,181.95,efectivo
8158,570,6,2025-01-30 17:15:24,159.30,efectivo
8159,860,5,2025-01-30 17:18:01,30.50,tarjeta
8160,76,8,2025-01-30 17:18:38,61.95,tarjeta
8161,952,4,2025-01-30 17:24:50,115.50,efectivo
8162,92,9,2025-01-30 17:26:46,36.00,efectivo
8163,949,7,2025-01-30 17:27:34,18.00,efectivo
8164,198,4,2025-01-30 17:27:45,52.95,tarjeta
8165,644,8,2025-01-30 17:44:54,15.50,tarjeta
8166,81,6,2025-01-30 17:47:23,98.50,efectivo
8167,841,5,2025-01-30 17:48:24,145.65,tarjeta
8168,433,9,2025-01-30 17:57:39,102.95,efectivo
8169,775,8,2025-01-30 18:13:28,40.45,efectivo
8170,76,8,2025-01-30 18:13:39,113.80,efectivo
8171,658,6,2025-01-30 18:18:31,113.50,tarjeta
8172,458,2,2025-01-30 18:18:39,112.80,efectivo
8173,118,1,2025-01-30 18:24:40,29.50,tarjeta
8174,733,3,2025-01-30 18:37:37,71.95,efectivo
8175,813,9,2025-01-30 18:38:10,48.00,tarjeta
8176,348,5,2025-01-30 18:44:03,88.35,efectivo
8177,73,6,2025-01-30 18:45:33,58.00,tarjeta
8178,83,9,2025-01-30 18:53:37,77.80,efectivo
8179,180,4,2025-01-30 18:58:12,76.45,efectivo
8180,268,7,2025-01-30 19:02:13,85.95,tarjeta
8181,22,10,2025-01-30 19:03:27,29.50,efectivo
8182,11,9,2025-01-30 19:04:17,64.00,efectivo
8183,462,1,2025-01-30 19:04:37,92.90,tarjeta
8184,758,6,2025-01-30 19:04:40,99.90,efectivo
8185,795,8,2025-01-30 19:05:41,67.95,efectivo
8186,21,10,2025-01-30 19:08:52,70.00,tarjeta
8187,726,8,2025-01-30 19:11:05,145.75,tarjeta
8188,674,2,2025-01-30 19:13:10,53.00,tarjeta
8189,98,3,2025-01-30 19:27:30,22.95,efectivo
8190,287,10,2025-01-30 19:33:22,127.00,efectivo
8191,188,10,2025-01-30 19:36:38,19.95,efectivo
8192,550,9,2025-01-30 19:38:24,63.80,efectivo
8193,169,3,2025-01-30 19:38:33,45.95,tarjeta
8194,999,2,2025-01-30 19:46:33,60.50,efectivo
8195,971,9,2025-01-30 19:49:06,72.45,tarjeta
8196,686,4,2025-01-30 19:52:48,24.95,efectivo
8197,251,9,2025-01-30 19:54:13,48.90,tarjeta
8198,433,8,2025-01-30 20:05:38,135.40,efectivo
8199,711,8,2025-01-30 20:17:39,88.95,efectivo
8200,118,10,2025-01-30 20:23:50,18.00,efectivo
8201,255,2,2025-01-30 20:25:31,57.50,efectivo
8202,326,1,2025-01-30 20:28:16,74.35,tarjeta
8203,663,1,2025-01-30 20:57:56,86.40,tarjeta
8204,76,9,2025-01-30 21:05:50,35.00,efectivo
8205,750,6,2025-01-30 21:06:05,24.95,tarjeta
8206,833,1,2025-01-30 21:07:00,106.95,efectivo
8207,219,5,2025-01-30 21:07:31,26.00,tarjeta
8208,501,2,2025-01-30 21:25:54,64.00,efectivo
8209,742,2,2025-01-30 21:27:17,106.80,efectivo
8210,225,5,2025-01-30 21:32:12,37.95,tarjeta
8211,283,3,2025-01-30 21:41:03,150.90,efectivo
8212,409,1,2025-01-30 21:42:03,106.85,tarjeta
8213,720,2,2025-01-30 21:51:01,19.95,tarjeta
8214,912,10,2025-01-30 21:51:22,36.00,efectivo
8215,271,1,2025-01-30 21:54:51,91.90,tarjeta
8216,919,3,2025-01-30 21:56:54,47.80,efectivo
8217,730,2,2025-01-30 22:01:12,215.90,efectivo
8218,645,3,2025-01-30 22:09:16,87.95,tarjeta
8219,943,2,2025-01-30 22:10:23,80.50,efectivo
8220,201,9,2025-01-30 22:13:59,54.50,efectivo
8221,225,10,2025-01-30 22:16:47,18.00,efectivo
8222,925,8,2025-01-30 22:20:47,53.00,tarjeta
8223,620,7,2025-01-30 22:22:16,32.00,efectivo
8224,255,1,2025-01-30 22:28:13,54.50,efectivo
8225,49,1,2025-01-30 22:37:01,34.85,efectivo
8226,235,6,2025-01-30 22:37:15,15.50,tarjeta
8227,848,4,2025-01-30 22:37:42,109.80,efectivo
8228,543,3,2025-01-30 22:41:13,102.00,tarjeta
8229,287,10,2025-01-30 22:41:36,120.45,tarjeta
8230,345,3,2025-01-30 22:47:55,16.50,tarjeta
8231,299,1,2025-01-30 22:48:40,26.95,tarjeta
8232,316,5,2025-01-31 06:04:24,54.00,tarjeta
8233,873,7,2025-01-31 06:14:23,63.90,efectivo
8234,314,10,2025-01-31 06:18:24,25.50,efectivo
8235,611,6,2025-01-31 06:27:54,37.50,tarjeta
8236,642,10,2025-01-31 06:29:30,89.80,tarjeta
8237,460,3,2025-01-31 06:32:50,82.50,tarjeta
8238,284,2,2025-01-31 06:43:11,81.00,tarjeta
8239,95,3,2025-01-31 06:44:19,32.00,efectivo
8240,90,1,2025-01-31 06:44:34,31.00,efectivo
8241,806,5,2025-01-31 06:46:07,63.50,efectivo
8242,920,2,2025-01-31 06:46:46,44.95,efectivo
8243,41,5,2025-01-31 06:48:25,18.00,tarjeta
8244,248,3,2025-01-31 06:49:15,175.35,tarjeta
8245,422,1,2025-01-31 06:50:21,36.95,efectivo
8246,376,4,2025-01-31 06:52:30,34.50,tarjeta
8247,979,9,2025-01-31 06:55:41,12.00,tarjeta
8248,41,5,2025-01-31 06:59:47,10.95,efectivo
8249,883,6,2025-01-31 07:00:12,144.85,efectivo
8250,675,8,2025-01-31 07:02:24,161.50,tarjeta
8251,41,3,2025-01-31 07:04:38,32.50,tarjeta
8252,346,7,2025-01-31 07:04:40,26.95,tarjeta
8253,533,7,2025-01-31 07:05:21,50.95,tarjeta
8254,513,6,2025-01-31 07:09:33,83.45,efectivo
8255,128,10,2025-01-31 07:09:43,12.00,tarjeta
8256,242,10,2025-01-31 07:11:25,15.50,tarjeta
8257,181,8,2025-01-31 07:13:42,74.85,efectivo
8258,124,1,2025-01-31 07:15:21,26.95,tarjeta
8259,109,8,2025-01-31 07:19:16,63.85,tarjeta
8260,804,1,2025-01-31 07:23:48,87.95,tarjeta
8261,212,2,2025-01-31 07:27:41,57.95,efectivo
8262,867,3,2025-01-31 07:38:42,79.95,efectivo
8263,329,3,2025-01-31 07:39:09,60.50,tarjeta
8264,948,1,2025-01-31 07:39:19,99.40,tarjeta
8265,77,4,2025-01-31 07:40:45,166.80,efectivo
8266,370,8,2025-01-31 07:42:42,50.95,tarjeta
8267,29,9,2025-01-31 07:45:46,35.85,efectivo
8268,831,2,2025-01-31 07:47:29,34.00,tarjeta
8269,700,9,2025-01-31 07:47:37,119.35,efectivo
8270,789,10,2025-01-31 07:48:03,12.00,tarjeta
8271,208,1,2025-01-31 07:48:08,68.90,tarjeta
8272,302,6,2025-01-31 07:55:20,15.50,efectivo
8273,689,6,2025-01-31 07:55:26,26.95,tarjeta
8274,449,10,2025-01-31 08:00:09,75.90,tarjeta
8275,485,7,2025-01-31 08:01:15,10.00,efectivo
8276,391,6,2025-01-31 08:02:21,189.80,tarjeta
8277,36,1,2025-01-31 08:04:33,112.50,efectivo
8278,979,4,2025-01-31 08:06:38,51.45,tarjeta
8279,568,6,2025-01-31 08:10:02,46.95,tarjeta
8280,119,7,2025-01-31 08:20:36,43.45,tarjeta
8281,37,2,2025-01-31 08:26:31,95.90,efectivo
8282,1000,1,2025-01-31 08:28:50,73.45,tarjeta
8283,840,4,2025-01-31 08:29:32,74.85,tarjeta
8284,962,9,2025-01-31 08:32:00,24.50,efectivo
8285,287,1,2025-01-31 08:32:58,104.35,efectivo
8286,74,1,2025-01-31 08:38:49,48.95,efectivo
8287,15,10,2025-01-31 08:43:09,93.20,efectivo
8288,672,1,2025-01-31 08:46:13,160.85,tarjeta
8289,74,3,2025-01-31 08:49:53,46.50,tarjeta
8290,442,6,2025-01-31 08:51:15,36.00,tarjeta
8291,564,9,2025-01-31 08:56:17,42.45,efectivo
8292,932,10,2025-01-31 09:00:56,19.95,tarjeta
8293,128,5,2025-01-31 09:04:28,26.95,efectivo
8294,204,2,2025-01-31 09:12:43,45.00,efectivo
8295,535,6,2025-01-31 09:13:14,32.50,tarjeta
8296,170,1,2025-01-31 09:15:59,10.00,tarjeta
8297,445,3,2025-01-31 09:18:44,47.50,tarjeta
8298,876,2,2025-01-31 09:29:00,133.85,efectivo
8299,520,2,2025-01-31 09:33:31,57.95,efectivo
8300,270,3,2025-01-31 09:34:22,10.95,efectivo
8301,895,6,2025-01-31 09:38:32,58.50,efectivo
8302,740,5,2025-01-31 09:44:08,32.00,tarjeta
8303,95,1,2025-01-31 09:50:35,37.90,efectivo
8304,979,7,2025-01-31 09:51:19,65.00,efectivo
8305,766,8,2025-01-31 09:54:14,57.95,tarjeta
8306,133,9,2025-01-31 09:54:53,63.95,efectivo
8307,280,3,2025-01-31 09:56:29,48.95,efectivo
8308,27,8,2025-01-31 09:57:33,10.95,tarjeta
8309,586,1,2025-01-31 10:02:59,46.50,tarjeta
8310,67,8,2025-01-31 10:04:25,63.90,tarjeta
8311,143,5,2025-01-31 10:06:11,60.50,tarjeta
8312,392,2,2025-01-31 10:07:10,26.95,efectivo
8313,433,6,2025-01-31 10:09:19,165.75,tarjeta
8314,197,3,2025-01-31 10:09:57,24.50,tarjeta
8315,112,8,2025-01-31 10:12:26,15.50,tarjeta
8316,610,9,2025-01-31 10:13:07,29.50,tarjeta
8317,867,7,2025-01-31 10:14:57,30.90,tarjeta
8318,881,7,2025-01-31 10:15:09,40.00,tarjeta
8319,133,4,2025-01-31 10:20:15,52.00,efectivo
8320,189,3,2025-01-31 10:23:50,32.50,tarjeta
8321,76,6,2025-01-31 10:25:09,125.40,tarjeta
8322,562,3,2025-01-31 10:30:19,32.00,efectivo
8323,254,3,2025-01-31 10:31:06,10.00,efectivo
8324,445,3,2025-01-31 10:32:20,26.95,tarjeta
8325,332,7,2025-01-31 10:34:15,118.50,efectivo
8326,572,3,2025-01-31 10:39:01,22.00,efectivo
8327,629,2,2025-01-31 10:39:37,15.50,tarjeta
8328,579,2,2025-01-31 10:45:05,42.45,tarjeta
8329,853,4,2025-01-31 10:45:50,68.00,efectivo
8330,207,4,2025-01-31 10:47:35,15.50,efectivo
8331,246,3,2025-01-31 10:48:21,84.00,tarjeta
8332,232,3,2025-01-31 10:49:51,51.45,efectivo
8333,760,10,2025-01-31 10:53:25,31.00,tarjeta
8334,267,2,2025-01-31 10:53:51,175.90,efectivo
8335,611,5,2025-01-31 10:54:21,34.00,efectivo
8336,481,9,2025-01-31 10:56:01,26.95,tarjeta
8337,974,4,2025-01-31 10:58:34,50.95,tarjeta
8338,117,8,2025-01-31 11:03:21,70.00,efectivo
8339,956,1,2025-01-31 11:04:41,124.00,efectivo
8340,807,8,2025-01-31 11:04:52,32.00,tarjeta
8341,251,7,2025-01-31 11:08:23,81.40,tarjeta
8342,645,9,2025-01-31 11:12:56,22.50,tarjeta
8343,674,5,2025-01-31 11:12:56,90.90,tarjeta
8344,891,7,2025-01-31 11:23:22,48.00,efectivo
8345,251,2,2025-01-31 11:26:05,10.95,tarjeta
8346,493,9,2025-01-31 11:28:13,45.30,tarjeta
8347,320,4,2025-01-31 11:29:07,76.85,tarjeta
8348,484,5,2025-01-31 11:31:50,164.00,tarjeta
8349,859,1,2025-01-31 11:34:00,44.95,tarjeta
8350,868,10,2025-01-31 11:40:35,38.90,tarjeta
8351,603,5,2025-01-31 11:49:21,80.45,tarjeta
8352,501,3,2025-01-31 11:50:29,82.45,efectivo
8353,907,6,2025-01-31 11:53:47,70.80,tarjeta
8354,37,1,2025-01-31 12:05:19,64.95,efectivo
8355,487,1,2025-01-31 12:16:27,60.90,tarjeta
8356,733,3,2025-01-31 12:18:41,63.95,tarjeta
8357,859,10,2025-01-31 12:24:17,82.90,tarjeta
8358,573,7,2025-01-31 12:25:39,120.80,efectivo
8359,813,2,2025-01-31 12:27:20,55.50,efectivo
8360,838,1,2025-01-31 12:31:17,45.00,tarjeta
8361,780,9,2025-01-31 12:33:52,90.40,tarjeta
8362,169,10,2025-01-31 12:35:34,23.50,efectivo
8363,724,1,2025-01-31 12:41:07,81.50,efectivo
8364,297,9,2025-01-31 12:42:01,144.80,efectivo
8365,411,10,2025-01-31 12:42:19,79.00,tarjeta
8366,131,10,2025-01-31 12:46:05,35.00,efectivo
8367,353,5,2025-01-31 12:47:51,82.50,efectivo
8368,225,3,2025-01-31 12:50:32,56.90,efectivo
8369,703,3,2025-01-31 13:00:10,85.80,tarjeta
8370,837,10,2025-01-31 13:02:16,90.50,efectivo
8371,802,6,2025-01-31 13:06:41,0.00,tarjeta
8372,660,5,2025-01-31 13:08:27,59.70,efectivo
8373,162,3,2025-01-31 13:11:58,61.80,tarjeta
8374,653,1,2025-01-31 13:14:02,70.90,efectivo
8375,351,4,2025-01-31 13:21:41,86.00,efectivo
8376,987,6,2025-01-31 13:30:16,12.00,efectivo
8377,324,8,2025-01-31 13:31:41,80.95,efectivo
8378,226,6,2025-01-31 13:40:54,79.45,efectivo
8379,159,1,2025-01-31 13:41:27,67.95,tarjeta
8380,977,8,2025-01-31 13:46:24,50.00,tarjeta
8381,802,4,2025-01-31 13:46:58,90.50,tarjeta
8382,219,7,2025-01-31 13:54:19,35.95,tarjeta
8383,745,2,2025-01-31 13:58:58,93.45,efectivo
8384,136,7,2025-01-31 14:00:54,55.50,efectivo
8385,930,5,2025-01-31 14:06:02,10.00,tarjeta
8386,51,6,2025-01-31 14:06:14,109.45,efectivo
8387,325,5,2025-01-31 14:08:47,35.00,efectivo
8388,797,10,2025-01-31 14:11:45,139.85,efectivo
8389,577,6,2025-01-31 14:11:48,37.30,tarjeta
8390,730,2,2025-01-31 14:11:55,85.90,efectivo
8391,211,10,2025-01-31 14:22:37,60.50,efectivo
8392,939,9,2025-01-31 14:26:53,33.45,efectivo
8393,157,9,2025-01-31 14:29:44,94.50,efectivo
8394,251,2,2025-01-31 14:34:01,47.00,tarjeta
8395,351,1,2025-01-31 14:35:37,160.80,efectivo
8396,594,2,2025-01-31 14:37:12,61.50,tarjeta
8397,971,8,2025-01-31 14:38:57,66.45,efectivo
8398,51,6,2025-01-31 14:44:28,130.95,efectivo
8399,201,2,2025-01-31 14:45:43,64.90,efectivo
8400,566,10,2025-01-31 14:46:36,35.95,tarjeta
8401,807,8,2025-01-31 14:47:25,60.45,tarjeta
8402,745,4,2025-01-31 14:49:24,65.45,efectivo
8403,23,8,2025-01-31 14:50:39,18.00,efectivo
8404,810,5,2025-01-31 14:58:55,82.00,tarjeta
8405,960,1,2025-01-31 14:59:34,26.00,tarjeta
8406,507,5,2025-01-31 14:59:44,94.80,efectivo
8407,757,5,2025-01-31 15:06:22,114.75,efectivo
8408,151,10,2025-01-31 15:07:50,86.95,tarjeta
8409,870,10,2025-01-31 15:08:24,113.50,tarjeta
8410,267,10,2025-01-31 15:09:03,109.90,tarjeta
8411,522,10,2025-01-31 15:15:32,143.90,efectivo
8412,479,6,2025-01-31 15:16:23,10.95,efectivo
8413,268,2,2025-01-31 15:32:51,99.95,tarjeta
8414,784,9,2025-01-31 15:35:15,52.95,efectivo
8415,42,7,2025-01-31 15:43:09,189.85,tarjeta
8416,625,1,2025-01-31 15:47:26,24.50,efectivo
8417,414,5,2025-01-31 15:51:55,142.45,tarjeta
8418,980,2,2025-01-31 15:53:35,54.00,efectivo
8419,845,7,2025-01-31 15:55:05,12.00,tarjeta
8420,6,6,2025-01-31 15:55:23,38.90,efectivo
8421,982,5,2025-01-31 16:02:35,0.00,tarjeta
8422,578,9,2025-01-31 16:07:05,80.95,tarjeta
8423,73,7,2025-01-31 16:08:35,47.50,tarjeta
8424,687,8,2025-01-31 16:12:34,32.00,tarjeta
8425,617,8,2025-01-31 16:15:08,35.95,tarjeta
8426,543,5,2025-01-31 16:17:08,18.00,tarjeta
8427,622,5,2025-01-31 16:18:54,35.95,efectivo
8428,781,6,2025-01-31 16:34:34,40.00,tarjeta
8429,873,8,2025-01-31 16:35:58,50.50,tarjeta
8430,738,6,2025-01-31 16:38:23,145.50,tarjeta
8431,333,5,2025-01-31 16:45:59,38.90,tarjeta
8432,653,3,2025-01-31 16:46:09,142.50,efectivo
8433,217,2,2025-01-31 16:54:39,15.50,tarjeta
8434,275,5,2025-01-31 17:01:36,117.80,efectivo
8435,557,2,2025-01-31 17:02:16,18.00,tarjeta
8436,651,5,2025-01-31 17:04:39,130.90,tarjeta
8437,644,9,2025-01-31 17:18:03,10.00,tarjeta
8438,203,10,2025-01-31 17:20:43,61.50,efectivo
8439,853,5,2025-01-31 17:21:03,106.00,tarjeta
8440,278,10,2025-01-31 17:25:54,153.95,tarjeta
8441,956,1,2025-01-31 17:33:11,24.70,tarjeta
8442,931,10,2025-01-31 17:45:10,100.50,efectivo
8443,959,6,2025-01-31 18:00:29,142.75,tarjeta
8444,113,10,2025-01-31 18:00:31,61.00,tarjeta
8445,724,3,2025-01-31 18:01:25,32.00,tarjeta
8446,871,1,2025-01-31 18:19:17,66.00,efectivo
8447,107,9,2025-01-31 18:29:25,85.90,tarjeta
8448,283,4,2025-01-31 18:33:23,24.95,tarjeta
8449,205,8,2025-01-31 18:37:32,180.70,efectivo
8450,591,10,2025-01-31 18:40:21,88.45,efectivo
8451,999,10,2025-01-31 18:46:30,26.00,efectivo
8452,333,4,2025-01-31 18:47:53,174.90,tarjeta
8453,730,3,2025-01-31 18:49:26,104.05,efectivo
8454,179,6,2025-01-31 18:50:33,54.45,efectivo
8455,788,8,2025-01-31 18:54:58,35.95,efectivo
8456,21,1,2025-01-31 18:57:38,41.50,efectivo
8457,50,9,2025-01-31 19:06:14,50.95,efectivo
8458,771,4,2025-01-31 19:19:40,101.50,efectivo
8459,660,10,2025-01-31 19:21:21,149.95,tarjeta
8460,841,4,2025-01-31 19:28:19,117.50,tarjeta
8461,913,4,2025-01-31 19:30:49,26.00,tarjeta
8462,262,3,2025-01-31 19:32:09,54.00,tarjeta
8463,927,4,2025-01-31 19:36:48,96.35,efectivo
8464,110,8,2025-01-31 19:49:28,29.50,tarjeta
8465,658,6,2025-01-31 19:52:28,61.00,efectivo
8466,420,3,2025-01-31 19:53:26,65.45,efectivo
8467,837,5,2025-01-31 19:55:34,115.35,tarjeta
8468,776,6,2025-01-31 19:58:16,61.95,tarjeta
8469,856,2,2025-01-31 19:58:32,66.75,efectivo
8470,104,4,2025-01-31 20:04:17,60.85,efectivo
8471,754,5,2025-01-31 20:06:16,35.00,efectivo
8472,891,4,2025-01-31 20:08:23,26.00,tarjeta
8473,524,6,2025-01-31 20:09:58,49.85,tarjeta
8474,610,6,2025-01-31 20:16:49,78.00,tarjeta
8475,529,4,2025-01-31 20:20:47,61.80,tarjeta
8476,724,10,2025-01-31 20:23:29,67.95,efectivo
8477,893,1,2025-01-31 20:24:35,44.35,efectivo
8478,378,10,2025-01-31 20:30:39,219.20,efectivo
8479,971,9,2025-01-31 20:32:58,64.90,tarjeta
8480,864,5,2025-01-31 20:39:12,55.50,efectivo
8481,299,6,2025-01-31 20:46:25,22.50,tarjeta
8482,271,2,2025-01-31 20:53:51,70.95,efectivo
8483,331,7,2025-01-31 20:55:02,51.45,tarjeta
8484,871,4,2025-01-31 20:56:36,15.50,tarjeta
8485,591,10,2025-01-31 20:57:15,36.00,efectivo
8486,816,1,2025-01-31 20:59:06,18.00,tarjeta
8487,151,5,2025-01-31 21:08:31,50.00,tarjeta
8488,113,10,2025-01-31 21:08:34,80.00,efectivo
8489,420,5,2025-01-31 21:12:58,61.00,tarjeta
8490,496,10,2025-01-31 21:14:34,64.50,efectivo
8491,498,5,2025-01-31 21:21:21,38.90,tarjeta
8492,225,6,2025-01-31 21:25:54,57.95,tarjeta
8493,289,9,2025-01-31 21:28:10,42.50,efectivo
8494,537,1,2025-01-31 21:28:30,112.50,tarjeta
8495,21,6,2025-01-31 21:49:28,82.50,efectivo
8496,898,10,2025-01-31 22:10:06,28.00,tarjeta
8497,615,7,2025-01-31 22:14:33,67.30,tarjeta
8498,911,9,2025-01-31 22:29:22,87.20,tarjeta
8499,855,7,2025-01-31 22:57:58,91.85,tarjeta
8500,794,9,2025-02-01 06:02:20,24.50,tarjeta
8501,373,8,2025-02-01 06:05:18,122.45,efectivo
8502,810,4,2025-02-01 06:08:18,56.90,efectivo
8503,374,10,2025-02-01 06:12:51,41.95,tarjeta
8504,803,1,2025-02-01 06:17:01,53.00,tarjeta
8505,77,5,2025-02-01 06:22:50,73.90,tarjeta
8506,98,10,2025-02-01 06:24:59,31.00,efectivo
8507,145,8,2025-02-01 06:25:56,107.90,efectivo
8508,292,2,2025-02-01 06:28:39,27.50,efectivo
8509,195,7,2025-02-01 06:29:37,38.95,efectivo
8510,677,10,2025-02-01 06:34:53,20.95,tarjeta
8511,738,4,2025-02-01 06:35:20,60.95,tarjeta
8512,89,1,2025-02-01 06:37:19,34.00,tarjeta
8513,748,6,2025-02-01 06:39:08,48.45,tarjeta
8514,405,9,2025-02-01 06:43:49,38.90,tarjeta
8515,2,7,2025-02-01 06:44:12,22.00,efectivo
8516,923,3,2025-02-01 06:45:42,31.00,efectivo
8517,421,8,2025-02-01 06:45:48,152.70,efectivo
8518,783,4,2025-02-01 06:49:02,24.50,efectivo
8519,520,7,2025-02-01 06:50:04,24.50,tarjeta
8520,771,3,2025-02-01 06:54:57,100.35,efectivo
8521,766,8,2025-02-01 06:56:55,60.45,efectivo
8522,29,7,2025-02-01 07:11:31,63.85,tarjeta
8523,795,2,2025-02-01 07:12:28,30.00,tarjeta
8524,660,3,2025-02-01 07:17:49,71.00,tarjeta
8525,994,6,2025-02-01 07:18:29,191.20,tarjeta
8526,445,6,2025-02-01 07:19:24,0.00,tarjeta
8527,81,1,2025-02-01 07:20:41,165.00,tarjeta
8528,579,1,2025-02-01 07:21:23,32.50,efectivo
8529,270,1,2025-02-01 07:22:22,57.95,tarjeta
8530,245,2,2025-02-01 07:22:42,73.50,tarjeta
8531,3,3,2025-02-01 07:25:39,149.90,tarjeta
8532,749,5,2025-02-01 07:33:34,51.45,tarjeta
8533,773,6,2025-02-01 07:34:00,35.45,efectivo
8534,579,1,2025-02-01 07:36:32,35.00,tarjeta
8535,260,6,2025-02-01 07:37:13,36.95,tarjeta
8536,242,10,2025-02-01 07:38:53,15.50,tarjeta
8537,721,7,2025-02-01 07:44:42,93.00,tarjeta
8538,314,3,2025-02-01 07:51:56,22.00,tarjeta
8539,98,4,2025-02-01 07:52:19,22.00,tarjeta
8540,391,3,2025-02-01 07:54:51,50.00,tarjeta
8541,506,4,2025-02-01 07:55:24,82.45,efectivo
8542,464,8,2025-02-01 07:55:49,37.50,tarjeta
8543,460,9,2025-02-01 07:57:57,22.00,efectivo
8544,185,4,2025-02-01 08:06:09,12.00,tarjeta
8545,588,9,2025-02-01 08:06:39,58.95,efectivo
8546,423,8,2025-02-01 08:11:24,15.50,efectivo
8547,170,6,2025-02-01 08:11:40,15.50,efectivo
8548,872,1,2025-02-01 08:12:47,24.50,tarjeta
8549,344,10,2025-02-01 08:18:35,24.50,efectivo
8550,848,8,2025-02-01 08:20:59,134.45,efectivo
8551,371,9,2025-02-01 08:30:09,149.30,tarjeta
8552,112,2,2025-02-01 08:31:25,42.50,efectivo
8553,579,6,2025-02-01 08:35:42,36.95,efectivo
8554,652,7,2025-02-01 08:35:53,49.00,tarjeta
8555,680,2,2025-02-01 08:39:16,32.95,tarjeta
8556,151,6,2025-02-01 08:42:05,100.35,tarjeta
8557,878,9,2025-02-01 08:45:15,39.00,tarjeta
8558,386,5,2025-02-01 08:45:19,69.50,efectivo
8559,112,5,2025-02-01 08:48:12,24.50,tarjeta
8560,867,8,2025-02-01 08:49:30,44.00,efectivo
8561,2,7,2025-02-01 08:51:22,24.50,efectivo
8562,418,1,2025-02-01 08:54:03,88.90,tarjeta
8563,100,4,2025-02-01 08:57:15,83.90,efectivo
8564,314,4,2025-02-01 08:58:27,10.00,tarjeta
8565,818,3,2025-02-01 08:59:45,12.00,efectivo
8566,377,6,2025-02-01 09:03:07,47.00,tarjeta
8567,95,2,2025-02-01 09:03:11,68.50,efectivo
8568,314,9,2025-02-01 09:03:38,36.50,tarjeta
8569,377,3,2025-02-01 09:05:22,48.95,efectivo
8570,29,5,2025-02-01 09:08:35,68.50,tarjeta
8571,801,2,2025-02-01 09:10:32,24.50,tarjeta
8572,79,8,2025-02-01 09:10:43,98.50,efectivo
8573,313,2,2025-02-01 09:12:05,24.50,tarjeta
8574,50,8,2025-02-01 09:13:24,110.80,efectivo
8575,380,8,2025-02-01 09:22:10,26.95,efectivo
8576,361,3,2025-02-01 09:23:13,48.95,efectivo
8577,755,10,2025-02-01 09:24:02,66.00,efectivo
8578,564,8,2025-02-01 09:27:13,57.45,efectivo
8579,584,10,2025-02-01 09:28:29,15.50,efectivo
8580,809,5,2025-02-01 09:28:37,90.95,efectivo
8581,69,2,2025-02-01 09:32:26,10.00,efectivo
8582,568,8,2025-02-01 09:41:41,26.95,efectivo
8583,167,10,2025-02-01 09:42:02,123.95,efectivo
8584,682,3,2025-02-01 09:42:13,123.95,tarjeta
8585,686,6,2025-02-01 09:42:53,139.35,tarjeta
8586,911,10,2025-02-01 09:43:33,159.90,tarjeta
8587,627,1,2025-02-01 09:52:22,200.75,tarjeta
8588,962,4,2025-02-01 09:56:28,22.00,efectivo
8589,911,3,2025-02-01 09:58:50,87.40,tarjeta
8590,318,4,2025-02-01 10:02:23,103.90,tarjeta
8591,827,9,2025-02-01 10:05:35,10.95,efectivo
8592,456,9,2025-02-01 10:07:44,93.00,efectivo
8593,799,4,2025-02-01 10:09:40,22.00,efectivo
8594,439,5,2025-02-01 10:12:13,59.50,efectivo
8595,899,3,2025-02-01 10:12:57,38.90,tarjeta
8596,373,8,2025-02-01 10:13:01,266.50,efectivo
8597,885,9,2025-02-01 10:13:17,31.00,tarjeta
8598,267,9,2025-02-01 10:22:12,97.85,tarjeta
8599,45,7,2025-02-01 10:22:42,42.95,efectivo
8600,967,5,2025-02-01 10:23:46,37.50,efectivo
8601,962,6,2025-02-01 10:24:28,12.35,efectivo
8602,712,10,2025-02-01 10:25:24,64.95,tarjeta
8603,259,5,2025-02-01 10:26:20,157.95,tarjeta
8604,671,3,2025-02-01 10:28:07,131.75,efectivo
8605,876,9,2025-02-01 10:32:49,111.00,tarjeta
8606,271,10,2025-02-01 10:35:50,67.00,tarjeta
8607,295,7,2025-02-01 10:39:58,55.50,efectivo
8608,808,10,2025-02-01 10:41:18,42.50,tarjeta
8609,713,9,2025-02-01 10:42:50,46.50,tarjeta
8610,63,6,2025-02-01 10:47:45,41.50,tarjeta
8611,133,7,2025-02-01 10:52:51,82.45,tarjeta
8612,370,6,2025-02-01 10:53:33,26.50,tarjeta
8613,664,3,2025-02-01 10:55:00,73.45,efectivo
8614,315,2,2025-02-01 10:56:36,26.95,tarjeta
8615,503,4,2025-02-01 11:06:02,67.50,tarjeta
8616,256,7,2025-02-01 11:13:42,58.00,efectivo
8617,692,4,2025-02-01 11:16:08,157.00,tarjeta
8618,76,1,2025-02-01 11:24:44,139.80,efectivo
8619,239,5,2025-02-01 11:25:07,125.95,tarjeta
8620,704,2,2025-02-01 11:40:18,8.00,efectivo
8621,367,3,2025-02-01 11:47:26,160.45,efectivo
8622,715,7,2025-02-01 12:06:02,107.00,tarjeta
8623,168,8,2025-02-01 12:06:20,125.30,tarjeta
8624,345,5,2025-02-01 12:14:16,66.00,tarjeta
8625,167,10,2025-02-01 12:21:00,185.90,tarjeta
8626,226,2,2025-02-01 12:27:03,35.95,tarjeta
8627,34,4,2025-02-01 12:31:22,18.00,tarjeta
8628,373,2,2025-02-01 12:38:40,111.35,tarjeta
8629,737,6,2025-02-01 12:40:36,105.50,efectivo
8630,823,2,2025-02-01 12:42:06,70.90,tarjeta
8631,203,3,2025-02-01 12:46:58,90.00,tarjeta
8632,860,4,2025-02-01 12:48:12,55.95,tarjeta
8633,186,10,2025-02-01 12:48:47,76.90,tarjeta
8634,35,3,2025-02-01 12:50:00,60.45,tarjeta
8635,381,1,2025-02-01 12:55:24,145.90,efectivo
8636,690,4,2025-02-01 12:57:23,53.95,tarjeta
8637,189,2,2025-02-01 12:57:46,51.95,tarjeta
8638,248,3,2025-02-01 13:02:23,189.20,efectivo
8639,809,3,2025-02-01 13:16:52,110.25,tarjeta
8640,826,7,2025-02-01 13:25:46,116.65,tarjeta
8641,431,2,2025-02-01 13:27:07,50.50,efectivo
8642,620,4,2025-02-01 13:31:03,89.00,efectivo
8643,259,6,2025-02-01 13:37:42,149.40,tarjeta
8644,681,9,2025-02-01 13:40:31,122.40,efectivo
8645,305,10,2025-02-01 13:51:56,40.85,tarjeta
8646,679,2,2025-02-01 14:06:38,31.00,tarjeta
8647,135,4,2025-02-01 14:10:22,51.00,efectivo
8648,43,1,2025-02-01 14:17:31,51.45,tarjeta
8649,498,6,2025-02-01 14:18:22,74.85,tarjeta
8650,813,8,2025-02-01 14:20:50,59.95,efectivo
8651,426,6,2025-02-01 14:27:31,114.85,efectivo
8652,443,7,2025-02-01 14:45:47,10.00,efectivo
8653,189,1,2025-02-01 14:46:57,50.00,tarjeta
8654,71,4,2025-02-01 14:59:51,22.50,tarjeta
8655,641,3,2025-02-01 15:06:07,182.40,tarjeta
8656,388,10,2025-02-01 15:10:06,67.00,efectivo
8657,550,10,2025-02-01 15:14:03,136.40,efectivo
8658,772,9,2025-02-01 15:26:12,10.95,tarjeta
8659,31,1,2025-02-01 15:28:27,108.80,tarjeta
8660,442,9,2025-02-01 15:31:48,10.95,efectivo
8661,771,9,2025-02-01 15:41:02,152.50,efectivo
8662,525,8,2025-02-01 16:00:40,78.50,tarjeta
8663,887,4,2025-02-01 16:20:12,139.80,efectivo
8664,490,9,2025-02-01 16:22:48,83.00,tarjeta
8665,717,5,2025-02-01 16:26:47,189.80,tarjeta
8666,148,8,2025-02-01 16:48:13,22.00,efectivo
8667,79,2,2025-02-01 16:56:08,86.85,tarjeta
8668,205,8,2025-02-01 17:00:13,28.50,tarjeta
8669,548,9,2025-02-01 17:04:21,29.50,tarjeta
8670,97,9,2025-02-01 17:09:50,47.00,tarjeta
8671,146,7,2025-02-01 17:17:07,42.95,tarjeta
8672,610,4,2025-02-01 17:17:37,85.95,tarjeta
8673,71,9,2025-02-01 17:20:41,43.00,tarjeta
8674,797,1,2025-02-01 17:20:46,141.30,tarjeta
8675,147,3,2025-02-01 17:25:19,26.95,efectivo
8676,822,5,2025-02-01 17:26:40,97.95,tarjeta
8677,762,10,2025-02-01 17:31:03,15.50,efectivo
8678,414,1,2025-02-01 17:36:25,139.35,tarjeta
8679,259,2,2025-02-01 17:45:35,60.90,tarjeta
8680,455,10,2025-02-01 17:49:11,19.95,efectivo
8681,690,1,2025-02-01 17:50:40,132.00,efectivo
8682,631,8,2025-02-01 17:51:08,10.95,tarjeta
8683,933,1,2025-02-01 17:51:29,122.50,tarjeta
8684,810,7,2025-02-01 17:56:37,100.00,efectivo
8685,134,5,2025-02-01 18:14:51,57.85,efectivo
8686,721,10,2025-02-01 18:20:35,89.95,tarjeta
8687,706,9,2025-02-01 18:21:10,45.95,tarjeta
8688,585,5,2025-02-01 18:35:23,64.25,tarjeta
8689,323,9,2025-02-01 18:58:26,122.85,tarjeta
8690,752,5,2025-02-01 19:10:16,88.95,efectivo
8691,694,3,2025-02-01 19:18:42,174.20,efectivo
8692,910,7,2025-02-01 19:29:04,19.95,efectivo
8693,411,2,2025-02-01 19:42:45,86.95,efectivo
8694,99,10,2025-02-01 19:46:29,34.50,efectivo
8695,180,1,2025-02-01 19:48:35,113.80,efectivo
8696,372,4,2025-02-01 19:49:03,18.00,tarjeta
8697,654,8,2025-02-01 19:58:39,56.80,tarjeta
8698,269,2,2025-02-01 20:09:12,19.95,efectivo
8699,716,10,2025-02-01 20:10:33,64.50,efectivo
8700,3,10,2025-02-01 20:18:57,53.95,tarjeta
8701,891,1,2025-02-01 20:22:45,58.45,efectivo
8702,376,6,2025-02-01 20:23:43,31.00,efectivo
8703,71,6,2025-02-01 20:32:39,136.15,tarjeta
8704,738,7,2025-02-01 20:40:34,46.90,efectivo
8705,507,4,2025-02-01 20:46:07,166.70,tarjeta
8706,704,10,2025-02-01 21:02:12,42.50,efectivo
8707,379,1,2025-02-01 21:20:59,113.90,efectivo
8708,454,5,2025-02-01 21:25:25,164.40,efectivo
8709,299,6,2025-02-01 21:38:47,49.00,tarjeta
8710,414,5,2025-02-01 21:52:16,168.85,efectivo
8711,193,4,2025-02-01 21:56:12,49.00,efectivo
8712,65,1,2025-02-01 21:56:43,110.85,efectivo
8713,936,3,2025-02-01 21:58:19,62.90,tarjeta
8714,610,5,2025-02-01 22:11:29,55.95,efectivo
8715,151,8,2025-02-01 22:37:12,54.85,tarjeta
8716,332,4,2025-02-01 22:51:26,65.45,efectivo
8717,390,1,2025-02-01 22:57:03,0.00,efectivo
8718,208,8,2025-02-01 22:59:49,57.00,efectivo
8719,189,1,2025-02-02 06:13:11,32.95,efectivo
8720,921,5,2025-02-02 06:14:36,50.90,efectivo
8721,130,2,2025-02-02 06:15:47,111.80,efectivo
8722,899,10,2025-02-02 06:18:07,77.45,tarjeta
8723,854,9,2025-02-02 06:20:46,43.00,efectivo
8724,36,10,2025-02-02 06:23:16,81.95,efectivo
8725,260,4,2025-02-02 06:25:18,52.45,efectivo
8726,964,4,2025-02-02 06:25:18,49.50,tarjeta
8727,123,8,2025-02-02 06:26:16,103.95,tarjeta
8728,270,5,2025-02-02 06:27:52,35.45,efectivo
8729,143,10,2025-02-02 06:28:03,44.95,tarjeta
8730,799,1,2025-02-02 06:29:11,51.95,efectivo
8731,226,3,2025-02-02 06:32:02,58.50,tarjeta
8732,301,8,2025-02-02 06:33:51,111.40,efectivo
8733,275,10,2025-02-02 06:34:11,97.45,tarjeta
8734,31,10,2025-02-02 06:35:20,95.50,tarjeta
8735,394,6,2025-02-02 06:36:00,26.95,tarjeta
8736,464,6,2025-02-02 06:36:52,12.00,tarjeta
8737,599,10,2025-02-02 06:43:29,8.00,efectivo
8738,446,6,2025-02-02 06:44:09,10.95,efectivo
8739,113,9,2025-02-02 06:44:41,87.45,efectivo
8740,760,10,2025-02-02 06:45:07,22.00,tarjeta
8741,753,6,2025-02-02 06:45:10,18.00,efectivo
8742,563,5,2025-02-02 06:49:38,12.00,efectivo
8743,195,6,2025-02-02 06:53:07,41.95,tarjeta
8744,36,5,2025-02-02 06:56:13,46.95,tarjeta
8745,460,6,2025-02-02 07:01:46,69.45,efectivo
8746,45,1,2025-02-02 07:03:02,77.50,tarjeta
8747,281,5,2025-02-02 07:05:07,26.95,tarjeta
8748,494,1,2025-02-02 07:13:54,26.95,efectivo
8749,460,8,2025-02-02 07:15:21,36.45,efectivo
8750,322,5,2025-02-02 07:15:55,26.95,tarjeta
8751,83,2,2025-02-02 07:16:42,76.35,efectivo
8752,881,3,2025-02-02 07:17:50,24.95,efectivo
8753,185,7,2025-02-02 07:35:13,29.50,tarjeta
8754,564,3,2025-02-02 07:37:00,12.00,efectivo
8755,489,9,2025-02-02 07:39:26,87.50,efectivo
8756,242,10,2025-02-02 07:41:56,90.90,tarjeta
8757,450,5,2025-02-02 07:47:08,123.45,tarjeta
8758,254,1,2025-02-02 07:49:32,82.45,efectivo
8759,392,10,2025-02-02 07:52:08,34.00,efectivo
8760,974,4,2025-02-02 07:53:04,22.00,tarjeta
8761,339,3,2025-02-02 07:57:59,120.40,tarjeta
8762,983,10,2025-02-02 07:59:26,26.95,tarjeta
8763,276,1,2025-02-02 08:07:27,44.00,tarjeta
8764,655,3,2025-02-02 08:08:02,138.00,tarjeta
8765,799,1,2025-02-02 08:08:59,66.45,efectivo
8766,611,7,2025-02-02 08:14:04,12.35,tarjeta
8767,350,3,2025-02-02 08:19:06,26.45,tarjeta
8768,848,8,2025-02-02 08:23:42,96.70,efectivo
8769,98,7,2025-02-02 08:24:10,22.00,tarjeta
8770,856,7,2025-02-02 08:25:30,109.40,tarjeta
8771,217,2,2025-02-02 08:25:32,36.50,tarjeta
8772,42,6,2025-02-02 08:27:52,24.95,tarjeta
8773,953,3,2025-02-02 08:31:08,27.50,efectivo
8774,28,2,2025-02-02 08:32:43,46.50,tarjeta
8775,835,3,2025-02-02 08:32:55,147.95,tarjeta
8776,315,9,2025-02-02 08:33:06,48.95,tarjeta
8777,38,9,2025-02-02 08:35:19,79.95,efectivo
8778,887,6,2025-02-02 08:42:28,169.40,efectivo
8779,633,4,2025-02-02 08:43:27,32.95,efectivo
8780,554,3,2025-02-02 08:44:05,60.50,tarjeta
8781,27,2,2025-02-02 08:44:43,12.00,efectivo
8782,207,7,2025-02-02 08:54:33,24.50,tarjeta
8783,995,7,2025-02-02 08:54:35,220.30,tarjeta
8784,975,6,2025-02-02 09:01:49,24.50,efectivo
8785,280,4,2025-02-02 09:03:20,26.95,tarjeta
8786,899,10,2025-02-02 09:05:58,77.50,efectivo
8787,561,1,2025-02-02 09:11:22,114.75,efectivo
8788,206,8,2025-02-02 09:11:48,62.00,tarjeta
8789,50,5,2025-02-02 09:16:22,119.45,tarjeta
8790,533,5,2025-02-02 09:20:30,24.50,efectivo
8791,241,3,2025-02-02 09:24:52,49.45,tarjeta
8792,619,9,2025-02-02 09:25:17,143.50,tarjeta
8793,423,7,2025-02-02 09:31:29,49.85,tarjeta
8794,739,6,2025-02-02 09:32:17,24.50,tarjeta
8795,717,4,2025-02-02 09:32:31,60.50,efectivo
8796,630,8,2025-02-02 09:33:52,63.80,efectivo
8797,872,5,2025-02-02 09:34:56,47.50,tarjeta
8798,731,10,2025-02-02 09:34:58,53.45,tarjeta
8799,975,1,2025-02-02 09:37:49,49.85,tarjeta
8800,915,5,2025-02-02 09:38:43,46.50,efectivo
8801,763,1,2025-02-02 09:39:55,50.95,efectivo
8802,872,6,2025-02-02 09:50:13,37.90,tarjeta
8803,109,3,2025-02-02 09:59:20,124.90,tarjeta
8804,314,4,2025-02-02 10:05:18,53.00,tarjeta
8805,344,1,2025-02-02 10:06:32,47.00,tarjeta
8806,465,2,2025-02-02 10:08:59,81.00,tarjeta
8807,288,9,2025-02-02 10:09:17,51.45,efectivo
8808,177,3,2025-02-02 10:16:11,12.00,tarjeta
8809,183,7,2025-02-02 10:19:31,22.00,tarjeta
8810,902,9,2025-02-02 10:20:36,26.45,tarjeta
8811,542,4,2025-02-02 10:26:23,37.50,tarjeta
8812,765,6,2025-02-02 10:29:21,10.95,tarjeta
8813,90,4,2025-02-02 10:35:53,89.95,efectivo
8814,93,10,2025-02-02 10:41:14,38.95,efectivo
8815,822,7,2025-02-02 10:44:02,157.40,efectivo
8816,675,6,2025-02-02 10:45:14,35.95,efectivo
8817,18,10,2025-02-02 10:46:32,10.95,efectivo
8818,614,3,2025-02-02 10:58:43,27.50,tarjeta
8819,710,7,2025-02-02 11:04:26,75.95,tarjeta
8820,349,5,2025-02-02 11:07:48,22.00,tarjeta
8821,757,8,2025-02-02 11:08:43,128.80,tarjeta
8822,913,7,2025-02-02 11:20:33,45.00,efectivo
8823,451,5,2025-02-02 11:25:54,115.85,efectivo
8824,653,1,2025-02-02 11:26:03,102.95,tarjeta
8825,836,6,2025-02-02 11:30:07,76.95,tarjeta
8826,743,9,2025-02-02 11:30:56,56.50,efectivo
8827,61,4,2025-02-02 11:31:06,40.00,efectivo
8828,882,8,2025-02-02 11:32:45,78.50,efectivo
8829,268,6,2025-02-02 11:32:48,46.50,tarjeta
8830,379,9,2025-02-02 11:43:20,71.95,efectivo
8831,150,3,2025-02-02 11:44:33,92.00,tarjeta
8832,72,7,2025-02-02 12:04:55,47.50,tarjeta
8833,276,8,2025-02-02 12:04:55,22.00,efectivo
8834,227,10,2025-02-02 12:05:02,26.00,tarjeta
8835,22,8,2025-02-02 12:07:25,99.90,tarjeta
8836,240,4,2025-02-02 12:09:56,56.90,tarjeta
8837,283,9,2025-02-02 12:11:38,60.90,efectivo
8838,451,5,2025-02-02 12:19:49,99.75,tarjeta
8839,958,4,2025-02-02 12:23:21,18.00,efectivo
8840,165,6,2025-02-02 12:27:47,35.95,tarjeta
8841,877,4,2025-02-02 12:40:49,40.50,tarjeta
8842,729,7,2025-02-02 12:49:45,197.80,tarjeta
8843,130,9,2025-02-02 12:56:14,96.45,tarjeta
8844,463,4,2025-02-02 13:14:04,40.45,efectivo
8845,839,1,2025-02-02 13:19:37,85.40,efectivo
8846,285,2,2025-02-02 13:21:20,73.40,tarjeta
8847,345,2,2025-02-02 13:33:00,61.00,efectivo
8848,163,1,2025-02-02 13:38:30,61.00,tarjeta
8849,236,3,2025-02-02 13:40:30,197.30,efectivo
8850,472,6,2025-02-02 13:44:05,99.85,tarjeta
8851,458,1,2025-02-02 13:54:50,60.95,efectivo
8852,75,2,2025-02-02 13:55:53,101.95,tarjeta
8853,815,3,2025-02-02 13:56:27,54.00,efectivo
8854,715,7,2025-02-02 13:59:27,62.50,tarjeta
8855,142,6,2025-02-02 14:14:32,58.00,tarjeta
8856,205,8,2025-02-02 14:15:22,213.60,efectivo
8857,570,10,2025-02-02 14:19:53,105.90,efectivo
8858,67,5,2025-02-02 14:24:47,160.00,efectivo
8859,865,2,2025-02-02 14:25:37,202.75,tarjeta
8860,973,7,2025-02-02 14:33:45,51.50,efectivo
8861,264,4,2025-02-02 14:36:16,101.00,tarjeta
8862,573,4,2025-02-02 14:48:06,50.00,efectivo
8863,943,1,2025-02-02 14:51:04,80.50,efectivo
8864,653,6,2025-02-02 14:55:27,62.00,efectivo
8865,426,2,2025-02-02 14:57:40,120.75,tarjeta
8866,416,9,2025-02-02 15:13:36,74.85,efectivo
8867,24,8,2025-02-02 15:16:51,169.00,efectivo
8868,943,5,2025-02-02 15:24:18,84.95,tarjeta
8869,363,6,2025-02-02 15:31:16,184.70,tarjeta
8870,816,5,2025-02-02 15:34:10,94.50,tarjeta
8871,879,10,2025-02-02 15:38:39,97.35,efectivo
8872,259,3,2025-02-02 15:47:07,88.90,tarjeta
8873,73,6,2025-02-02 15:49:38,88.95,efectivo
8874,845,9,2025-02-02 15:53:33,40.45,efectivo
8875,966,3,2025-02-02 15:57:02,59.95,efectivo
8876,104,5,2025-02-02 16:04:01,73.50,tarjeta
8877,634,2,2025-02-02 16:04:24,152.70,efectivo
8878,59,5,2025-02-02 16:09:39,16.50,tarjeta
8879,892,10,2025-02-02 16:43:51,71.95,efectivo
8880,927,8,2025-02-02 16:45:46,48.00,tarjeta
8881,993,6,2025-02-02 16:47:36,35.00,tarjeta
8882,961,3,2025-02-02 16:48:50,50.50,efectivo
8883,490,9,2025-02-02 16:51:15,157.45,tarjeta
8884,876,7,2025-02-02 16:55:58,89.15,efectivo
8885,11,10,2025-02-02 16:56:04,127.50,efectivo
8886,67,9,2025-02-02 16:57:53,162.85,efectivo
8887,337,8,2025-02-02 16:59:55,29.50,tarjeta
8888,694,2,2025-02-02 17:13:50,84.90,efectivo
8889,634,7,2025-02-02 17:16:41,130.85,tarjeta
8890,193,10,2025-02-02 17:24:07,166.85,efectivo
8891,816,10,2025-02-02 17:30:01,101.15,tarjeta
8892,694,1,2025-02-02 17:38:27,86.00,efectivo
8893,656,1,2025-02-02 17:43:15,10.00,tarjeta
8894,434,5,2025-02-02 17:48:05,124.90,efectivo
8895,306,5,2025-02-02 17:50:16,39.00,efectivo
8896,653,5,2025-02-02 17:52:36,177.00,tarjeta
8897,275,4,2025-02-02 18:02:43,70.90,tarjeta
8898,927,3,2025-02-02 18:04:04,188.65,efectivo
8899,94,6,2025-02-02 18:04:43,12.35,tarjeta
8900,952,7,2025-02-02 18:11:10,97.00,efectivo
8901,924,5,2025-02-02 18:30:56,91.90,tarjeta
8902,671,7,2025-02-02 18:33:40,149.75,efectivo
8903,140,4,2025-02-02 18:34:04,29.50,tarjeta
8904,135,3,2025-02-02 18:38:12,42.45,tarjeta
8905,476,3,2025-02-02 18:53:08,12.00,tarjeta
8906,927,5,2025-02-02 19:10:28,121.95,tarjeta
8907,752,6,2025-02-02 19:16:16,140.95,efectivo
8908,404,1,2025-02-02 19:17:23,74.85,efectivo
8909,546,4,2025-02-02 19:19:02,204.45,tarjeta
8910,885,5,2025-02-02 19:24:05,58.50,efectivo
8911,273,8,2025-02-02 19:27:40,130.40,efectivo
8912,948,9,2025-02-02 19:43:22,33.50,tarjeta
8913,372,4,2025-02-02 19:53:41,71.95,efectivo
8914,726,6,2025-02-02 19:59:56,96.50,efectivo
8915,186,5,2025-02-02 20:04:35,102.30,efectivo
8916,661,1,2025-02-02 20:14:34,60.60,efectivo
8917,555,10,2025-02-02 20:14:46,126.40,tarjeta
8918,960,7,2025-02-02 20:17:35,52.95,tarjeta
8919,641,10,2025-02-02 20:21:54,98.30,efectivo
8920,104,4,2025-02-02 20:35:01,128.80,efectivo
8921,323,9,2025-02-02 20:39:16,98.35,efectivo
8922,714,7,2025-02-02 20:42:08,96.95,tarjeta
8923,676,3,2025-02-02 20:49:45,108.50,efectivo
8924,146,3,2025-02-02 20:51:36,149.50,tarjeta
8925,678,5,2025-02-02 20:57:08,22.50,efectivo
8926,318,1,2025-02-02 20:59:03,60.90,efectivo
8927,851,7,2025-02-02 21:11:35,65.00,efectivo
8928,262,4,2025-02-02 21:17:28,123.45,tarjeta
8929,641,9,2025-02-02 21:18:41,124.50,tarjeta
8930,239,9,2025-02-02 21:24:10,107.00,efectivo
8931,482,3,2025-02-02 21:27:30,128.90,tarjeta
8932,453,5,2025-02-02 21:33:27,90.00,tarjeta
8933,663,10,2025-02-02 21:38:00,181.00,tarjeta
8934,426,1,2025-02-02 21:45:40,50.00,tarjeta
8935,466,7,2025-02-02 21:48:46,107.30,efectivo
8936,35,5,2025-02-02 21:54:00,95.50,efectivo
8937,323,2,2025-02-02 21:58:45,204.40,tarjeta
8938,585,2,2025-02-02 22:29:59,79.00,tarjeta
8939,824,6,2025-02-02 22:32:49,117.85,tarjeta
8940,433,9,2025-02-02 22:40:53,110.40,tarjeta
8941,363,3,2025-02-02 22:41:55,56.90,efectivo
8942,273,2,2025-02-02 22:44:50,141.95,efectivo
8943,951,6,2025-02-02 22:54:55,39.50,efectivo
8944,743,10,2025-02-02 22:56:41,97.00,tarjeta
8945,286,2,2025-02-02 22:57:05,39.45,tarjeta
8946,962,1,2025-02-03 06:09:13,36.50,efectivo
8947,706,8,2025-02-03 06:09:32,10.95,tarjeta
8948,642,5,2025-02-03 06:19:43,85.95,tarjeta
8949,314,7,2025-02-03 06:19:51,10.95,tarjeta
8950,691,2,2025-02-03 06:21:45,31.00,tarjeta
8951,753,4,2025-02-03 06:23:43,46.50,efectivo
8952,652,1,2025-02-03 06:26:50,57.00,tarjeta
8953,643,8,2025-02-03 06:27:37,12.00,efectivo
8954,903,6,2025-02-03 06:29:22,110.00,efectivo
8955,872,9,2025-02-03 06:30:31,22.00,tarjeta
8956,196,9,2025-02-03 06:30:50,55.50,tarjeta
8957,250,10,2025-02-03 06:34:46,80.45,efectivo
8958,872,6,2025-02-03 06:38:46,24.50,tarjeta
8959,356,9,2025-02-03 06:42:06,24.50,efectivo
8960,505,8,2025-02-03 06:42:42,10.95,tarjeta
8961,867,10,2025-02-03 06:51:15,34.95,tarjeta
8962,11,7,2025-02-03 06:52:30,74.85,efectivo
8963,280,4,2025-02-03 06:53:52,24.50,efectivo
8964,292,4,2025-02-03 06:56:22,41.95,efectivo
8965,763,8,2025-02-03 07:05:03,54.95,tarjeta
8966,465,7,2025-02-03 07:06:18,42.95,tarjeta
8967,233,4,2025-02-03 07:18:07,36.95,tarjeta
8968,542,5,2025-02-03 07:19:30,26.45,efectivo
8969,186,1,2025-02-03 07:22:34,109.85,tarjeta
8970,766,5,2025-02-03 07:27:03,0.00,efectivo
8971,461,7,2025-02-03 07:28:26,29.50,efectivo
8972,755,2,2025-02-03 07:29:30,26.95,tarjeta
8973,468,5,2025-02-03 07:32:24,46.50,tarjeta
8974,284,9,2025-02-03 07:40:23,31.00,tarjeta
8975,926,5,2025-02-03 07:44:23,157.70,efectivo
8976,697,3,2025-02-03 07:47:05,69.90,efectivo
8977,586,3,2025-02-03 07:49:09,26.95,tarjeta
8978,698,8,2025-02-03 07:50:27,19.95,tarjeta
8979,217,4,2025-02-03 07:50:44,77.50,efectivo
8980,234,1,2025-02-03 07:51:07,46.90,efectivo
8981,464,6,2025-02-03 07:53:27,34.50,efectivo
8982,8,2,2025-02-03 07:56:19,110.85,efectivo
8983,542,2,2025-02-03 07:58:39,83.50,tarjeta
8984,712,10,2025-02-03 07:59:07,46.50,efectivo
8985,744,10,2025-02-03 07:59:47,12.00,efectivo
8986,564,3,2025-02-03 08:00:51,69.95,tarjeta
8987,84,8,2025-02-03 08:02:22,26.50,efectivo
8988,41,1,2025-02-03 08:10:33,53.00,tarjeta
8989,612,9,2025-02-03 08:11:50,143.90,efectivo
8990,697,6,2025-02-03 08:13:17,85.95,tarjeta
8991,273,10,2025-02-03 08:23:21,84.45,tarjeta
8992,702,10,2025-02-03 08:24:32,12.00,tarjeta
8993,732,1,2025-02-03 08:26:27,35.95,efectivo
8994,979,2,2025-02-03 08:29:31,12.00,efectivo
8995,847,9,2025-02-03 08:34:57,22.00,tarjeta
8996,563,10,2025-02-03 08:36:11,34.00,efectivo
8997,548,3,2025-02-03 08:36:47,80.95,efectivo
8998,707,6,2025-02-03 08:36:54,44.50,efectivo
8999,378,8,2025-02-03 08:40:03,74.85,tarjeta
9000,853,2,2025-02-03 08:40:20,81.85,tarjeta
9001,713,9,2025-02-03 08:44:22,22.00,tarjeta
9002,924,9,2025-02-03 08:46:02,115.50,efectivo
9003,351,7,2025-02-03 08:47:53,112.95,tarjeta
9004,712,9,2025-02-03 08:47:55,57.00,efectivo
9005,222,4,2025-02-03 08:55:12,73.45,tarjeta
9006,461,10,2025-02-03 09:01:35,55.50,efectivo
9007,218,6,2025-02-03 09:02:40,12.00,efectivo
9008,232,4,2025-02-03 09:02:51,55.50,tarjeta
9009,475,10,2025-02-03 09:04:10,10.95,efectivo
9010,242,5,2025-02-03 09:04:15,55.45,efectivo
9011,592,2,2025-02-03 09:06:31,22.50,efectivo
9012,653,2,2025-02-03 09:10:53,103.50,tarjeta
9013,713,10,2025-02-03 09:10:53,55.45,efectivo
9014,850,8,2025-02-03 09:11:18,10.00,efectivo
9015,876,6,2025-02-03 09:14:09,92.45,tarjeta
9016,466,10,2025-02-03 09:14:26,100.50,tarjeta
9017,584,8,2025-02-03 09:16:30,46.50,efectivo
9018,979,4,2025-02-03 09:23:14,8.00,efectivo
9019,281,8,2025-02-03 09:26:34,22.00,efectivo
9020,755,10,2025-02-03 09:28:12,10.95,tarjeta
9021,706,1,2025-02-03 09:28:22,58.50,tarjeta
9022,902,3,2025-02-03 09:29:57,24.50,tarjeta
9023,171,3,2025-02-03 09:34:05,32.95,efectivo
9024,95,7,2025-02-03 09:39:01,55.50,efectivo
9025,579,8,2025-02-03 09:39:10,25.50,tarjeta
9026,777,9,2025-02-03 09:40:30,26.95,efectivo
9027,239,4,2025-02-03 09:42:17,112.40,tarjeta
9028,460,2,2025-02-03 09:42:53,41.45,tarjeta
9029,777,7,2025-02-03 09:45:42,77.90,tarjeta
9030,890,2,2025-02-03 09:50:01,26.00,efectivo
9031,356,3,2025-02-03 09:53:10,28.50,efectivo
9032,160,4,2025-02-03 09:55:30,22.50,efectivo
9033,885,4,2025-02-03 10:02:10,35.00,tarjeta
9034,749,4,2025-02-03 10:03:24,32.95,efectivo
9035,681,9,2025-02-03 10:03:32,192.45,tarjeta
9036,172,10,2025-02-03 10:04:26,42.45,efectivo
9037,748,4,2025-02-03 10:05:12,40.45,tarjeta
9038,339,1,2025-02-03 10:06:14,133.35,tarjeta
9039,574,7,2025-02-03 10:10:36,10.95,tarjeta
9040,997,10,2025-02-03 10:13:59,48.30,efectivo
9041,485,1,2025-02-03 10:15:32,26.95,efectivo
9042,797,5,2025-02-03 10:17:49,92.50,tarjeta
9043,356,1,2025-02-03 10:18:21,48.95,tarjeta
9044,915,9,2025-02-03 10:19:46,52.45,tarjeta
9045,974,7,2025-02-03 10:20:49,26.95,efectivo
9046,664,5,2025-02-03 10:23:25,85.80,tarjeta
9047,103,7,2025-02-03 10:25:25,41.00,tarjeta
9048,145,10,2025-02-03 10:31:07,96.75,tarjeta
9049,85,3,2025-02-03 10:31:26,30.90,tarjeta
9050,489,7,2025-02-03 10:36:53,0.00,efectivo
9051,873,2,2025-02-03 10:39:25,63.95,tarjeta
9052,477,7,2025-02-03 10:40:11,12.00,efectivo
9053,143,10,2025-02-03 10:46:22,24.50,tarjeta
9054,803,6,2025-02-03 10:47:06,31.00,efectivo
9055,975,6,2025-02-03 10:48:02,31.00,tarjeta
9056,738,10,2025-02-03 10:53:22,106.00,tarjeta
9057,335,8,2025-02-03 10:58:08,56.50,tarjeta
9058,284,4,2025-02-03 10:58:32,27.50,tarjeta
9059,197,6,2025-02-03 10:59:42,10.95,tarjeta
9060,117,9,2025-02-03 11:09:27,18.00,efectivo
9061,240,6,2025-02-03 11:09:52,102.45,tarjeta
9062,876,10,2025-02-03 11:12:10,92.00,tarjeta
9063,130,6,2025-02-03 11:32:36,120.50,efectivo
9064,721,7,2025-02-03 11:33:24,16.50,efectivo
9065,208,8,2025-02-03 11:42:31,206.80,tarjeta
9066,107,9,2025-02-03 11:45:52,84.95,tarjeta
9067,774,3,2025-02-03 11:50:57,29.50,efectivo
9068,73,4,2025-02-03 11:57:43,12.00,efectivo
9069,53,7,2025-02-03 11:59:52,26.00,efectivo
9070,553,4,2025-02-03 12:02:29,173.30,tarjeta
9071,640,9,2025-02-03 12:07:21,40.50,efectivo
9072,640,7,2025-02-03 12:11:01,63.85,efectivo
9073,476,1,2025-02-03 12:13:19,219.45,efectivo
9074,291,4,2025-02-03 12:18:36,90.50,efectivo
9075,372,3,2025-02-03 12:32:10,103.90,efectivo
9076,708,6,2025-02-03 12:41:20,31.00,efectivo
9077,768,1,2025-02-03 12:47:28,24.50,tarjeta
9078,612,10,2025-02-03 12:52:30,127.90,efectivo
9079,672,3,2025-02-03 12:54:22,200.35,tarjeta
9080,503,10,2025-02-03 13:06:40,62.85,efectivo
9081,717,4,2025-02-03 13:28:04,68.50,tarjeta
9082,806,7,2025-02-03 13:31:51,147.00,efectivo
9083,42,3,2025-02-03 13:38:21,88.95,efectivo
9084,378,2,2025-02-03 13:38:49,59.25,tarjeta
9085,499,7,2025-02-03 13:47:48,91.35,efectivo
9086,913,7,2025-02-03 13:52:23,19.95,tarjeta
9087,348,3,2025-02-03 13:58:22,90.45,efectivo
9088,345,1,2025-02-03 13:59:55,55.50,tarjeta
9089,870,8,2025-02-03 14:10:27,86.40,tarjeta
9090,465,3,2025-02-03 14:11:33,95.80,efectivo
9091,42,8,2025-02-03 14:15:05,132.85,tarjeta
9092,884,7,2025-02-03 14:28:48,103.00,efectivo
9093,53,5,2025-02-03 14:29:55,40.50,tarjeta
9094,851,10,2025-02-03 14:31:26,109.95,tarjeta
9095,581,1,2025-02-03 14:32:14,44.00,tarjeta
9096,417,10,2025-02-03 14:37:55,15.50,efectivo
9097,221,8,2025-02-03 14:38:59,43.00,efectivo
9098,80,7,2025-02-03 14:41:24,93.40,efectivo
9099,378,10,2025-02-03 14:44:32,43.00,tarjeta
9100,701,9,2025-02-03 14:50:33,195.65,efectivo
9101,205,1,2025-02-03 14:54:33,132.45,tarjeta
9102,757,10,2025-02-03 14:55:18,128.95,efectivo
9103,82,3,2025-02-03 15:01:25,12.00,tarjeta
9104,831,10,2025-02-03 15:03:08,198.40,efectivo
9105,780,9,2025-02-03 15:11:22,35.00,tarjeta
9106,320,9,2025-02-03 15:17:16,45.95,efectivo
9107,389,8,2025-02-03 15:18:09,131.75,efectivo
9108,653,10,2025-02-03 15:22:54,82.35,tarjeta
9109,839,3,2025-02-03 15:22:57,141.95,tarjeta
9110,999,1,2025-02-03 15:23:34,99.50,tarjeta
9111,694,6,2025-02-03 15:28:15,65.90,efectivo
9112,79,8,2025-02-03 15:28:32,35.00,efectivo
9113,126,2,2025-02-03 15:33:42,16.50,tarjeta
9114,811,5,2025-02-03 15:36:06,22.50,efectivo
9115,849,10,2025-02-03 15:41:08,69.90,tarjeta
9116,111,5,2025-02-03 15:44:22,91.85,tarjeta
9117,500,1,2025-02-03 15:48:21,137.95,tarjeta
9118,540,9,2025-02-03 15:48:30,92.85,efectivo
9119,471,5,2025-02-03 16:09:27,126.85,efectivo
9120,404,5,2025-02-03 16:11:33,156.90,tarjeta
9121,724,5,2025-02-03 16:13:31,60.95,tarjeta
9122,570,9,2025-02-03 16:21:38,36.00,tarjeta
9123,698,4,2025-02-03 16:22:10,125.00,efectivo
9124,659,10,2025-02-03 16:24:56,93.90,efectivo
9125,647,5,2025-02-03 16:31:15,15.50,efectivo
9126,686,1,2025-02-03 16:35:40,77.80,efectivo
9127,234,10,2025-02-03 16:40:03,54.00,efectivo
9128,399,5,2025-02-03 16:41:01,28.50,efectivo
9129,76,7,2025-02-03 16:41:11,133.25,efectivo
9130,927,7,2025-02-03 16:42:26,161.90,efectivo
9131,990,7,2025-02-03 16:44:38,114.90,efectivo
9132,458,10,2025-02-03 16:45:12,229.40,efectivo
9133,736,3,2025-02-03 16:59:35,54.45,efectivo
9134,758,2,2025-02-03 17:01:53,65.45,tarjeta
9135,791,7,2025-02-03 17:02:51,10.95,efectivo
9136,180,10,2025-02-03 17:07:11,77.50,tarjeta
9137,745,3,2025-02-03 17:09:22,113.90,efectivo
9138,836,4,2025-02-03 17:14:17,109.00,efectivo
9139,645,1,2025-02-03 17:14:49,69.25,efectivo
9140,973,9,2025-02-03 17:21:46,12.00,tarjeta
9141,35,3,2025-02-03 17:26:22,35.90,efectivo
9142,590,5,2025-02-03 17:28:42,101.95,tarjeta
9143,970,1,2025-02-03 17:28:51,98.90,tarjeta
9144,234,5,2025-02-03 17:34:50,83.90,tarjeta
9145,892,9,2025-02-03 17:35:13,145.30,tarjeta
9146,695,4,2025-02-03 17:36:00,51.95,efectivo
9147,573,4,2025-02-03 17:49:52,56.90,efectivo
9148,501,8,2025-02-03 18:07:19,53.95,efectivo
9149,774,8,2025-02-03 18:14:52,60.50,efectivo
9150,251,8,2025-02-03 18:29:37,85.50,efectivo
9151,403,5,2025-02-03 18:45:57,52.95,efectivo
9152,754,7,2025-02-03 18:54:42,106.45,tarjeta
9153,623,7,2025-02-03 18:55:21,129.40,efectivo
9154,735,1,2025-02-03 18:56:59,93.35,tarjeta
9155,815,3,2025-02-03 19:05:08,100.50,tarjeta
9156,876,2,2025-02-03 19:09:20,106.90,efectivo
9157,227,4,2025-02-03 19:34:38,29.50,tarjeta
9158,522,2,2025-02-03 19:36:34,32.00,efectivo
9159,425,7,2025-02-03 19:45:22,84.50,tarjeta
9160,684,2,2025-02-03 20:04:46,10.95,efectivo
9161,268,3,2025-02-03 20:21:52,91.35,efectivo
9162,234,10,2025-02-03 20:24:01,56.50,tarjeta
9163,726,4,2025-02-03 20:50:03,91.90,tarjeta
9164,834,1,2025-02-03 20:57:25,83.95,efectivo
9165,623,10,2025-02-03 21:07:55,28.50,tarjeta
9166,51,1,2025-02-03 21:25:16,144.45,efectivo
9167,482,3,2025-02-03 21:38:39,87.40,tarjeta
9168,324,2,2025-02-03 21:40:18,28.50,efectivo
9169,742,5,2025-02-03 21:43:29,105.90,efectivo
9170,11,3,2025-02-03 21:53:05,162.50,efectivo
9171,500,2,2025-02-03 21:56:38,154.30,efectivo
9172,717,7,2025-02-03 21:59:55,126.95,tarjeta
9173,848,6,2025-02-03 22:01:17,57.90,tarjeta
9174,421,5,2025-02-03 22:05:57,137.00,efectivo
9175,121,5,2025-02-03 22:09:06,28.85,tarjeta
9176,80,2,2025-02-03 22:11:02,95.50,efectivo
9177,137,1,2025-02-03 22:11:11,66.00,efectivo
9178,561,4,2025-02-03 22:12:05,0.00,tarjeta
9179,66,9,2025-02-03 22:17:29,70.00,efectivo
9180,398,2,2025-02-03 22:20:30,101.85,efectivo
9181,619,8,2025-02-03 22:24:52,62.00,efectivo
9182,297,1,2025-02-03 22:25:51,193.25,tarjeta
9183,66,9,2025-02-03 22:42:50,80.00,tarjeta
9184,297,3,2025-02-03 22:50:16,68.45,efectivo
9185,876,5,2025-02-03 22:54:34,60.00,efectivo
9186,184,4,2025-02-03 22:55:00,35.00,tarjeta
9187,328,9,2025-02-03 22:55:31,70.90,efectivo
9188,520,8,2025-02-04 06:02:37,34.00,tarjeta
9189,377,4,2025-02-04 06:06:35,24.95,tarjeta
9190,655,9,2025-02-04 06:09:18,212.95,tarjeta
9191,39,9,2025-02-04 06:09:50,12.00,tarjeta
9192,760,7,2025-02-04 06:12:14,43.00,tarjeta
9193,953,1,2025-02-04 06:18:52,32.95,tarjeta
9194,248,6,2025-02-04 06:20:47,168.60,tarjeta
9195,38,5,2025-02-04 06:24:52,10.95,efectivo
9196,996,2,2025-02-04 06:26:23,22.50,tarjeta
9197,789,1,2025-02-04 06:27:51,32.00,efectivo
9198,66,9,2025-02-04 06:31:53,147.30,tarjeta
9199,267,1,2025-02-04 06:32:29,178.80,tarjeta
9200,783,8,2025-02-04 06:36:06,41.00,tarjeta
9201,122,5,2025-02-04 06:36:27,10.00,efectivo
9202,799,7,2025-02-04 06:38:37,31.00,efectivo
9203,976,2,2025-02-04 06:38:39,12.00,tarjeta
9204,233,10,2025-02-04 06:41:41,46.90,efectivo
9205,382,1,2025-02-04 06:41:50,133.85,tarjeta
9206,703,8,2025-02-04 06:45:23,102.90,tarjeta
9207,254,10,2025-02-04 06:47:48,42.45,tarjeta
9208,284,10,2025-02-04 06:48:44,66.00,efectivo
9209,523,10,2025-02-04 07:00:16,10.00,efectivo
9210,41,7,2025-02-04 07:01:18,25.50,tarjeta
9211,513,7,2025-02-04 07:01:53,77.50,efectivo
9212,257,3,2025-02-04 07:05:41,26.95,efectivo
9213,356,9,2025-02-04 07:07:17,31.00,efectivo
9214,554,9,2025-02-04 07:10:04,47.45,tarjeta
9215,836,10,2025-02-04 07:14:16,192.00,efectivo
9216,506,4,2025-02-04 07:15:22,24.35,tarjeta
9217,161,8,2025-02-04 07:15:57,81.50,efectivo
9218,954,5,2025-02-04 07:18:25,48.95,efectivo
9219,417,8,2025-02-04 07:21:06,71.00,efectivo
9220,434,3,2025-02-04 07:22:32,80.00,efectivo
9221,485,1,2025-02-04 07:22:52,31.00,efectivo
9222,417,9,2025-02-04 07:28:18,41.95,tarjeta
9223,216,8,2025-02-04 07:29:51,58.45,tarjeta
9224,633,2,2025-02-04 07:32:44,18.00,efectivo
9225,119,5,2025-02-04 07:34:48,46.50,tarjeta
9226,533,3,2025-02-04 07:34:50,25.50,efectivo
9227,643,8,2025-02-04 07:38:23,24.50,efectivo
9228,753,4,2025-02-04 07:39:26,31.00,efectivo
9229,383,4,2025-02-04 07:48:16,22.00,efectivo
9230,69,3,2025-02-04 07:54:06,19.95,efectivo
9231,254,8,2025-02-04 07:54:53,35.45,tarjeta
9232,915,2,2025-02-04 07:58:28,22.00,tarjeta
9233,270,9,2025-02-04 08:03:04,43.45,tarjeta
9234,814,3,2025-02-04 08:04:59,31.00,tarjeta
9235,33,5,2025-02-04 08:05:17,40.00,efectivo
9236,314,1,2025-02-04 08:08:31,10.95,tarjeta
9237,873,2,2025-02-04 08:08:57,31.00,efectivo
9238,346,8,2025-02-04 08:10:45,53.00,tarjeta
9239,160,1,2025-02-04 08:12:24,25.50,tarjeta
9240,406,7,2025-02-04 08:13:45,55.50,tarjeta
9241,697,8,2025-02-04 08:14:02,35.45,efectivo
9242,45,8,2025-02-04 08:16:38,43.00,efectivo
9243,43,3,2025-02-04 08:23:16,76.95,tarjeta
9244,2,2,2025-02-04 08:23:20,48.95,tarjeta
9245,818,2,2025-02-04 08:24:43,10.00,efectivo
9246,430,6,2025-02-04 08:27:40,88.95,tarjeta
9247,797,7,2025-02-04 08:34:43,125.85,efectivo
9248,196,4,2025-02-04 08:35:51,97.40,efectivo
9249,595,7,2025-02-04 08:36:06,12.00,tarjeta
9250,457,6,2025-02-04 08:38:53,24.50,efectivo
9251,105,5,2025-02-04 08:39:45,41.50,efectivo
9252,974,9,2025-02-04 08:45:40,36.95,efectivo
9253,63,3,2025-02-04 08:47:36,24.50,efectivo
9254,402,6,2025-02-04 08:47:58,10.00,tarjeta
9255,359,3,2025-02-04 08:48:30,38.90,tarjeta
9256,917,9,2025-02-04 08:49:22,42.95,efectivo
9257,278,3,2025-02-04 08:50:00,101.85,tarjeta
9258,967,3,2025-02-04 08:53:17,48.95,tarjeta
9259,372,6,2025-02-04 08:56:11,53.00,tarjeta
9260,604,4,2025-02-04 09:02:41,62.90,tarjeta
9261,123,4,2025-02-04 09:02:58,110.80,efectivo
9262,766,8,2025-02-04 09:05:54,12.00,tarjeta
9263,712,9,2025-02-04 09:10:51,26.95,efectivo
9264,712,1,2025-02-04 09:15:59,51.45,efectivo
9265,895,1,2025-02-04 09:16:31,12.00,tarjeta
9266,83,10,2025-02-04 09:18:53,70.00,efectivo
9267,112,8,2025-02-04 09:22:37,34.50,efectivo
9268,105,8,2025-02-04 09:23:25,77.90,tarjeta
9269,901,4,2025-02-04 09:25:40,41.95,efectivo
9270,288,8,2025-02-04 09:26:55,81.50,tarjeta
9271,90,9,2025-02-04 09:29:16,32.00,tarjeta
9272,526,6,2025-02-04 09:33:23,41.00,efectivo
9273,239,10,2025-02-04 09:33:52,71.00,efectivo
9274,394,9,2025-02-04 09:35:55,34.50,tarjeta
9275,31,8,2025-02-04 09:41:28,146.00,tarjeta
9276,781,1,2025-02-04 09:41:30,15.50,efectivo
9277,931,4,2025-02-04 09:41:57,152.55,efectivo
9278,816,8,2025-02-04 09:47:37,170.40,efectivo
9279,346,8,2025-02-04 09:54:59,49.85,tarjeta
9280,605,7,2025-02-04 09:58:30,10.95,efectivo
9281,584,6,2025-02-04 10:00:40,41.00,efectivo
9282,41,10,2025-02-04 10:04:04,27.50,tarjeta
9283,669,2,2025-02-04 10:04:28,43.00,tarjeta
9284,867,7,2025-02-04 10:15:35,95.00,efectivo
9285,370,5,2025-02-04 10:21:53,29.50,efectivo
9286,65,9,2025-02-04 10:24:52,140.40,efectivo
9287,728,1,2025-02-04 10:26:06,38.45,tarjeta
9288,842,2,2025-02-04 10:26:56,32.00,efectivo
9289,919,2,2025-02-04 10:29:22,97.95,tarjeta
9290,333,3,2025-02-04 10:34:05,157.80,efectivo
9291,55,10,2025-02-04 10:36:21,78.50,tarjeta
9292,690,2,2025-02-04 10:39:05,175.30,efectivo
9293,489,9,2025-02-04 10:40:28,57.95,tarjeta
9294,753,8,2025-02-04 10:41:54,40.00,tarjeta
9295,145,4,2025-02-04 10:42:47,44.95,tarjeta
9296,974,8,2025-02-04 10:48:30,79.95,tarjeta
9297,489,4,2025-02-04 10:50:49,55.50,efectivo
9298,412,1,2025-02-04 10:52:10,120.45,tarjeta
9299,468,4,2025-02-04 10:55:02,40.00,tarjeta
9300,133,8,2025-02-04 10:55:37,31.00,efectivo
9301,931,7,2025-02-04 10:57:29,79.85,efectivo
9302,691,8,2025-02-04 10:57:32,12.00,efectivo
9303,873,3,2025-02-04 10:57:53,61.45,tarjeta
9304,905,5,2025-02-04 11:00:54,78.50,tarjeta
9305,175,9,2025-02-04 11:05:32,44.50,tarjeta
9306,738,4,2025-02-04 11:09:10,36.00,tarjeta
9307,864,7,2025-02-04 11:11:55,64.90,tarjeta
9308,682,3,2025-02-04 11:24:40,223.45,efectivo
9309,951,2,2025-02-04 11:32:39,80.95,tarjeta
9310,674,3,2025-02-04 11:36:28,61.00,tarjeta
9311,13,2,2025-02-04 11:39:34,132.40,tarjeta
9312,940,7,2025-02-04 11:41:42,86.50,tarjeta
9313,248,5,2025-02-04 12:10:21,79.45,tarjeta
9314,882,4,2025-02-04 12:10:42,108.35,tarjeta
9315,418,6,2025-02-04 12:12:50,64.50,tarjeta
9316,57,6,2025-02-04 12:26:02,55.50,efectivo
9317,180,9,2025-02-04 12:28:11,24.95,efectivo
9318,692,10,2025-02-04 12:28:16,94.90,efectivo
9319,546,3,2025-02-04 12:28:48,81.50,tarjeta
9320,449,6,2025-02-04 12:32:14,174.80,efectivo
9321,995,4,2025-02-04 12:40:16,208.20,tarjeta
9322,8,3,2025-02-04 12:46:28,76.35,tarjeta
9323,945,4,2025-02-04 12:56:38,79.95,efectivo
9324,13,2,2025-02-04 13:03:45,92.50,efectivo
9325,864,8,2025-02-04 13:04:29,87.40,efectivo
9326,283,6,2025-02-04 13:06:02,103.40,efectivo
9327,256,9,2025-02-04 13:07:47,35.00,efectivo
9328,988,5,2025-02-04 13:13:48,70.00,tarjeta
9329,492,5,2025-02-04 13:28:59,16.50,tarjeta
9330,529,8,2025-02-04 13:35:51,46.50,tarjeta
9331,879,4,2025-02-04 13:41:08,124.75,efectivo
9332,184,10,2025-02-04 13:52:27,216.40,tarjeta
9333,66,10,2025-02-04 13:55:03,69.90,tarjeta
9334,949,1,2025-02-04 14:01:18,81.90,efectivo
9335,648,8,2025-02-04 14:07:30,76.95,tarjeta
9336,731,4,2025-02-04 14:10:11,37.30,efectivo
9337,3,10,2025-02-04 14:10:55,140.25,tarjeta
9338,221,5,2025-02-04 14:13:06,74.85,efectivo
9339,924,7,2025-02-04 14:15:15,60.95,efectivo
9340,908,4,2025-02-04 14:22:18,40.50,tarjeta
9341,360,7,2025-02-04 14:30:26,58.00,tarjeta
9342,451,1,2025-02-04 14:31:15,18.00,efectivo
9343,660,4,2025-02-04 14:32:38,31.00,tarjeta
9344,404,5,2025-02-04 14:34:13,234.80,efectivo
9345,872,6,2025-02-04 14:36:26,66.45,efectivo
9346,104,1,2025-02-04 14:37:55,60.95,efectivo
9347,450,6,2025-02-04 14:38:35,35.95,efectivo
9348,14,10,2025-02-04 14:54:16,64.90,efectivo
9349,530,2,2025-02-04 14:59:13,15.50,efectivo
9350,612,6,2025-02-04 15:02:22,123.40,tarjeta
9351,55,3,2025-02-04 15:04:40,68.00,tarjeta
9352,675,5,2025-02-04 15:08:01,53.95,efectivo
9353,585,7,2025-02-04 15:15:02,81.50,tarjeta
9354,556,8,2025-02-04 15:24:28,103.95,efectivo
9355,966,2,2025-02-04 15:31:31,71.95,efectivo
9356,466,4,2025-02-04 15:32:50,155.90,tarjeta
9357,653,8,2025-02-04 15:34:25,18.00,efectivo
9358,404,9,2025-02-04 15:36:42,81.95,tarjeta
9359,297,5,2025-02-04 15:37:32,115.40,tarjeta
9360,517,10,2025-02-04 15:47:04,72.50,efectivo
9361,573,10,2025-02-04 15:48:01,118.85,efectivo
9362,390,3,2025-02-04 15:59:32,129.40,tarjeta
9363,590,1,2025-02-04 16:07:05,110.95,tarjeta
9364,8,6,2025-02-04 16:12:38,95.50,tarjeta
9365,323,10,2025-02-04 16:20:51,156.95,tarjeta
9366,51,4,2025-02-04 16:29:16,126.90,efectivo
9367,104,4,2025-02-04 16:47:49,102.35,efectivo
9368,332,9,2025-02-04 16:55:34,89.50,tarjeta
9369,660,1,2025-02-04 17:00:11,39.90,tarjeta
9370,926,2,2025-02-04 17:25:58,212.60,tarjeta
9371,390,6,2025-02-04 17:30:29,47.50,tarjeta
9372,379,7,2025-02-04 17:31:27,75.00,tarjeta
9373,671,1,2025-02-04 17:38:04,90.00,tarjeta
9374,378,6,2025-02-04 17:41:31,81.45,tarjeta
9375,554,6,2025-02-04 18:00:57,84.95,tarjeta
9376,348,9,2025-02-04 18:09:42,196.80,efectivo
9377,454,7,2025-02-04 18:11:47,206.70,tarjeta
9378,924,9,2025-02-04 18:20:02,78.90,efectivo
9379,139,7,2025-02-04 18:20:58,22.00,efectivo
9380,60,6,2025-02-04 18:32:23,12.35,tarjeta
9381,733,10,2025-02-04 18:32:30,55.35,tarjeta
9382,51,8,2025-02-04 18:32:57,91.00,efectivo
9383,418,8,2025-02-04 18:35:18,92.50,efectivo
9384,482,1,2025-02-04 18:36:01,61.00,tarjeta
9385,521,8,2025-02-04 18:36:50,45.45,efectivo
9386,840,7,2025-02-04 18:40:10,106.75,efectivo
9387,784,7,2025-02-04 18:52:01,82.90,efectivo
9388,389,2,2025-02-04 18:58:28,196.85,tarjeta
9389,531,2,2025-02-04 19:01:54,128.45,tarjeta
9390,467,4,2025-02-04 19:10:17,41.85,efectivo
9391,151,6,2025-02-04 19:19:30,108.00,tarjeta
9392,822,9,2025-02-04 19:37:23,57.00,efectivo
9393,482,1,2025-02-04 19:40:48,35.00,efectivo
9394,352,4,2025-02-04 19:47:07,35.95,efectivo
9395,701,9,2025-02-04 19:48:09,127.70,efectivo
9396,507,9,2025-02-04 19:51:49,97.95,efectivo
9397,805,8,2025-02-04 19:55:00,24.95,tarjeta
9398,898,6,2025-02-04 19:55:47,12.00,efectivo
9399,994,5,2025-02-04 20:05:47,61.40,efectivo
9400,498,8,2025-02-04 20:06:36,119.95,tarjeta
9401,723,7,2025-02-04 20:16:03,68.95,tarjeta
9402,46,2,2025-02-04 20:22:39,16.50,tarjeta
9403,977,8,2025-02-04 20:25:36,79.00,tarjeta
9404,496,6,2025-02-04 20:25:56,40.35,tarjeta
9405,580,7,2025-02-04 20:32:41,22.00,efectivo
9406,735,10,2025-02-04 20:35:43,47.35,efectivo
9407,269,10,2025-02-04 20:37:56,27.85,tarjeta
9408,692,1,2025-02-04 20:38:56,102.90,efectivo
9409,804,2,2025-02-04 20:54:34,28.50,tarjeta
9410,714,1,2025-02-04 21:01:15,95.30,efectivo
9411,224,6,2025-02-04 21:04:34,12.00,tarjeta
9412,37,3,2025-02-04 21:20:44,56.95,tarjeta
9413,390,6,2025-02-04 21:23:25,91.90,efectivo
9414,532,2,2025-02-04 21:28:30,79.50,tarjeta
9415,430,7,2025-02-04 21:44:14,39.00,efectivo
9416,876,5,2025-02-04 21:47:29,18.00,tarjeta
9417,28,8,2025-02-04 22:02:07,26.95,tarjeta
9418,227,8,2025-02-04 22:02:42,35.00,efectivo
9419,81,7,2025-02-04 22:08:15,105.90,tarjeta
9420,855,6,2025-02-04 22:21:16,0.00,tarjeta
9421,897,7,2025-02-04 22:23:29,44.45,tarjeta
9422,810,10,2025-02-04 22:35:53,131.35,efectivo
9423,173,5,2025-02-04 22:41:56,40.45,tarjeta
9424,876,6,2025-02-04 22:43:12,68.00,efectivo
9425,603,8,2025-02-04 22:45:31,38.50,efectivo
9426,683,6,2025-02-04 22:47:11,22.00,tarjeta
9427,756,3,2025-02-04 22:56:08,38.90,tarjeta
9428,777,10,2025-02-05 06:00:21,50.50,tarjeta
9429,105,2,2025-02-05 06:00:55,59.45,efectivo
9430,901,5,2025-02-05 06:01:14,15.50,efectivo
9431,185,8,2025-02-05 06:01:34,77.50,efectivo
9432,295,3,2025-02-05 06:02:14,57.95,efectivo
9433,808,2,2025-02-05 06:05:05,61.95,efectivo
9434,872,7,2025-02-05 06:09:46,71.00,tarjeta
9435,821,1,2025-02-05 06:10:34,30.00,efectivo
9436,402,1,2025-02-05 06:17:36,22.00,efectivo
9437,783,8,2025-02-05 06:20:35,51.95,tarjeta
9438,879,6,2025-02-05 06:21:28,71.95,efectivo
9439,823,7,2025-02-05 06:24:56,92.95,tarjeta
9440,757,1,2025-02-05 06:25:03,32.30,efectivo
9441,944,4,2025-02-05 06:26:15,57.45,efectivo
9442,339,10,2025-02-05 06:28:52,163.20,tarjeta
9443,781,3,2025-02-05 06:29:37,51.45,efectivo
9444,197,2,2025-02-05 06:33:33,18.00,efectivo
9445,611,2,2025-02-05 06:33:34,22.00,efectivo
9446,763,10,2025-02-05 06:34:09,10.95,efectivo
9447,890,3,2025-02-05 06:36:36,15.50,efectivo
9448,359,10,2025-02-05 06:36:54,42.45,efectivo
9449,85,6,2025-02-05 06:38:00,22.00,efectivo
9450,449,2,2025-02-05 06:38:03,51.50,tarjeta
9451,200,7,2025-02-05 06:39:59,41.95,tarjeta
9452,867,4,2025-02-05 06:42:59,31.00,efectivo
9453,582,2,2025-02-05 06:44:14,48.95,efectivo
9454,585,4,2025-02-05 06:46:59,116.90,efectivo
9455,209,3,2025-02-05 06:51:49,172.65,tarjeta
9456,78,10,2025-02-05 06:55:48,12.00,efectivo
9457,33,3,2025-02-05 06:57:58,41.95,efectivo
9458,452,6,2025-02-05 07:00:56,26.45,tarjeta
9459,837,1,2025-02-05 07:03:32,64.50,tarjeta
9460,901,10,2025-02-05 07:12:44,12.00,tarjeta
9461,257,7,2025-02-05 07:13:32,73.45,efectivo
9462,749,10,2025-02-05 07:15:10,15.50,efectivo
9463,793,5,2025-02-05 07:18:12,66.45,tarjeta
9464,494,10,2025-02-05 07:19:18,73.45,efectivo
9465,885,1,2025-02-05 07:23:38,10.00,tarjeta
9466,356,10,2025-02-05 07:27:33,10.95,efectivo
9467,850,10,2025-02-05 07:28:42,55.50,tarjeta
9468,767,7,2025-02-05 07:29:00,25.50,tarjeta
9469,268,2,2025-02-05 07:31:03,46.50,efectivo
9470,329,8,2025-02-05 07:31:29,27.50,tarjeta
9471,268,4,2025-02-05 07:32:40,8.00,tarjeta
9472,69,5,2025-02-05 07:33:55,0.00,efectivo
9473,974,3,2025-02-05 07:36:54,65.00,tarjeta
9474,494,9,2025-02-05 07:38:25,24.50,efectivo
9475,703,9,2025-02-05 07:44:07,100.40,tarjeta
9476,680,8,2025-02-05 07:44:46,77.90,tarjeta
9477,976,9,2025-02-05 07:47:32,57.00,efectivo
9478,860,7,2025-02-05 07:48:06,118.90,efectivo
9479,475,7,2025-02-05 07:49:20,24.50,efectivo
9480,588,2,2025-02-05 07:49:50,31.00,efectivo
9481,28,3,2025-02-05 07:51:06,45.95,tarjeta
9482,846,5,2025-02-05 07:52:52,167.50,tarjeta
9483,344,9,2025-02-05 07:56:50,74.45,efectivo
9484,27,7,2025-02-05 07:59:29,15.50,efectivo
9485,979,7,2025-02-05 08:08:55,47.50,efectivo
9486,209,6,2025-02-05 08:09:06,134.95,efectivo
9487,346,8,2025-02-05 08:09:45,31.00,efectivo
9488,396,7,2025-02-05 08:12:20,40.50,tarjeta
9489,575,6,2025-02-05 08:14:59,54.45,efectivo
9490,892,6,2025-02-05 08:17:37,94.50,efectivo
9491,332,2,2025-02-05 08:20:27,116.95,tarjeta
9492,39,6,2025-02-05 08:20:28,26.95,efectivo
9493,974,8,2025-02-05 08:27:28,26.95,tarjeta
9494,702,3,2025-02-05 08:28:32,57.95,tarjeta
9495,867,9,2025-02-05 08:36:53,23.50,efectivo
9496,9,10,2025-02-05 08:40:50,53.00,tarjeta
9497,680,9,2025-02-05 08:41:17,50.50,efectivo
9498,643,2,2025-02-05 08:46:12,48.95,efectivo
9499,89,9,2025-02-05 08:51:04,31.00,tarjeta
9500,921,2,2025-02-05 08:57:30,65.00,tarjeta
9501,370,8,2025-02-05 09:02:56,69.90,efectivo
9502,818,7,2025-02-05 09:03:11,56.50,tarjeta
9503,233,5,2025-02-05 09:19:53,36.50,efectivo
9504,236,7,2025-02-05 09:23:19,229.80,efectivo
9505,371,4,2025-02-05 09:26:42,35.95,tarjeta
9506,67,5,2025-02-05 09:31:47,85.00,tarjeta
9507,10,4,2025-02-05 09:34:14,56.50,tarjeta
9508,738,2,2025-02-05 09:35:07,67.40,efectivo
9509,994,2,2025-02-05 09:43:35,124.35,efectivo
9510,875,3,2025-02-05 09:43:50,110.90,tarjeta
9511,176,8,2025-02-05 09:44:56,16.50,efectivo
9512,878,7,2025-02-05 09:50:01,10.95,tarjeta
9513,172,6,2025-02-05 09:56:58,32.95,efectivo
9514,702,3,2025-02-05 10:04:15,18.00,tarjeta
9515,920,9,2025-02-05 10:04:18,36.95,efectivo
9516,445,9,2025-02-05 10:06:17,46.50,efectivo
9517,27,7,2025-02-05 10:07:30,15.50,tarjeta
9518,570,7,2025-02-05 10:11:15,101.80,efectivo
9519,931,6,2025-02-05 10:13:26,134.00,tarjeta
9520,660,5,2025-02-05 10:20:14,50.95,efectivo
9521,666,5,2025-02-05 10:26:47,68.90,efectivo
9522,178,3,2025-02-05 10:29:07,32.95,efectivo
9523,669,8,2025-02-05 10:29:19,15.50,tarjeta
9524,193,9,2025-02-05 10:30:31,28.50,tarjeta
9525,831,10,2025-02-05 10:30:33,120.50,tarjeta
9526,291,1,2025-02-05 10:31:07,53.00,efectivo
9527,93,1,2025-02-05 10:31:41,22.00,tarjeta
9528,793,5,2025-02-05 10:33:03,43.50,tarjeta
9529,969,4,2025-02-05 10:35:00,24.95,tarjeta
9530,103,7,2025-02-05 10:44:06,37.50,tarjeta
9531,652,9,2025-02-05 10:44:18,0.00,tarjeta
9532,417,4,2025-02-05 10:45:17,22.00,efectivo
9533,977,8,2025-02-05 10:45:43,205.80,tarjeta
9534,211,4,2025-02-05 10:50:18,46.50,tarjeta
9535,310,10,2025-02-05 10:50:24,68.40,tarjeta
9536,161,1,2025-02-05 10:53:46,24.50,tarjeta
9537,54,7,2025-02-05 10:54:11,53.95,efectivo
9538,197,7,2025-02-05 10:56:55,70.95,tarjeta
9539,882,3,2025-02-05 11:02:32,148.50,tarjeta
9540,287,2,2025-02-05 11:03:50,88.90,efectivo
9541,324,6,2025-02-05 11:07:09,60.90,tarjeta
9542,590,9,2025-02-05 11:08:09,44.35,efectivo
9543,429,5,2025-02-05 11:12:23,18.00,tarjeta
9544,925,3,2025-02-05 11:19:32,36.95,tarjeta
9545,199,9,2025-02-05 11:21:29,16.50,tarjeta
9546,252,4,2025-02-05 11:25:16,58.00,tarjeta
9547,941,6,2025-02-05 11:31:33,141.85,efectivo
9548,682,2,2025-02-05 11:31:45,161.70,tarjeta
9549,836,6,2025-02-05 11:46:19,198.80,efectivo
9550,453,3,2025-02-05 11:57:45,102.00,efectivo
9551,484,2,2025-02-05 12:00:57,91.90,tarjeta
9552,337,7,2025-02-05 12:13:46,82.95,efectivo
9553,561,8,2025-02-05 12:14:53,98.90,tarjeta
9554,836,2,2025-02-05 12:17:34,128.80,tarjeta
9555,811,2,2025-02-05 12:23:18,72.50,tarjeta
9556,470,8,2025-02-05 12:26:12,34.95,efectivo
9557,841,7,2025-02-05 12:37:03,67.00,efectivo
9558,163,3,2025-02-05 12:37:17,75.50,efectivo
9559,545,5,2025-02-05 12:38:04,18.00,efectivo
9560,297,9,2025-02-05 12:43:17,18.00,efectivo
9561,504,2,2025-02-05 12:46:02,8.00,tarjeta
9562,786,9,2025-02-05 12:48:08,123.45,efectivo
9563,821,4,2025-02-05 12:49:42,97.00,efectivo
9564,180,9,2025-02-05 12:51:30,131.85,tarjeta
9565,453,2,2025-02-05 13:02:47,118.95,tarjeta
9566,619,2,2025-02-05 13:03:02,130.40,efectivo
9567,467,9,2025-02-05 13:09:58,107.00,tarjeta
9568,931,2,2025-02-05 13:10:41,82.00,efectivo
9569,333,6,2025-02-05 13:13:08,78.15,efectivo
9570,501,1,2025-02-05 13:15:35,89.40,tarjeta
9571,821,9,2025-02-05 13:23:54,84.45,tarjeta
9572,212,3,2025-02-05 13:26:07,99.50,tarjeta
9573,754,1,2025-02-05 13:31:03,67.00,tarjeta
9574,83,6,2025-02-05 13:35:21,143.40,tarjeta
9575,945,9,2025-02-05 13:38:31,67.85,efectivo
9576,323,6,2025-02-05 13:46:44,100.85,efectivo
9577,865,10,2025-02-05 13:48:47,64.50,efectivo
9578,550,8,2025-02-05 13:50:41,118.40,efectivo
9579,775,7,2025-02-05 14:04:19,41.50,tarjeta
9580,721,2,2025-02-05 14:08:38,84.00,efectivo
9581,22,5,2025-02-05 14:15:16,97.45,efectivo
9582,937,2,2025-02-05 14:17:39,253.20,tarjeta
9583,640,7,2025-02-05 14:20:21,156.80,efectivo
9584,391,9,2025-02-05 14:23:42,128.95,tarjeta
9585,729,9,2025-02-05 14:25:03,171.50,efectivo
9586,742,4,2025-02-05 14:31:28,180.75,tarjeta
9587,275,8,2025-02-05 14:44:20,106.90,tarjeta
9588,236,4,2025-02-05 14:46:02,102.40,tarjeta
9589,332,7,2025-02-05 14:46:52,50.85,efectivo
9590,959,3,2025-02-05 14:51:37,110.15,efectivo
9591,976,10,2025-02-05 14:51:57,78.50,tarjeta
9592,788,4,2025-02-05 14:56:20,28.50,efectivo
9593,312,8,2025-02-05 15:01:40,10.95,efectivo
9594,212,6,2025-02-05 15:09:10,85.95,efectivo
9595,522,6,2025-02-05 15:11:05,74.90,efectivo
9596,205,10,2025-02-05 15:16:52,101.00,tarjeta
9597,297,3,2025-02-05 15:20:51,95.85,efectivo
9598,75,6,2025-02-05 15:25:27,107.90,tarjeta
9599,153,6,2025-02-05 15:29:00,10.00,tarjeta
9600,499,5,2025-02-05 15:32:41,83.30,tarjeta
9601,977,3,2025-02-05 15:33:11,123.75,efectivo
9602,258,10,2025-02-05 15:52:20,22.50,tarjeta
9603,31,4,2025-02-05 15:54:18,50.40,tarjeta
9604,363,10,2025-02-05 15:54:59,87.00,efectivo
9605,309,2,2025-02-05 15:55:56,70.95,tarjeta
9606,358,7,2025-02-05 15:57:11,19.95,efectivo
9607,837,9,2025-02-05 15:59:27,90.00,tarjeta
9608,301,6,2025-02-05 16:15:14,140.85,tarjeta
9609,924,1,2025-02-05 16:23:11,96.40,tarjeta
9610,738,1,2025-02-05 16:27:38,57.95,efectivo
9611,282,3,2025-02-05 16:36:25,10.95,efectivo
9612,970,10,2025-02-05 16:38:22,82.00,efectivo
9613,517,2,2025-02-05 16:44:48,55.50,tarjeta
9614,201,2,2025-02-05 16:51:53,122.00,efectivo
9615,717,1,2025-02-05 16:54:09,155.30,tarjeta
9616,681,3,2025-02-05 17:21:08,93.25,tarjeta
9617,839,5,2025-02-05 17:22:34,134.70,tarjeta
9618,827,6,2025-02-05 17:22:49,93.40,tarjeta
9619,389,7,2025-02-05 17:25:31,92.90,tarjeta
9620,591,5,2025-02-05 17:30:47,83.45,tarjeta
9621,186,5,2025-02-05 17:35:15,114.80,tarjeta
9622,965,3,2025-02-05 17:49:31,59.70,tarjeta
9623,733,5,2025-02-05 17:55:03,160.85,tarjeta
9624,945,4,2025-02-05 17:55:51,51.45,efectivo
9625,81,5,2025-02-05 17:57:32,76.95,efectivo
9626,642,9,2025-02-05 18:04:32,67.95,tarjeta
9627,892,1,2025-02-05 18:08:41,170.40,tarjeta
9628,806,10,2025-02-05 18:11:24,177.45,efectivo
9629,262,7,2025-02-05 18:12:57,60.50,tarjeta
9630,641,7,2025-02-05 18:15:05,67.40,efectivo
9631,332,2,2025-02-05 18:16:30,22.50,tarjeta
9632,970,2,2025-02-05 18:24:05,84.40,efectivo
9633,669,2,2025-02-05 18:24:09,61.90,efectivo
9634,810,6,2025-02-05 18:26:33,123.40,efectivo
9635,37,4,2025-02-05 18:27:52,46.50,efectivo
9636,471,6,2025-02-05 18:40:32,42.45,tarjeta
9637,672,2,2025-02-05 18:41:03,181.40,efectivo
9638,453,9,2025-02-05 18:51:44,35.00,efectivo
9639,990,5,2025-02-05 19:12:01,35.00,efectivo
9640,348,2,2025-02-05 19:25:01,26.00,efectivo
9641,550,3,2025-02-05 19:25:14,42.95,tarjeta
9642,379,4,2025-02-05 19:31:39,56.90,efectivo
9643,451,7,2025-02-05 19:33:15,219.70,efectivo
9644,958,1,2025-02-05 19:52:10,64.50,tarjeta
9645,223,7,2025-02-05 19:55:30,104.90,tarjeta
9646,433,8,2025-02-05 20:12:13,64.50,efectivo
9647,786,2,2025-02-05 20:13:05,41.50,efectivo
9648,775,6,2025-02-05 20:16:32,29.50,tarjeta
9649,907,6,2025-02-05 20:25:34,192.85,efectivo
9650,924,9,2025-02-05 20:25:56,118.00,efectivo
9651,451,8,2025-02-05 20:26:39,63.85,tarjeta
9652,3,6,2025-02-05 20:31:04,90.95,efectivo
9653,965,6,2025-02-05 20:38:17,47.00,efectivo
9654,189,7,2025-02-05 20:39:37,119.90,tarjeta
9655,917,1,2025-02-05 20:43:05,54.95,efectivo
9656,634,8,2025-02-05 20:48:31,142.90,tarjeta
9657,949,1,2025-02-05 20:50:12,38.50,tarjeta
9658,14,4,2025-02-05 21:09:56,126.45,efectivo
9659,648,2,2025-02-05 21:19:56,61.00,efectivo
9660,999,9,2025-02-05 21:47:31,43.00,tarjeta
9661,864,2,2025-02-05 21:53:03,59.95,efectivo
9662,598,9,2025-02-05 22:08:05,119.95,efectivo
9663,132,4,2025-02-05 22:09:22,18.00,efectivo
9664,209,7,2025-02-05 22:12:37,0.00,efectivo
9665,522,5,2025-02-05 22:20:46,39.50,tarjeta
9666,804,7,2025-02-05 22:25:27,69.00,efectivo
9667,150,7,2025-02-05 22:28:15,152.65,tarjeta
9668,616,7,2025-02-05 22:30:10,80.45,tarjeta
9669,831,4,2025-02-05 22:30:14,87.90,tarjeta
9670,86,4,2025-02-05 22:40:48,60.90,efectivo
9671,433,9,2025-02-05 22:43:36,35.00,tarjeta
9672,500,8,2025-02-05 22:48:31,120.85,tarjeta
9673,849,7,2025-02-05 22:57:43,139.95,tarjeta
9674,533,10,2025-02-06 06:05:39,55.50,efectivo
9675,575,3,2025-02-06 06:17:56,31.00,efectivo
9676,128,10,2025-02-06 06:18:03,79.95,efectivo
9677,288,8,2025-02-06 06:23:29,15.50,efectivo
9678,650,8,2025-02-06 06:28:37,104.45,tarjeta
9679,180,1,2025-02-06 06:29:23,135.45,tarjeta
9680,507,7,2025-02-06 06:31:20,86.90,efectivo
9681,650,4,2025-02-06 06:31:57,46.50,tarjeta
9682,362,3,2025-02-06 06:32:57,50.95,tarjeta
9683,180,3,2025-02-06 06:34:51,130.45,efectivo
9684,627,6,2025-02-06 06:35:16,79.50,efectivo
9685,485,7,2025-02-06 06:35:52,53.50,efectivo
9686,395,1,2025-02-06 06:38:26,98.60,tarjeta
9687,717,9,2025-02-06 06:43:16,131.90,efectivo
9688,915,4,2025-02-06 06:43:43,78.00,efectivo
9689,867,5,2025-02-06 06:44:12,12.00,tarjeta
9690,895,7,2025-02-06 06:46:00,58.50,efectivo
9691,196,1,2025-02-06 06:52:42,46.50,tarjeta
9692,572,3,2025-02-06 06:53:38,70.95,tarjeta
9693,784,8,2025-02-06 06:58:18,124.50,efectivo
9694,499,10,2025-02-06 06:58:48,81.35,efectivo
9695,293,7,2025-02-06 06:59:54,55.50,tarjeta
9696,801,3,2025-02-06 07:06:12,63.00,tarjeta
9697,77,2,2025-02-06 07:09:18,86.80,efectivo
9698,236,1,2025-02-06 07:11:07,136.00,tarjeta
9699,834,5,2025-02-06 07:13:51,130.95,tarjeta
9700,921,2,2025-02-06 07:15:49,12.00,efectivo
9701,948,9,2025-02-06 07:23:42,26.95,efectivo
9702,232,1,2025-02-06 07:24:27,57.00,tarjeta
9703,915,6,2025-02-06 07:24:57,15.50,tarjeta
9704,226,8,2025-02-06 07:27:17,41.50,efectivo
9705,513,2,2025-02-06 07:31:07,26.95,efectivo
9706,917,8,2025-02-06 07:32:39,35.45,efectivo
9707,697,6,2025-02-06 07:37:34,61.00,efectivo
9708,801,2,2025-02-06 07:38:56,46.50,efectivo
9709,749,7,2025-02-06 07:39:27,36.50,efectivo
9710,860,2,2025-02-06 07:45:41,129.90,efectivo
9711,177,2,2025-02-06 07:52:47,49.90,tarjeta
9712,842,9,2025-02-06 07:54:08,32.00,efectivo
9713,333,6,2025-02-06 07:54:37,144.60,efectivo
9714,428,10,2025-02-06 07:59:27,76.45,tarjeta
9715,111,5,2025-02-06 08:06:27,128.20,efectivo
9716,881,7,2025-02-06 08:08:37,83.45,tarjeta
9717,416,7,2025-02-06 08:09:31,146.75,efectivo
9718,119,2,2025-02-06 08:14:23,51.45,tarjeta
9719,464,8,2025-02-06 08:15:39,48.95,tarjeta
9720,803,4,2025-02-06 08:18:20,28.50,tarjeta
9721,506,2,2025-02-06 08:18:27,10.95,efectivo
9722,242,4,2025-02-06 08:18:44,33.50,efectivo
9723,652,2,2025-02-06 08:19:02,37.90,tarjeta
9724,187,4,2025-02-06 08:26:05,157.35,efectivo
9725,834,9,2025-02-06 08:28:49,141.80,tarjeta
9726,876,7,2025-02-06 08:33:10,50.90,efectivo
9727,666,3,2025-02-06 08:35:35,26.95,efectivo
9728,315,9,2025-02-06 08:41:39,18.00,tarjeta
9729,881,3,2025-02-06 08:48:54,37.90,efectivo
9730,112,6,2025-02-06 08:49:39,15.50,tarjeta
9731,392,1,2025-02-06 08:53:38,51.45,efectivo
9732,494,2,2025-02-06 08:56:01,43.35,efectivo
9733,161,4,2025-02-06 08:57:50,36.00,efectivo
9734,15,2,2025-02-06 09:04:07,90.85,tarjeta
9735,911,10,2025-02-06 09:10:57,64.50,tarjeta
9736,635,6,2025-02-06 09:11:46,54.50,tarjeta
9737,611,6,2025-02-06 09:16:46,77.45,tarjeta
9738,562,2,2025-02-06 09:18:37,48.95,tarjeta
9739,370,2,2025-02-06 09:21:06,31.00,tarjeta
9740,439,4,2025-02-06 09:23:47,26.95,efectivo
9741,544,3,2025-02-06 09:24:50,46.50,efectivo
9742,28,3,2025-02-06 09:28:47,72.50,efectivo
9743,697,6,2025-02-06 09:30:03,24.50,efectivo
9744,30,4,2025-02-06 09:34:45,61.00,tarjeta
9745,650,5,2025-02-06 09:37:58,58.95,tarjeta
9746,707,2,2025-02-06 09:48:57,10.00,efectivo
9747,691,10,2025-02-06 09:53:57,24.50,tarjeta
9748,650,5,2025-02-06 09:54:17,26.95,efectivo
9749,586,8,2025-02-06 09:58:27,15.50,efectivo
9750,270,7,2025-02-06 10:02:42,37.50,tarjeta
9751,445,7,2025-02-06 10:04:00,82.45,efectivo
9752,317,3,2025-02-06 10:05:43,10.00,efectivo
9753,346,4,2025-02-06 10:07:32,27.50,tarjeta
9754,823,2,2025-02-06 10:10:25,99.80,efectivo
9755,572,1,2025-02-06 10:10:38,32.95,tarjeta
9756,567,6,2025-02-06 10:13:54,32.00,tarjeta
9757,257,9,2025-02-06 10:17:34,10.00,efectivo
9758,875,9,2025-02-06 10:21:45,134.40,tarjeta
9759,927,9,2025-02-06 10:23:30,50.00,tarjeta
9760,612,2,2025-02-06 10:26:20,47.45,tarjeta
9761,178,10,2025-02-06 10:31:00,31.00,tarjeta
9762,967,6,2025-02-06 10:32:36,19.95,efectivo
9763,867,4,2025-02-06 10:37:25,26.95,efectivo
9764,571,4,2025-02-06 10:39:05,59.90,efectivo
9765,180,6,2025-02-06 10:44:35,113.00,efectivo
9766,948,8,2025-02-06 10:47:02,12.00,tarjeta
9767,394,4,2025-02-06 10:48:39,41.45,efectivo
9768,322,4,2025-02-06 10:48:43,32.00,efectivo
9769,196,7,2025-02-06 10:54:37,19.95,efectivo
9770,872,2,2025-02-06 10:56:44,22.00,efectivo
9771,32,4,2025-02-06 10:57:29,53.80,efectivo
9772,290,8,2025-02-06 10:58:15,121.75,efectivo
9773,599,8,2025-02-06 10:58:58,10.00,tarjeta
9774,742,8,2025-02-06 11:00:10,208.90,efectivo
9775,759,1,2025-02-06 11:01:06,103.35,efectivo
9776,994,8,2025-02-06 11:04:59,94.00,tarjeta
9777,668,2,2025-02-06 11:09:41,40.00,tarjeta
9778,353,6,2025-02-06 11:10:30,67.95,tarjeta
9779,849,1,2025-02-06 11:13:48,89.90,tarjeta
9780,287,7,2025-02-06 11:24:48,99.45,tarjeta
9781,607,1,2025-02-06 11:27:26,136.90,tarjeta
9782,694,1,2025-02-06 11:32:31,72.50,tarjeta
9783,15,6,2025-02-06 11:43:33,96.80,tarjeta
9784,617,6,2025-02-06 11:43:33,28.95,tarjeta
9785,141,6,2025-02-06 12:07:19,80.50,tarjeta
9786,681,10,2025-02-06 12:09:14,179.30,tarjeta
9787,67,2,2025-02-06 12:21:37,55.30,efectivo
9788,351,10,2025-02-06 12:24:48,104.40,tarjeta
9789,851,8,2025-02-06 12:25:35,40.00,tarjeta
9790,193,3,2025-02-06 12:29:03,138.00,efectivo
9791,318,9,2025-02-06 12:46:03,125.80,efectivo
9792,158,3,2025-02-06 12:46:41,54.90,tarjeta
9793,310,1,2025-02-06 12:49:06,66.00,efectivo
9794,682,7,2025-02-06 12:49:14,110.00,tarjeta
9795,22,1,2025-02-06 12:54:40,34.50,efectivo
9796,907,6,2025-02-06 12:55:21,90.40,tarjeta
9797,566,2,2025-02-06 13:01:48,94.40,efectivo
9798,487,1,2025-02-06 13:09:24,101.00,efectivo
9799,903,1,2025-02-06 13:19:47,18.00,tarjeta
9800,585,6,2025-02-06 13:38:01,74.45,tarjeta
9801,757,5,2025-02-06 13:46:11,148.00,efectivo
9802,458,3,2025-02-06 13:48:07,106.80,efectivo
9803,145,6,2025-02-06 13:48:41,151.50,efectivo
9804,641,6,2025-02-06 13:57:02,56.70,tarjeta
9805,708,3,2025-02-06 14:03:38,26.00,tarjeta
9806,821,6,2025-02-06 14:03:48,106.65,tarjeta
9807,454,5,2025-02-06 14:10:33,115.10,efectivo
9808,61,1,2025-02-06 14:14:42,16.50,efectivo
9809,891,1,2025-02-06 14:30:41,50.50,tarjeta
9810,410,3,2025-02-06 14:50:49,132.90,tarjeta
9811,68,7,2025-02-06 14:53:18,19.95,efectivo
9812,414,3,2025-02-06 14:57:43,160.30,tarjeta
9813,389,5,2025-02-06 15:04:14,61.95,efectivo
9814,193,10,2025-02-06 15:06:13,88.95,tarjeta
9815,453,9,2025-02-06 15:13:45,141.90,efectivo
9816,783,8,2025-02-06 15:15:48,55.50,efectivo
9817,714,4,2025-02-06 15:17:59,134.90,tarjeta
9818,655,7,2025-02-06 15:20:23,45.00,efectivo
9819,561,6,2025-02-06 15:20:52,103.40,tarjeta
9820,499,10,2025-02-06 15:29:54,49.00,tarjeta
9821,681,9,2025-02-06 15:30:16,93.45,tarjeta
9822,577,6,2025-02-06 15:31:27,81.50,tarjeta
9823,366,4,2025-02-06 15:33:27,10.95,tarjeta
9824,490,6,2025-02-06 15:34:10,57.95,efectivo
9825,283,3,2025-02-06 15:36:06,64.00,efectivo
9826,37,2,2025-02-06 15:42:39,92.25,efectivo
9827,829,8,2025-02-06 15:48:46,117.85,tarjeta
9828,848,8,2025-02-06 16:01:21,104.95,efectivo
9829,81,10,2025-02-06 16:05:14,118.70,tarjeta
9830,328,9,2025-02-06 16:06:13,143.50,tarjeta
9831,634,10,2025-02-06 16:11:11,87.45,tarjeta
9832,259,6,2025-02-06 16:15:28,70.85,tarjeta
9833,99,4,2025-02-06 16:25:37,12.35,efectivo
9834,193,8,2025-02-06 16:26:03,57.90,tarjeta
9835,333,8,2025-02-06 16:26:20,233.85,efectivo
9836,191,4,2025-02-06 16:28:41,32.30,tarjeta
9837,674,4,2025-02-06 16:35:53,80.30,tarjeta
9838,619,9,2025-02-06 16:37:23,100.40,tarjeta
9839,22,1,2025-02-06 16:42:32,42.50,efectivo
9840,65,8,2025-02-06 16:42:37,106.90,efectivo
9841,924,3,2025-02-06 16:46:02,36.00,efectivo
9842,210,7,2025-02-06 16:57:41,8.00,efectivo
9843,937,4,2025-02-06 16:59:24,111.00,tarjeta
9844,433,10,2025-02-06 17:03:03,113.45,efectivo
9845,66,7,2025-02-06 17:03:34,68.90,efectivo
9846,994,2,2025-02-06 17:03:34,66.30,efectivo
9847,546,9,2025-02-06 17:10:38,125.90,tarjeta
9848,961,8,2025-02-06 17:10:48,22.00,efectivo
9849,635,4,2025-02-06 17:20:47,55.90,tarjeta
9850,714,1,2025-02-06 17:21:45,10.00,tarjeta
9851,729,3,2025-02-06 17:22:22,151.50,efectivo
9852,821,4,2025-02-06 17:22:46,35.95,efectivo
9853,914,6,2025-02-06 17:25:31,18.00,tarjeta
9854,634,2,2025-02-06 17:29:04,55.05,tarjeta
9855,603,8,2025-02-06 17:30:48,90.95,efectivo
9856,146,1,2025-02-06 17:31:43,106.95,tarjeta
9857,662,9,2025-02-06 17:32:09,183.50,efectivo
9858,117,3,2025-02-06 17:39:40,15.50,tarjeta
9859,449,2,2025-02-06 17:42:33,28.50,tarjeta
9860,339,3,2025-02-06 17:43:00,156.90,tarjeta
9861,77,9,2025-02-06 17:55:30,81.90,tarjeta
9862,820,4,2025-02-06 17:59:29,25.50,efectivo
9863,865,10,2025-02-06 17:59:40,131.75,tarjeta
9864,223,10,2025-02-06 18:02:36,111.40,tarjeta
9865,83,1,2025-02-06 18:13:53,77.80,efectivo
9866,980,10,2025-02-06 18:21:07,48.00,efectivo
9867,968,1,2025-02-06 18:23:02,24.35,efectivo
9868,8,6,2025-02-06 18:27:54,94.30,tarjeta
9869,836,5,2025-02-06 18:33:02,131.50,tarjeta
9870,384,8,2025-02-06 18:33:40,18.00,efectivo
9871,771,1,2025-02-06 18:56:23,90.85,tarjeta
9872,988,5,2025-02-06 18:59:39,95.80,tarjeta
9873,742,10,2025-02-06 19:02:46,0.00,tarjeta
9874,995,2,2025-02-06 19:10:56,124.95,tarjeta
9875,537,2,2025-02-06 19:13:57,79.95,tarjeta
9876,561,4,2025-02-06 19:33:09,134.95,efectivo
9877,343,6,2025-02-06 19:36:50,15.50,efectivo
9878,806,9,2025-02-06 20:01:08,62.25,tarjeta
9879,246,4,2025-02-06 20:07:16,90.45,tarjeta
9880,528,5,2025-02-06 20:12:31,71.45,tarjeta
9881,223,1,2025-02-06 20:13:30,39.45,tarjeta
9882,168,8,2025-02-06 20:27:45,138.50,efectivo
9883,231,3,2025-02-06 20:32:55,35.00,efectivo
9884,264,7,2025-02-06 20:35:48,112.50,tarjeta
9885,651,9,2025-02-06 20:37:57,18.00,tarjeta
9886,927,3,2025-02-06 20:38:53,65.50,efectivo
9887,834,6,2025-02-06 21:00:30,98.00,tarjeta
9888,228,3,2025-02-06 21:06:18,60.50,tarjeta
9889,892,2,2025-02-06 21:15:25,152.85,efectivo
9890,129,9,2025-02-06 21:19:47,36.45,efectivo
9891,534,8,2025-02-06 21:32:56,26.45,tarjeta
9892,434,4,2025-02-06 21:33:39,54.90,efectivo
9893,407,9,2025-02-06 21:34:54,32.95,tarjeta
9894,949,6,2025-02-06 21:36:58,26.95,efectivo
9895,855,1,2025-02-06 21:46:03,38.90,efectivo
9896,318,3,2025-02-06 22:04:47,120.90,tarjeta
9897,363,3,2025-02-06 22:13:42,142.45,tarjeta
9898,642,6,2025-02-06 22:20:54,92.95,efectivo
9899,798,10,2025-02-06 22:25:48,26.95,tarjeta
9900,167,5,2025-02-06 22:39:02,48.30,efectivo
9901,612,2,2025-02-06 22:39:42,68.00,tarjeta
9902,718,2,2025-02-06 22:40:38,96.95,tarjeta
9903,723,7,2025-02-06 22:53:28,119.85,tarjeta
9904,719,5,2025-02-06 22:54:04,38.90,efectivo
9905,397,7,2025-02-06 22:58:35,47.50,tarjeta
9906,586,5,2025-02-07 06:01:18,24.50,efectivo
9907,586,6,2025-02-07 06:03:18,26.95,efectivo
9908,682,8,2025-02-07 06:04:01,102.00,tarjeta
9909,890,2,2025-02-07 06:05:11,63.45,tarjeta
9910,150,1,2025-02-07 06:10:11,138.00,tarjeta
9911,664,10,2025-02-07 06:25:01,56.50,efectivo
9912,150,5,2025-02-07 06:25:10,43.35,efectivo
9913,183,2,2025-02-07 06:26:37,33.50,efectivo
9914,335,5,2025-02-07 06:29:56,35.45,efectivo
9915,749,1,2025-02-07 06:31:10,12.00,efectivo
9916,814,8,2025-02-07 06:33:30,65.00,efectivo
9917,350,6,2025-02-07 06:37:17,47.90,efectivo
9918,29,2,2025-02-07 06:40:02,40.00,tarjeta
9919,881,5,2025-02-07 06:40:21,59.50,efectivo
9920,571,10,2025-02-07 06:41:01,51.45,tarjeta
9921,969,2,2025-02-07 06:43:25,22.00,efectivo
9922,339,7,2025-02-07 06:43:28,130.45,tarjeta
9923,10,2,2025-02-07 06:43:50,35.90,tarjeta
9924,317,6,2025-02-07 06:45:17,36.95,efectivo
9925,449,5,2025-02-07 06:45:17,138.80,efectivo
9926,642,7,2025-02-07 06:48:31,110.95,efectivo
9927,652,3,2025-02-07 06:48:44,22.00,efectivo
9928,573,1,2025-02-07 06:49:02,119.00,tarjeta
9929,546,10,2025-02-07 06:49:05,113.80,tarjeta
9930,611,7,2025-02-07 06:53:42,27.50,tarjeta
9931,702,7,2025-02-07 06:58:13,10.95,tarjeta
9932,739,9,2025-02-07 06:59:28,48.95,tarjeta
9933,315,7,2025-02-07 07:04:57,0.00,tarjeta
9934,944,9,2025-02-07 07:05:11,22.00,tarjeta
9935,246,1,2025-02-07 07:07:23,18.00,efectivo
9936,315,9,2025-02-07 07:07:45,48.95,efectivo
9937,37,6,2025-02-07 07:16:59,18.00,tarjeta
9938,367,6,2025-02-07 07:17:43,57.70,efectivo
9939,600,2,2025-02-07 07:20:22,18.00,efectivo
9940,378,10,2025-02-07 07:21:47,204.90,tarjeta
9941,706,9,2025-02-07 07:25:42,59.90,tarjeta
9942,452,9,2025-02-07 07:27:01,53.00,efectivo
9943,871,9,2025-02-07 07:27:28,38.90,efectivo
9944,196,6,2025-02-07 07:27:43,12.00,efectivo
9945,445,10,2025-02-07 07:29:36,55.50,tarjeta
9946,655,8,2025-02-07 07:34:44,91.45,tarjeta
9947,895,7,2025-02-07 07:36:08,0.00,efectivo
9948,281,6,2025-02-07 07:40:28,12.35,efectivo
9949,446,6,2025-02-07 07:42:11,51.95,efectivo
9950,873,6,2025-02-07 07:46:14,12.00,tarjeta
9951,124,7,2025-02-07 07:56:28,32.50,efectivo
9952,703,4,2025-02-07 07:57:00,120.40,efectivo
9953,90,6,2025-02-07 07:58:57,61.45,tarjeta
9954,932,10,2025-02-07 08:07:30,32.00,efectivo
9955,885,5,2025-02-07 08:11:14,32.95,tarjeta
9956,698,10,2025-02-07 08:11:30,64.50,efectivo
9957,983,5,2025-02-07 08:13:11,42.00,tarjeta
9958,98,1,2025-02-07 08:16:22,70.45,efectivo
9959,885,6,2025-02-07 08:17:39,38.90,efectivo
9960,321,4,2025-02-07 08:24:35,31.00,efectivo
9961,902,6,2025-02-07 08:29:22,29.50,efectivo
9962,550,2,2025-02-07 08:31:16,67.00,efectivo
9963,291,5,2025-02-07 08:31:33,65.45,efectivo
9964,460,5,2025-02-07 08:36:35,43.00,tarjeta
9965,776,8,2025-02-07 08:36:41,61.95,efectivo
9966,197,5,2025-02-07 08:48:01,0.00,efectivo
9967,709,5,2025-02-07 08:50:17,35.00,efectivo
9968,90,2,2025-02-07 08:51:05,25.50,efectivo
9969,954,4,2025-02-07 08:55:24,31.00,tarjeta
9970,871,6,2025-02-07 08:59:04,72.50,tarjeta
9971,464,9,2025-02-07 09:03:11,111.95,efectivo
9972,713,7,2025-02-07 09:07:47,46.50,tarjeta
9973,697,2,2025-02-07 09:08:42,36.95,tarjeta
9974,24,2,2025-02-07 09:09:15,157.45,tarjeta
9975,221,4,2025-02-07 09:10:37,29.50,tarjeta
9976,376,2,2025-02-07 09:14:46,10.95,efectivo
9977,374,1,2025-02-07 09:17:27,32.95,tarjeta
9978,98,1,2025-02-07 09:21:34,52.00,tarjeta
9979,604,10,2025-02-07 09:25:22,51.45,efectivo
9980,178,3,2025-02-07 09:29:06,31.00,tarjeta
9981,422,3,2025-02-07 09:29:07,51.45,efectivo
9982,250,6,2025-02-07 09:32:30,42.50,tarjeta
9983,739,10,2025-02-07 09:33:53,8.00,efectivo
9984,748,10,2025-02-07 09:39:45,10.00,tarjeta
9985,842,8,2025-02-07 09:41:44,76.90,efectivo
9986,329,2,2025-02-07 09:46:06,22.95,tarjeta
9987,232,1,2025-02-07 09:50:32,24.50,tarjeta
9988,990,7,2025-02-07 09:53:22,64.50,efectivo
9989,605,5,2025-02-07 09:54:57,79.95,tarjeta
9990,663,9,2025-02-07 10:07:26,68.90,tarjeta
9991,185,10,2025-02-07 10:08:58,15.50,tarjeta
9992,714,7,2025-02-07 10:09:29,58.45,efectivo
9993,614,9,2025-02-07 10:10:23,48.95,efectivo
9994,544,6,2025-02-07 10:14:11,38.95,efectivo
9995,690,5,2025-02-07 10:16:53,200.65,tarjeta
9996,116,5,2025-02-07 10:20:52,46.50,tarjeta
9997,370,3,2025-02-07 10:22:00,55.50,efectivo
9998,954,4,2025-02-07 10:24:28,26.95,tarjeta
9999,146,1,2025-02-07 10:28:23,159.35,tarjeta
10000,313,10,2025-02-07 10:28:42,22.00,tarjeta
10001,315,8,2025-02-07 10:28:47,0.00,tarjeta
10002,373,3,2025-02-07 10:28:57,134.85,tarjeta
10003,90,2,2025-02-07 10:32:24,83.45,tarjeta
10004,760,7,2025-02-07 10:34:31,10.00,efectivo
10005,718,5,2025-02-07 10:39:47,73.45,tarjeta
10006,760,10,2025-02-07 10:42:41,66.95,efectivo
10007,69,4,2025-02-07 10:43:41,88.95,tarjeta
10008,313,6,2025-02-07 10:48:14,24.50,efectivo
10009,753,9,2025-02-07 10:48:40,48.45,efectivo
10010,36,5,2025-02-07 10:49:35,63.50,efectivo
10011,314,6,2025-02-07 10:50:40,55.50,tarjeta
10012,526,1,2025-02-07 10:51:17,22.00,efectivo
10013,652,10,2025-02-07 10:51:17,52.95,efectivo
10014,841,9,2025-02-07 10:55:10,168.80,efectivo
10015,564,7,2025-02-07 10:57:14,52.45,tarjeta
10016,288,1,2025-02-07 10:59:52,26.95,tarjeta
10017,490,9,2025-02-07 11:00:43,8.00,efectivo
10018,733,10,2025-02-07 11:06:48,123.15,tarjeta
10019,157,2,2025-02-07 11:08:16,100.85,tarjeta
10020,669,2,2025-02-07 11:13:41,90.50,efectivo
10021,821,9,2025-02-07 11:23:30,99.95,efectivo
10022,992,8,2025-02-07 11:24:55,32.00,tarjeta
10023,283,8,2025-02-07 11:25:30,50.00,tarjeta
10024,580,1,2025-02-07 11:30:13,94.40,tarjeta
10025,671,9,2025-02-07 11:34:52,46.50,tarjeta
10026,836,4,2025-02-07 11:45:40,121.35,efectivo
10027,627,3,2025-02-07 11:46:53,168.00,tarjeta
10028,546,1,2025-02-07 11:55:29,71.90,efectivo
10029,879,10,2025-02-07 12:08:16,89.00,efectivo
10030,831,3,2025-02-07 12:09:29,35.95,efectivo
10031,208,1,2025-02-07 12:13:58,59.70,tarjeta
10032,462,8,2025-02-07 12:21:30,100.45,tarjeta
10033,301,6,2025-02-07 12:33:49,145.85,tarjeta
10034,806,3,2025-02-07 12:37:27,110.80,efectivo
10035,934,3,2025-02-07 12:39:27,24.95,efectivo
10036,22,2,2025-02-07 12:40:55,57.90,efectivo
10037,107,3,2025-02-07 12:42:32,63.85,tarjeta
10038,717,1,2025-02-07 12:47:36,124.30,tarjeta
10039,15,7,2025-02-07 12:49:22,56.35,efectivo
10040,241,4,2025-02-07 12:53:20,76.50,tarjeta
10041,726,6,2025-02-07 12:53:35,59.50,efectivo
10042,931,5,2025-02-07 13:03:11,188.45,efectivo
10043,331,7,2025-02-07 13:03:51,51.50,tarjeta
10044,345,7,2025-02-07 13:06:00,35.00,efectivo
10045,853,9,2025-02-07 13:06:36,70.90,efectivo
10046,520,3,2025-02-07 13:10:52,69.45,tarjeta
10047,876,8,2025-02-07 13:26:12,66.90,tarjeta
10048,360,8,2025-02-07 13:32:30,35.00,tarjeta
10049,111,6,2025-02-07 13:35:37,146.80,efectivo
10050,543,1,2025-02-07 13:48:06,57.50,efectivo
10051,109,1,2025-02-07 13:53:28,124.00,efectivo
10052,451,6,2025-02-07 13:53:39,71.95,efectivo
10053,848,3,2025-02-07 13:57:33,78.00,efectivo
10054,773,3,2025-02-07 14:01:23,26.95,tarjeta
10055,173,2,2025-02-07 14:09:43,10.00,tarjeta
10056,994,2,2025-02-07 14:26:29,127.30,tarjeta
10057,159,10,2025-02-07 14:29:10,29.50,tarjeta
10058,879,3,2025-02-07 14:48:48,106.90,efectivo
10059,76,9,2025-02-07 14:57:24,141.45,tarjeta
10060,770,8,2025-02-07 14:57:42,64.45,efectivo
10061,391,7,2025-02-07 15:01:49,278.25,tarjeta
10062,945,8,2025-02-07 15:10:44,60.45,efectivo
10063,455,10,2025-02-07 15:14:14,68.40,tarjeta
10064,949,8,2025-02-07 15:22:32,56.90,tarjeta
10065,414,2,2025-02-07 15:34:40,103.00,efectivo
10066,514,10,2025-02-07 15:35:53,94.90,tarjeta
10067,421,10,2025-02-07 15:35:58,116.90,efectivo
10068,301,3,2025-02-07 15:38:28,262.55,tarjeta
10069,726,7,2025-02-07 15:54:37,35.00,efectivo
10070,882,3,2025-02-07 15:59:30,125.85,tarjeta
10071,849,9,2025-02-07 16:00:39,122.95,efectivo
10072,988,2,2025-02-07 16:07:39,158.95,tarjeta
10073,304,10,2025-02-07 16:11:29,46.00,efectivo
10074,984,8,2025-02-07 16:14:22,86.00,efectivo
10075,132,2,2025-02-07 16:17:04,12.00,tarjeta
10076,849,3,2025-02-07 16:20:41,94.40,efectivo
10077,566,2,2025-02-07 16:25:11,126.90,tarjeta
10078,810,7,2025-02-07 16:27:30,133.60,tarjeta
10079,573,1,2025-02-07 16:31:36,68.40,tarjeta
10080,642,7,2025-02-07 16:32:20,107.95,efectivo
10081,926,3,2025-02-07 16:32:43,30.35,efectivo
10082,440,2,2025-02-07 16:33:34,56.90,tarjeta
10083,851,8,2025-02-07 16:37:16,50.00,tarjeta
10084,372,9,2025-02-07 16:42:42,105.90,efectivo
10085,729,10,2025-02-07 16:44:52,15.50,tarjeta
10086,381,5,2025-02-07 16:54:56,71.95,efectivo
10087,887,2,2025-02-07 17:03:18,28.95,tarjeta
10088,376,4,2025-02-07 17:07:59,22.00,efectivo
10089,836,4,2025-02-07 17:12:05,120.95,efectivo
10090,3,10,2025-02-07 17:12:38,82.45,efectivo
10091,524,7,2025-02-07 17:19:43,147.90,tarjeta
10092,724,1,2025-02-07 17:25:55,80.50,tarjeta
10093,146,1,2025-02-07 17:25:59,88.95,efectivo
10094,4,7,2025-02-07 17:28:20,12.00,tarjeta
10095,660,8,2025-02-07 17:44:52,111.80,efectivo
10096,195,4,2025-02-07 17:47:11,48.95,tarjeta
10097,839,1,2025-02-07 17:51:40,123.15,tarjeta
10098,443,10,2025-02-07 18:09:19,26.95,efectivo
10099,876,4,2025-02-07 18:13:17,68.50,efectivo
10100,685,9,2025-02-07 18:18:22,84.30,tarjeta
10101,129,5,2025-02-07 18:33:50,19.95,efectivo
10102,259,1,2025-02-07 19:01:42,116.70,tarjeta
10103,243,4,2025-02-07 19:04:32,148.50,efectivo
10104,275,4,2025-02-07 19:14:26,63.00,efectivo
10105,525,4,2025-02-07 19:22:24,119.00,efectivo
10106,561,5,2025-02-07 19:36:21,128.75,efectivo
10107,886,5,2025-02-07 19:46:33,124.40,efectivo
10108,658,6,2025-02-07 19:53:24,42.50,tarjeta
10109,884,8,2025-02-07 20:18:13,41.85,tarjeta
10110,729,6,2025-02-07 20:25:46,40.50,efectivo
10111,192,4,2025-02-07 20:33:01,28.50,efectivo
10112,756,7,2025-02-07 20:33:45,88.95,tarjeta
10113,391,6,2025-02-07 20:34:46,110.80,efectivo
10114,876,1,2025-02-07 20:37:22,76.50,tarjeta
10115,640,1,2025-02-07 20:43:15,92.35,tarjeta
10116,546,1,2025-02-07 20:49:59,89.00,efectivo
10117,721,10,2025-02-07 21:15:44,56.90,tarjeta
10118,140,7,2025-02-07 21:17:01,32.95,tarjeta
10119,434,9,2025-02-07 21:34:37,169.20,efectivo
10120,945,5,2025-02-07 21:41:27,51.90,tarjeta
10121,892,6,2025-02-07 21:47:12,127.85,tarjeta
10122,672,7,2025-02-07 21:50:28,55.90,tarjeta
10123,610,1,2025-02-07 21:54:10,50.95,efectivo
10124,913,1,2025-02-07 21:57:53,61.95,efectivo
10125,316,8,2025-02-07 22:00:11,42.95,efectivo
10126,875,6,2025-02-07 22:03:07,48.00,efectivo
10127,17,1,2025-02-07 22:06:40,35.00,efectivo
10128,297,5,2025-02-07 22:16:22,35.95,efectivo
10129,81,2,2025-02-07 22:20:38,55.35,efectivo
10130,784,6,2025-02-07 22:21:09,31.00,tarjeta
10131,990,3,2025-02-07 22:32:49,53.95,efectivo
10132,135,1,2025-02-07 22:33:03,73.40,efectivo
10133,326,4,2025-02-07 22:37:01,88.95,tarjeta
10134,701,4,2025-02-07 22:42:30,99.40,efectivo
10135,184,6,2025-02-07 22:48:29,114.00,efectivo
10136,382,8,2025-02-07 22:48:46,39.90,efectivo
10137,827,3,2025-02-07 22:48:51,89.40,efectivo
10138,742,8,2025-02-07 22:52:50,32.00,tarjeta
10139,42,2,2025-02-08 06:02:01,111.90,efectivo
10140,526,7,2025-02-08 06:03:26,19.95,efectivo
10141,755,7,2025-02-08 06:04:56,52.95,efectivo
10142,217,3,2025-02-08 06:08:45,79.95,tarjeta
10143,584,4,2025-02-08 06:10:05,79.95,tarjeta
10144,726,4,2025-02-08 06:21:54,178.90,tarjeta
10145,460,2,2025-02-08 06:22:20,31.00,tarjeta
10146,760,8,2025-02-08 06:25:47,22.00,efectivo
10147,972,9,2025-02-08 06:29:56,33.50,efectivo
10148,417,5,2025-02-08 06:34:59,0.00,tarjeta
10149,630,3,2025-02-08 06:35:24,10.00,efectivo
10150,103,3,2025-02-08 06:37:18,27.50,efectivo
10151,389,2,2025-02-08 06:38:23,57.00,tarjeta
10152,178,2,2025-02-08 06:39:43,68.85,tarjeta
10153,595,7,2025-02-08 06:43:27,53.00,efectivo
10154,611,1,2025-02-08 06:44:55,35.45,tarjeta
10155,416,9,2025-02-08 06:53:37,77.80,efectivo
10156,489,6,2025-02-08 06:54:54,82.45,tarjeta
10157,959,2,2025-02-08 07:00:00,103.90,tarjeta
10158,379,4,2025-02-08 07:00:34,69.70,efectivo
10159,797,1,2025-02-08 07:06:26,166.85,efectivo
10160,959,7,2025-02-08 07:07:17,207.70,efectivo
10161,74,4,2025-02-08 07:13:30,69.45,tarjeta
10162,33,6,2025-02-08 07:14:14,36.95,tarjeta
10163,523,10,2025-02-08 07:15:44,18.00,tarjeta
10164,878,1,2025-02-08 07:18:44,57.95,efectivo
10165,168,10,2025-02-08 07:22:13,157.30,efectivo
10166,195,4,2025-02-08 07:23:43,57.95,tarjeta
10167,446,3,2025-02-08 07:24:51,26.95,tarjeta
10168,105,9,2025-02-08 07:28:16,51.45,efectivo
10169,15,3,2025-02-08 07:38:04,64.60,tarjeta
10170,604,4,2025-02-08 07:38:27,22.95,efectivo
10171,122,10,2025-02-08 07:42:01,63.95,tarjeta
10172,185,5,2025-02-08 07:45:07,58.95,tarjeta
10173,65,6,2025-02-08 07:52:42,94.25,tarjeta
10174,816,3,2025-02-08 07:56:13,57.00,tarjeta
10175,850,9,2025-02-08 07:57:18,24.95,efectivo
10176,657,10,2025-02-08 08:03:52,47.50,tarjeta
10177,535,8,2025-02-08 08:06:30,36.50,tarjeta
10178,416,1,2025-02-08 08:08:11,74.00,efectivo
10179,28,10,2025-02-08 08:11:18,67.90,efectivo
10180,172,10,2025-02-08 08:11:36,79.95,efectivo
10181,865,7,2025-02-08 08:13:58,38.90,tarjeta
10182,664,1,2025-02-08 08:14:29,72.50,efectivo
10183,45,5,2025-02-08 08:16:31,15.50,efectivo
10184,302,4,2025-02-08 08:24:49,0.00,tarjeta
10185,843,5,2025-02-08 08:35:05,44.50,efectivo
10186,707,9,2025-02-08 08:36:52,15.50,tarjeta
10187,766,4,2025-02-08 08:38:01,10.00,tarjeta
10188,445,8,2025-02-08 08:40:06,57.95,tarjeta
10189,27,4,2025-02-08 08:48:03,36.45,efectivo
10190,972,2,2025-02-08 08:48:49,36.50,efectivo
10191,858,5,2025-02-08 08:51:26,22.00,tarjeta
10192,682,8,2025-02-08 08:51:46,63.85,tarjeta
10193,315,8,2025-02-08 08:54:16,66.45,tarjeta
10194,250,7,2025-02-08 08:54:25,10.95,tarjeta
10195,356,8,2025-02-08 08:55:26,10.95,efectivo
10196,499,7,2025-02-08 08:57:17,256.60,efectivo
10197,972,6,2025-02-08 09:00:26,47.90,efectivo
10198,932,9,2025-02-08 09:03:07,55.50,tarjeta
10199,608,3,2025-02-08 09:05:30,89.40,tarjeta
10200,760,9,2025-02-08 09:07:02,34.00,tarjeta
10201,120,6,2025-02-08 09:07:36,48.90,tarjeta
10202,706,8,2025-02-08 09:07:49,55.35,tarjeta
10203,440,6,2025-02-08 09:07:53,106.30,tarjeta
10204,850,1,2025-02-08 09:12:11,104.45,tarjeta
10205,872,1,2025-02-08 09:15:22,97.95,tarjeta
10206,526,4,2025-02-08 09:21:28,32.95,efectivo
10207,533,8,2025-02-08 09:27:07,22.00,tarjeta
10208,564,5,2025-02-08 09:27:31,15.50,efectivo
10209,630,3,2025-02-08 09:30:45,41.95,tarjeta
10210,932,2,2025-02-08 09:32:27,55.50,tarjeta
10211,475,4,2025-02-08 09:34:40,26.95,tarjeta
10212,920,8,2025-02-08 09:38:04,22.00,efectivo
10213,481,7,2025-02-08 09:39:03,37.50,tarjeta
10214,280,9,2025-02-08 09:39:21,35.00,tarjeta
10215,836,3,2025-02-08 09:44:17,107.90,tarjeta
10216,826,2,2025-02-08 09:44:47,27.50,efectivo
10217,167,6,2025-02-08 09:53:07,152.80,tarjeta
10218,717,6,2025-02-08 09:54:45,103.00,tarjeta
10219,814,1,2025-02-08 09:54:56,35.95,efectivo
10220,994,4,2025-02-08 09:57:26,95.80,tarjeta
10221,410,4,2025-02-08 09:58:56,57.35,efectivo
10222,783,6,2025-02-08 10:00:35,26.95,efectivo
10223,766,4,2025-02-08 10:01:15,36.95,efectivo
10224,661,9,2025-02-08 10:02:15,43.00,tarjeta
10225,335,7,2025-02-08 10:04:02,49.50,tarjeta
10226,236,10,2025-02-08 10:04:44,138.40,efectivo
10227,195,3,2025-02-08 10:12:20,46.50,tarjeta
10228,911,5,2025-02-08 10:12:22,142.00,efectivo
10229,854,1,2025-02-08 10:14:53,57.95,efectivo
10230,752,2,2025-02-08 10:17:26,53.00,efectivo
10231,344,9,2025-02-08 10:27:26,68.50,tarjeta
10232,393,4,2025-02-08 10:28:42,104.90,efectivo
10233,160,3,2025-02-08 10:29:18,10.00,tarjeta
10234,970,9,2025-02-08 10:37:23,114.35,tarjeta
10235,250,8,2025-02-08 10:44:03,12.35,tarjeta
10236,423,2,2025-02-08 10:49:51,31.00,tarjeta
10237,817,3,2025-02-08 10:51:59,39.30,efectivo
10238,792,2,2025-02-08 10:58:02,10.95,efectivo
10239,451,5,2025-02-08 11:18:27,69.85,efectivo
10240,752,7,2025-02-08 11:19:49,173.90,tarjeta
10241,208,4,2025-02-08 11:21:30,113.50,tarjeta
10242,741,4,2025-02-08 11:22:07,26.45,efectivo
10243,806,8,2025-02-08 11:29:58,80.35,tarjeta
10244,205,10,2025-02-08 11:31:52,74.85,tarjeta
10245,905,4,2025-02-08 11:47:14,60.35,efectivo
10246,752,3,2025-02-08 12:11:39,38.90,efectivo
10247,698,2,2025-02-08 12:19:14,132.50,efectivo
10248,937,1,2025-02-08 12:22:37,101.45,tarjeta
10249,186,1,2025-02-08 12:29:27,63.45,efectivo
10250,887,6,2025-02-08 12:34:22,133.90,efectivo
10251,627,10,2025-02-08 12:34:38,48.00,tarjeta
10252,181,6,2025-02-08 12:43:59,50.45,tarjeta
10253,585,7,2025-02-08 12:46:04,88.90,tarjeta
10254,175,2,2025-02-08 12:48:16,77.80,efectivo
10255,514,6,2025-02-08 12:53:58,82.70,efectivo
10256,686,8,2025-02-08 13:33:25,60.90,efectivo
10257,829,5,2025-02-08 13:33:44,30.90,tarjeta
10258,875,1,2025-02-08 13:36:01,154.35,efectivo
10259,690,1,2025-02-08 13:51:53,65.00,tarjeta
10260,318,5,2025-02-08 13:57:28,115.40,tarjeta
10261,848,3,2025-02-08 14:06:24,164.85,tarjeta
10262,956,10,2025-02-08 14:16:15,75.00,tarjeta
10263,234,9,2025-02-08 14:17:39,38.85,efectivo
10264,458,7,2025-02-08 14:20:40,63.45,efectivo
10265,822,3,2025-02-08 14:21:43,55.40,efectivo
10266,835,8,2025-02-08 14:37:38,33.00,efectivo
10267,187,8,2025-02-08 14:41:35,18.00,efectivo
10268,853,10,2025-02-08 14:53:34,28.50,tarjeta
10269,111,7,2025-02-08 15:00:14,124.00,efectivo
10270,114,10,2025-02-08 15:09:14,48.45,efectivo
10271,836,5,2025-02-08 15:14:49,163.90,tarjeta
10272,851,5,2025-02-08 15:17:45,202.05,efectivo
10273,209,4,2025-02-08 15:20:17,75.40,efectivo
10274,55,8,2025-02-08 15:26:32,98.90,efectivo
10275,821,3,2025-02-08 15:35:51,100.25,tarjeta
10276,516,6,2025-02-08 15:39:18,15.50,tarjeta
10277,381,3,2025-02-08 15:41:34,65.00,efectivo
10278,590,6,2025-02-08 15:41:58,168.75,tarjeta
10279,612,10,2025-02-08 15:52:30,67.50,efectivo
10280,742,3,2025-02-08 15:52:37,104.80,tarjeta
10281,311,2,2025-02-08 15:54:24,26.45,tarjeta
10282,846,3,2025-02-08 15:56:03,87.90,efectivo
10283,598,1,2025-02-08 15:59:29,129.30,tarjeta
10284,671,3,2025-02-08 16:05:24,68.00,tarjeta
10285,348,5,2025-02-08 16:11:13,68.95,efectivo
10286,436,7,2025-02-08 16:16:19,10.95,tarjeta
10287,195,5,2025-02-08 16:21:54,36.45,efectivo
10288,106,10,2025-02-08 16:23:13,15.50,tarjeta
10289,259,10,2025-02-08 16:25:36,180.80,tarjeta
10290,24,1,2025-02-08 16:29:55,111.40,tarjeta
10291,348,7,2025-02-08 16:33:10,101.90,efectivo
10292,540,7,2025-02-08 16:45:59,180.50,tarjeta
10293,797,6,2025-02-08 16:50:30,83.35,efectivo
10294,484,1,2025-02-08 16:58:12,190.60,tarjeta
10295,860,2,2025-02-08 17:00:52,54.00,efectivo
10296,733,9,2025-02-08 17:02:58,70.00,tarjeta
10297,840,2,2025-02-08 17:06:18,54.00,tarjeta
10298,598,7,2025-02-08 17:09:55,69.00,efectivo
10299,865,9,2025-02-08 17:15:37,88.00,tarjeta
10300,662,2,2025-02-08 17:31:31,90.50,efectivo
10301,988,4,2025-02-08 17:31:39,61.95,tarjeta
10302,283,3,2025-02-08 17:34:39,133.50,efectivo
10303,927,7,2025-02-08 17:40:18,105.90,tarjeta
10304,839,7,2025-02-08 17:40:48,101.00,efectivo
10305,905,5,2025-02-08 17:43:08,81.00,tarjeta
10306,742,10,2025-02-08 18:09:10,82.90,efectivo
10307,62,7,2025-02-08 18:26:04,59.95,tarjeta
10308,24,10,2025-02-08 18:26:34,147.60,efectivo
10309,135,4,2025-02-08 18:42:46,157.85,efectivo
10310,79,4,2025-02-08 18:45:59,76.00,efectivo
10311,988,1,2025-02-08 18:52:07,90.15,tarjeta
10312,823,10,2025-02-08 19:07:50,121.85,tarjeta
10313,671,6,2025-02-08 19:13:57,82.00,tarjeta
10314,80,9,2025-02-08 19:24:22,94.00,tarjeta
10315,18,3,2025-02-08 19:29:34,31.00,tarjeta
10316,395,10,2025-02-08 19:37:00,71.90,tarjeta
10317,395,2,2025-02-08 19:42:41,118.60,tarjeta
10318,367,6,2025-02-08 20:00:58,130.40,tarjeta
10319,532,2,2025-02-08 20:03:39,28.50,tarjeta
10320,182,4,2025-02-08 20:11:28,32.30,efectivo
10321,846,8,2025-02-08 20:15:25,87.40,efectivo
10322,927,9,2025-02-08 20:58:00,165.80,efectivo
10323,473,8,2025-02-08 21:02:33,115.90,tarjeta
10324,264,2,2025-02-08 21:04:27,57.20,efectivo
10325,248,9,2025-02-08 21:19:44,65.00,tarjeta
10326,959,3,2025-02-08 21:36:55,103.90,tarjeta
10327,449,5,2025-02-08 22:01:55,121.95,efectivo
10328,632,2,2025-02-08 22:03:11,36.45,tarjeta
10329,994,4,2025-02-08 22:03:24,145.30,efectivo
10330,519,2,2025-02-08 22:27:52,19.95,tarjeta
10331,392,7,2025-02-09 06:03:32,15.50,efectivo
10332,445,10,2025-02-09 06:05:00,59.45,efectivo
10333,250,8,2025-02-09 06:12:12,31.00,efectivo
10334,873,8,2025-02-09 06:17:04,26.45,tarjeta
10335,128,8,2025-02-09 06:28:54,50.95,tarjeta
10336,81,9,2025-02-09 06:34:14,152.70,efectivo
10337,331,1,2025-02-09 06:34:53,128.85,efectivo
10338,195,3,2025-02-09 06:38:56,62.40,efectivo
10339,614,5,2025-02-09 06:42:21,51.50,tarjeta
10340,157,4,2025-02-09 06:43:43,97.95,tarjeta
10341,757,9,2025-02-09 06:50:22,109.85,efectivo
10342,31,8,2025-02-09 06:52:28,165.15,efectivo
10343,1000,10,2025-02-09 06:54:45,48.95,efectivo
10344,90,4,2025-02-09 06:55:38,26.95,tarjeta
10345,506,8,2025-02-09 06:55:43,10.00,tarjeta
10346,535,1,2025-02-09 06:57:06,24.50,tarjeta
10347,707,9,2025-02-09 06:57:49,57.35,efectivo
10348,698,8,2025-02-09 07:01:48,127.90,efectivo
10349,588,9,2025-02-09 07:05:19,31.00,tarjeta
10350,755,2,2025-02-09 07:11:02,22.00,efectivo
10351,672,10,2025-02-09 07:14:22,85.50,efectivo
10352,733,3,2025-02-09 07:15:38,141.80,tarjeta
10353,781,5,2025-02-09 07:16:54,22.95,tarjeta
10354,160,10,2025-02-09 07:17:32,39.50,tarjeta
10355,544,7,2025-02-09 07:19:26,39.30,tarjeta
10356,783,2,2025-02-09 07:19:45,58.95,tarjeta
10357,849,9,2025-02-09 07:20:17,101.45,efectivo
10358,561,3,2025-02-09 07:27:52,94.00,tarjeta
10359,322,10,2025-02-09 07:28:30,10.00,efectivo
10360,652,1,2025-02-09 07:31:06,62.90,efectivo
10361,660,1,2025-02-09 07:31:56,110.40,tarjeta
10362,222,1,2025-02-09 07:40:11,10.95,efectivo
10363,923,2,2025-02-09 07:52:56,22.00,efectivo
10364,104,6,2025-02-09 07:57:20,67.40,tarjeta
10365,599,3,2025-02-09 08:05:16,58.95,tarjeta
10366,706,6,2025-02-09 08:05:36,40.00,tarjeta
10367,702,3,2025-02-09 08:08:42,59.50,tarjeta
10368,733,6,2025-02-09 08:08:48,77.95,efectivo
10369,544,7,2025-02-09 08:12:37,77.50,efectivo
10370,120,9,2025-02-09 08:15:17,87.50,efectivo
10371,400,8,2025-02-09 08:16:32,92.35,efectivo
10372,41,5,2025-02-09 08:16:36,28.50,tarjeta
10373,994,8,2025-02-09 08:23:50,53.95,tarjeta
10374,370,6,2025-02-09 08:24:11,47.50,efectivo
10375,54,1,2025-02-09 08:25:51,26.95,efectivo
10376,402,5,2025-02-09 08:30:39,15.50,efectivo
10377,359,2,2025-02-09 08:33:09,41.95,tarjeta
10378,469,3,2025-02-09 08:38:02,46.50,efectivo
10379,196,5,2025-02-09 08:38:45,22.00,tarjeta
10380,67,5,2025-02-09 08:44:30,100.95,efectivo
10381,288,6,2025-02-09 08:45:10,77.50,tarjeta
10382,368,1,2025-02-09 08:45:17,31.00,tarjeta
10383,292,2,2025-02-09 08:46:38,31.00,efectivo
10384,437,5,2025-02-09 08:49:50,32.00,tarjeta
10385,666,7,2025-02-09 08:58:59,37.50,efectivo
10386,456,10,2025-02-09 09:03:12,22.00,efectivo
10387,833,3,2025-02-09 09:03:13,207.70,tarjeta
10388,196,1,2025-02-09 09:08:50,42.50,efectivo
10389,994,5,2025-02-09 09:09:25,94.45,efectivo
10390,362,9,2025-02-09 09:12:19,42.45,tarjeta
10391,979,2,2025-02-09 09:18:58,26.45,efectivo
10392,391,9,2025-02-09 09:21:48,180.80,efectivo
10393,582,6,2025-02-09 09:23:23,47.50,efectivo
10394,564,8,2025-02-09 09:25:45,47.50,efectivo
10395,89,8,2025-02-09 09:29:08,73.45,tarjeta
10396,544,10,2025-02-09 09:32:31,10.00,tarjeta
10397,619,9,2025-02-09 09:32:49,78.95,tarjeta
10398,195,5,2025-02-09 09:36:17,83.75,efectivo
10399,588,7,2025-02-09 09:38:36,28.50,tarjeta
10400,176,3,2025-02-09 09:39:04,26.45,efectivo
10401,440,7,2025-02-09 09:39:22,126.30,tarjeta
10402,792,8,2025-02-09 09:42:05,46.50,efectivo
10403,842,9,2025-02-09 09:44:09,85.45,tarjeta
10404,428,7,2025-02-09 09:56:40,31.00,efectivo
10405,329,9,2025-02-09 09:57:42,48.95,tarjeta
10406,295,6,2025-02-09 09:59:20,73.45,tarjeta
10407,950,6,2025-02-09 09:59:55,53.90,tarjeta
10408,588,4,2025-02-09 10:02:18,41.50,efectivo
10409,728,7,2025-02-09 10:03:11,36.95,tarjeta
10410,205,1,2025-02-09 10:10:36,8.00,efectivo
10411,905,10,2025-02-09 10:10:37,88.80,tarjeta
10412,473,4,2025-02-09 10:11:04,127.90,efectivo
10413,967,9,2025-02-09 10:15:21,36.95,efectivo
10414,55,5,2025-02-09 10:19:50,131.05,efectivo
10415,195,7,2025-02-09 10:24:43,57.45,tarjeta
10416,417,3,2025-02-09 10:25:36,10.95,efectivo
10417,956,2,2025-02-09 10:28:37,111.65,efectivo
10418,873,4,2025-02-09 10:29:04,38.45,efectivo
10419,792,6,2025-02-09 10:34:08,22.00,efectivo
10420,383,6,2025-02-09 10:38:38,44.00,efectivo
10421,809,1,2025-02-09 10:43:04,67.95,efectivo
10422,170,1,2025-02-09 10:43:07,45.00,tarjeta
10423,575,2,2025-02-09 10:43:46,110.30,tarjeta
10424,109,2,2025-02-09 10:48:02,126.90,efectivo
10425,714,6,2025-02-09 10:48:12,51.95,tarjeta
10426,608,3,2025-02-09 10:58:20,72.90,efectivo
10427,762,9,2025-02-09 11:21:28,12.35,efectivo
10428,733,7,2025-02-09 11:22:57,216.70,tarjeta
10429,472,7,2025-02-09 11:29:53,132.85,efectivo
10430,7,10,2025-02-09 11:42:06,67.85,tarjeta
10431,371,10,2025-02-09 11:59:58,41.00,efectivo
10432,752,5,2025-02-09 12:01:09,60.95,efectivo
10433,228,3,2025-02-09 12:07:01,110.85,tarjeta
10434,836,7,2025-02-09 12:13:15,74.50,efectivo
10435,698,1,2025-02-09 12:15:00,159.90,tarjeta
10436,20,2,2025-02-09 12:22:30,19.95,tarjeta
10437,987,4,2025-02-09 12:40:27,16.50,tarjeta
10438,554,4,2025-02-09 12:45:28,95.80,tarjeta
10439,193,4,2025-02-09 12:47:28,26.00,efectivo
10440,261,7,2025-02-09 12:54:43,43.95,tarjeta
10441,395,4,2025-02-09 12:58:37,93.85,tarjeta
10442,174,7,2025-02-09 13:00:27,12.00,tarjeta
10443,570,2,2025-02-09 13:08:31,22.50,efectivo
10444,809,10,2025-02-09 13:08:43,135.70,efectivo
10445,37,7,2025-02-09 13:16:02,48.35,efectivo
10446,83,6,2025-02-09 13:24:47,88.95,efectivo
10447,371,3,2025-02-09 13:28:31,55.95,tarjeta
10448,451,5,2025-02-09 13:33:00,64.85,tarjeta
10449,832,9,2025-02-09 13:37:42,22.50,tarjeta
10450,682,10,2025-02-09 13:40:54,128.60,efectivo
10451,834,3,2025-02-09 13:44:57,95.90,efectivo
10452,607,5,2025-02-09 13:55:59,118.90,tarjeta
10453,501,6,2025-02-09 14:01:49,106.00,efectivo
10454,301,2,2025-02-09 14:04:37,67.40,tarjeta
10455,730,1,2025-02-09 14:05:10,114.60,tarjeta
10456,628,10,2025-02-09 14:12:29,10.00,efectivo
10457,930,7,2025-02-09 14:21:33,41.30,tarjeta
10458,730,8,2025-02-09 14:24:51,45.95,tarjeta
10459,522,9,2025-02-09 14:40:53,95.80,efectivo
10460,150,6,2025-02-09 14:59:56,121.85,tarjeta
10461,194,3,2025-02-09 15:04:42,71.30,tarjeta
10462,373,1,2025-02-09 15:09:33,138.50,efectivo
10463,36,9,2025-02-09 15:20:53,130.85,tarjeta
10464,273,7,2025-02-09 15:27:26,8.00,tarjeta
10465,926,3,2025-02-09 15:28:51,186.30,tarjeta
10466,622,9,2025-02-09 15:35:22,38.90,tarjeta
10467,698,8,2025-02-09 15:43:10,86.50,efectivo
10468,612,9,2025-02-09 15:45:51,152.90,efectivo
10469,322,9,2025-02-09 15:56:58,15.50,efectivo
10470,589,9,2025-02-09 16:00:17,19.95,tarjeta
10471,24,6,2025-02-09 16:09:26,69.95,efectivo
10472,425,8,2025-02-09 16:27:40,170.80,efectivo
10473,451,9,2025-02-09 16:34:44,36.00,tarjeta
10474,644,4,2025-02-09 16:37:53,38.90,tarjeta
10475,622,4,2025-02-09 16:39:46,174.70,tarjeta
10476,965,6,2025-02-09 16:45:36,83.40,efectivo
10477,107,2,2025-02-09 16:48:11,35.00,tarjeta
10478,690,7,2025-02-09 17:06:22,142.50,efectivo
10479,698,4,2025-02-09 17:08:55,18.00,efectivo
10480,367,1,2025-02-09 17:12:01,82.50,efectivo
10481,189,5,2025-02-09 17:13:49,113.80,tarjeta
10482,473,7,2025-02-09 17:19:52,149.25,efectivo
10483,816,4,2025-02-09 17:21:33,35.00,efectivo
10484,662,8,2025-02-09 17:24:51,119.85,tarjeta
10485,104,9,2025-02-09 17:29:05,77.80,tarjeta
10486,348,2,2025-02-09 17:30:56,160.40,efectivo
10487,323,9,2025-02-09 17:34:26,113.90,tarjeta
10488,939,6,2025-02-09 17:36:24,16.50,tarjeta
10489,733,2,2025-02-09 17:41:48,152.65,efectivo
10490,391,1,2025-02-09 17:47:18,66.45,efectivo
10491,550,8,2025-02-09 18:02:43,127.95,tarjeta
10492,824,3,2025-02-09 18:03:45,106.00,efectivo
10493,926,8,2025-02-09 18:07:21,42.70,efectivo
10494,977,9,2025-02-09 18:08:24,167.75,tarjeta
10495,811,10,2025-02-09 18:09:04,77.80,efectivo
10496,827,5,2025-02-09 18:16:19,152.70,efectivo
10497,653,6,2025-02-09 18:17:32,164.00,efectivo
10498,37,6,2025-02-09 18:23:38,119.25,tarjeta
10499,570,4,2025-02-09 18:26:17,67.00,tarjeta
10500,832,6,2025-02-09 18:37:38,85.85,tarjeta
10501,168,1,2025-02-09 18:41:42,68.70,tarjeta
10502,263,10,2025-02-09 18:49:34,18.00,tarjeta
10503,613,5,2025-02-09 18:50:17,12.00,tarjeta
10504,3,9,2025-02-09 19:03:13,96.85,tarjeta
10505,484,1,2025-02-09 19:24:23,63.50,tarjeta
10506,490,1,2025-02-09 19:32:31,144.95,efectivo
10507,275,8,2025-02-09 19:33:56,70.65,tarjeta
10508,907,3,2025-02-09 19:38:33,35.95,efectivo
10509,382,4,2025-02-09 19:38:55,42.95,tarjeta
10510,430,6,2025-02-09 19:52:27,85.95,efectivo
10511,829,5,2025-02-09 19:55:43,127.95,efectivo
10512,192,6,2025-02-09 20:02:01,105.00,efectivo
10513,158,9,2025-02-09 20:15:56,85.50,efectivo
10514,363,1,2025-02-09 20:37:39,77.95,tarjeta
10515,484,3,2025-02-09 20:41:02,141.90,efectivo
10516,660,8,2025-02-09 20:42:14,88.40,tarjeta
10517,71,2,2025-02-09 20:44:40,108.90,efectivo
10518,514,2,2025-02-09 20:45:28,53.95,tarjeta
10519,223,4,2025-02-09 20:46:00,131.85,tarjeta
10520,189,3,2025-02-09 21:01:44,176.00,tarjeta
10521,273,2,2025-02-09 21:02:40,191.80,efectivo
10522,882,7,2025-02-09 21:03:26,153.90,tarjeta
10523,501,9,2025-02-09 21:11:42,113.80,efectivo
10524,290,8,2025-02-09 21:18:05,162.80,efectivo
10525,730,8,2025-02-09 21:26:50,90.80,efectivo
10526,471,3,2025-02-09 21:31:23,159.95,efectivo
10527,979,4,2025-02-09 21:35:56,15.50,tarjeta
10528,851,8,2025-02-09 21:37:18,95.85,efectivo
10529,701,9,2025-02-09 21:39:27,34.50,tarjeta
10530,158,6,2025-02-09 22:01:47,64.90,efectivo
10531,540,8,2025-02-09 22:02:05,138.85,tarjeta
10532,55,2,2025-02-09 22:07:07,123.75,efectivo
10533,202,4,2025-02-09 22:07:11,45.95,tarjeta
10534,634,8,2025-02-09 22:14:50,97.00,efectivo
10535,681,7,2025-02-09 22:19:02,125.30,efectivo
10536,24,2,2025-02-09 22:50:49,90.00,efectivo
10537,977,3,2025-02-09 22:52:17,114.95,tarjeta
10538,849,6,2025-02-09 22:55:03,115.85,efectivo
10539,378,4,2025-02-09 22:58:32,89.75,tarjeta
10540,757,2,2025-02-09 22:59:55,117.80,tarjeta
10541,465,5,2025-02-10 06:02:33,142.80,tarjeta
10542,63,8,2025-02-10 06:03:36,40.50,tarjeta
10543,448,4,2025-02-10 06:09:54,34.00,efectivo
10544,652,1,2025-02-10 06:13:18,79.95,tarjeta
10545,725,4,2025-02-10 06:21:56,63.00,tarjeta
10546,197,3,2025-02-10 06:26:48,35.45,efectivo
10547,525,1,2025-02-10 06:28:21,162.00,efectivo
10548,792,9,2025-02-10 06:31:16,56.00,tarjeta
10549,885,7,2025-02-10 06:31:43,66.00,tarjeta
10550,346,7,2025-02-10 06:32:31,24.50,tarjeta
10551,630,7,2025-02-10 06:36:16,67.50,tarjeta
10552,350,4,2025-02-10 06:37:40,41.00,tarjeta
10553,417,5,2025-02-10 06:46:57,15.50,efectivo
10554,185,6,2025-02-10 06:51:38,10.00,efectivo
10555,33,7,2025-02-10 06:51:56,12.00,efectivo
10556,78,3,2025-02-10 06:59:22,46.50,tarjeta
10557,372,7,2025-02-10 07:08:03,78.50,tarjeta
10558,744,1,2025-02-10 07:12:00,0.00,efectivo
10559,643,4,2025-02-10 07:12:41,55.50,efectivo
10560,666,3,2025-02-10 07:14:18,45.00,tarjeta
10561,568,7,2025-02-10 07:15:20,24.35,efectivo
10562,579,1,2025-02-10 07:15:27,38.95,efectivo
10563,270,8,2025-02-10 07:17:01,37.50,tarjeta
10564,421,9,2025-02-10 07:17:52,95.65,tarjeta
10565,329,5,2025-02-10 07:19:30,44.00,efectivo
10566,222,9,2025-02-10 07:27:06,76.00,tarjeta
10567,12,6,2025-02-10 07:28:36,12.00,tarjeta
10568,477,3,2025-02-10 07:31:10,56.95,efectivo
10569,727,9,2025-02-10 07:31:13,10.00,efectivo
10570,359,5,2025-02-10 07:33:12,10.95,tarjeta
10571,377,5,2025-02-10 07:37:58,51.95,tarjeta
10572,13,6,2025-02-10 07:38:32,92.85,tarjeta
10573,611,5,2025-02-10 07:44:40,39.50,tarjeta
10574,454,10,2025-02-10 07:50:09,91.35,efectivo
10575,405,7,2025-02-10 07:54:49,35.00,tarjeta
10576,148,8,2025-02-10 07:59:52,35.45,tarjeta
10577,760,2,2025-02-10 08:00:27,22.00,tarjeta
10578,406,8,2025-02-10 08:06:58,22.00,efectivo
10579,120,3,2025-02-10 08:08:06,84.35,efectivo
10580,123,9,2025-02-10 08:10:11,148.40,efectivo
10581,691,7,2025-02-10 08:12:14,24.50,tarjeta
10582,386,8,2025-02-10 08:12:50,135.95,efectivo
10583,835,6,2025-02-10 08:14:44,196.65,tarjeta
10584,796,2,2025-02-10 08:18:12,84.45,tarjeta
10585,885,2,2025-02-10 08:18:18,59.50,efectivo
10586,161,6,2025-02-10 08:19:50,66.95,tarjeta
10587,161,6,2025-02-10 08:20:57,40.00,efectivo
10588,544,10,2025-02-10 08:31:17,55.45,tarjeta
10589,957,10,2025-02-10 08:31:34,26.95,tarjeta
10590,629,3,2025-02-10 08:34:05,25.50,tarjeta
10591,915,9,2025-02-10 08:45:28,54.50,tarjeta
10592,533,5,2025-02-10 08:45:36,15.50,efectivo
10593,933,2,2025-02-10 08:45:59,18.00,tarjeta
10594,317,7,2025-02-10 08:49:00,31.00,efectivo
10595,179,9,2025-02-10 08:51:15,151.45,tarjeta
10596,28,10,2025-02-10 08:52:37,38.80,efectivo
10597,755,4,2025-02-10 08:56:29,10.95,tarjeta
10598,377,9,2025-02-10 08:57:03,38.45,tarjeta
10599,789,3,2025-02-10 09:03:12,53.00,efectivo
10600,197,2,2025-02-10 09:04:54,43.00,efectivo
10601,924,4,2025-02-10 09:07:19,157.70,tarjeta
10602,430,8,2025-02-10 09:07:49,79.00,tarjeta
10603,526,3,2025-02-10 09:10:00,46.50,tarjeta
10604,586,3,2025-02-10 09:13:19,51.45,tarjeta
10605,965,10,2025-02-10 09:15:14,174.65,tarjeta
10606,359,8,2025-02-10 09:17:24,31.00,tarjeta
10607,548,3,2025-02-10 09:25:00,15.50,tarjeta
10608,974,9,2025-02-10 09:26:35,22.00,tarjeta
10609,976,1,2025-02-10 09:36:25,101.90,efectivo
10610,548,8,2025-02-10 09:36:50,70.95,tarjeta
10611,967,9,2025-02-10 09:38:43,64.45,efectivo
10612,445,7,2025-02-10 09:39:26,18.00,tarjeta
10613,85,5,2025-02-10 09:41:51,22.00,efectivo
10614,584,4,2025-02-10 09:42:39,61.45,tarjeta
10615,446,2,2025-02-10 09:43:38,40.50,tarjeta
10616,177,10,2025-02-10 09:45:28,40.00,tarjeta
10617,170,10,2025-02-10 09:50:25,66.00,tarjeta
10618,974,10,2025-02-10 09:50:47,22.95,tarjeta
10619,418,3,2025-02-10 09:53:54,95.80,efectivo
10620,957,5,2025-02-10 10:06:43,26.95,efectivo
10621,222,4,2025-02-10 10:08:02,26.95,efectivo
10622,579,1,2025-02-10 10:08:52,0.00,tarjeta
10623,176,3,2025-02-10 10:09:35,24.50,tarjeta
10624,10,5,2025-02-10 10:10:02,73.45,efectivo
10625,402,6,2025-02-10 10:10:25,32.00,tarjeta
10626,404,1,2025-02-10 10:13:28,54.40,tarjeta
10627,803,5,2025-02-10 10:18:35,10.95,tarjeta
10628,36,8,2025-02-10 10:22:58,139.00,efectivo
10629,122,4,2025-02-10 10:24:24,15.50,efectivo
10630,829,10,2025-02-10 10:26:03,121.85,tarjeta
10631,206,9,2025-02-10 10:27:44,31.00,efectivo
10632,41,9,2025-02-10 10:37:35,57.45,tarjeta
10633,176,6,2025-02-10 10:41:11,59.50,efectivo
10634,54,10,2025-02-10 10:44:06,20.95,efectivo
10635,690,9,2025-02-10 10:47:01,117.95,tarjeta
10636,54,6,2025-02-10 10:52:16,57.95,efectivo
10637,161,3,2025-02-10 10:52:46,24.50,tarjeta
10638,954,8,2025-02-10 10:58:53,73.45,tarjeta
10639,879,5,2025-02-10 11:00:06,95.95,efectivo
10640,703,1,2025-02-10 11:03:57,78.95,efectivo
10641,827,1,2025-02-10 11:22:24,133.75,tarjeta
10642,573,4,2025-02-10 11:36:03,45.00,efectivo
10643,924,6,2025-02-10 11:36:56,172.30,tarjeta
10644,36,10,2025-02-10 11:39:56,107.85,efectivo
10645,827,8,2025-02-10 11:43:03,46.50,tarjeta
10646,841,10,2025-02-10 11:46:12,117.85,tarjeta
10647,682,10,2025-02-10 12:00:25,127.50,tarjeta
10648,130,7,2025-02-10 12:03:25,102.95,tarjeta
10649,499,5,2025-02-10 12:03:37,107.90,tarjeta
10650,733,1,2025-02-10 12:11:45,99.40,tarjeta
10651,372,6,2025-02-10 12:18:29,96.50,tarjeta
10652,476,9,2025-02-10 12:19:00,109.95,tarjeta
10653,690,9,2025-02-10 12:25:11,160.65,tarjeta
10654,471,5,2025-02-10 12:37:57,107.15,efectivo
10655,933,5,2025-02-10 12:45:28,116.90,tarjeta
10656,275,7,2025-02-10 12:49:21,68.35,efectivo
10657,192,2,2025-02-10 12:53:26,129.75,efectivo
10658,628,8,2025-02-10 12:59:12,30.00,tarjeta
10659,836,7,2025-02-10 13:06:51,144.40,tarjeta
10660,273,5,2025-02-10 13:11:11,113.45,tarjeta
10661,671,8,2025-02-10 13:16:15,81.50,efectivo
10662,157,7,2025-02-10 13:36:48,206.85,efectivo
10663,91,5,2025-02-10 14:06:42,10.95,tarjeta
10664,977,6,2025-02-10 14:15:37,88.90,efectivo
10665,175,9,2025-02-10 14:41:16,15.50,efectivo
10666,771,5,2025-02-10 15:01:33,180.70,tarjeta
10667,978,2,2025-02-10 15:06:22,35.00,tarjeta
10668,701,9,2025-02-10 15:18:48,35.95,efectivo
10669,156,3,2025-02-10 15:23:48,27.50,tarjeta
10670,892,2,2025-02-10 15:24:30,93.70,tarjeta
10671,323,6,2025-02-10 15:27:20,87.90,tarjeta
10672,339,10,2025-02-10 15:33:09,191.80,efectivo
10673,175,8,2025-02-10 16:00:00,98.85,efectivo
10674,831,10,2025-02-10 16:00:14,103.65,tarjeta
10675,42,2,2025-02-10 16:01:47,36.00,tarjeta
10676,780,7,2025-02-10 16:09:31,58.50,efectivo
10677,501,5,2025-02-10 16:13:29,74.85,tarjeta
10678,834,7,2025-02-10 16:23:12,93.45,efectivo
10679,418,10,2025-02-10 16:25:47,123.15,tarjeta
10680,381,7,2025-02-10 16:34:05,128.80,tarjeta
10681,609,9,2025-02-10 16:39:25,22.50,efectivo
10682,395,7,2025-02-10 16:44:52,78.50,tarjeta
10683,228,9,2025-02-10 16:50:05,104.85,efectivo
10684,150,2,2025-02-10 16:50:21,70.90,tarjeta
10685,834,3,2025-02-10 17:00:14,73.30,tarjeta
10686,663,4,2025-02-10 17:28:11,36.00,efectivo
10687,856,1,2025-02-10 17:32:49,151.00,efectivo
10688,829,1,2025-02-10 17:41:20,110.40,tarjeta
10689,848,4,2025-02-10 17:44:29,140.75,efectivo
10690,307,6,2025-02-10 18:03:25,32.95,efectivo
10691,931,1,2025-02-10 18:24:39,126.30,efectivo
10692,393,2,2025-02-10 18:26:57,83.85,tarjeta
10693,138,8,2025-02-10 18:37:23,12.35,efectivo
10694,590,4,2025-02-10 18:49:34,35.00,efectivo
10695,806,7,2025-02-10 18:50:19,54.90,tarjeta
10696,333,9,2025-02-10 18:52:31,42.35,efectivo
10697,224,5,2025-02-10 18:58:29,41.95,tarjeta
10698,208,6,2025-02-10 19:32:32,74.00,tarjeta
10699,607,1,2025-02-10 19:41:07,121.50,tarjeta
10700,590,8,2025-02-10 19:41:59,92.85,efectivo
10701,561,8,2025-02-10 19:44:51,54.90,efectivo
10702,150,6,2025-02-10 20:15:11,65.00,efectivo
10703,522,2,2025-02-10 20:36:46,108.95,tarjeta
10704,328,8,2025-02-10 20:37:06,123.00,efectivo
10705,167,6,2025-02-10 20:58:12,144.80,tarjeta
10706,301,1,2025-02-10 21:09:20,86.25,efectivo
10707,556,10,2025-02-10 21:13:12,80.50,efectivo
10708,612,5,2025-02-10 21:17:53,113.80,efectivo
10709,854,8,2025-02-10 21:18:02,24.50,tarjeta
10710,590,6,2025-02-10 21:35:34,75.00,tarjeta
10711,829,7,2025-02-10 21:50:50,102.90,tarjeta
10712,367,10,2025-02-10 22:05:14,53.20,efectivo
10713,390,8,2025-02-10 22:12:00,146.75,tarjeta
10714,661,2,2025-02-10 22:15:59,138.75,efectivo
10715,208,4,2025-02-10 22:21:04,104.00,efectivo
10716,348,6,2025-02-10 22:22:39,113.50,efectivo
10717,994,1,2025-02-10 22:23:42,81.95,efectivo
10718,65,2,2025-02-10 22:28:09,146.90,tarjeta
10719,476,1,2025-02-10 22:28:28,49.45,efectivo
10720,806,3,2025-02-10 22:32:40,68.00,tarjeta
10721,797,9,2025-02-10 22:45:46,43.00,tarjeta
10722,416,8,2025-02-10 22:51:04,74.60,efectivo
10723,892,5,2025-02-10 22:54:36,79.00,efectivo
10724,367,9,2025-02-10 22:57:23,95.45,efectivo
10725,79,5,2025-02-10 22:59:21,94.40,tarjeta
10726,851,1,2025-02-10 22:59:53,102.85,efectivo
10727,433,2,2025-02-11 06:00:09,82.90,efectivo
10728,392,10,2025-02-11 06:01:37,10.95,efectivo
10729,232,3,2025-02-11 06:05:54,43.00,efectivo
10730,799,5,2025-02-11 06:14:06,15.50,tarjeta
10731,292,10,2025-02-11 06:15:30,47.90,tarjeta
10732,232,6,2025-02-11 06:26:35,12.00,tarjeta
10733,465,6,2025-02-11 06:28:30,82.50,tarjeta
10734,650,7,2025-02-11 06:31:05,51.45,efectivo
10735,405,2,2025-02-11 06:35:11,48.45,tarjeta
10736,586,3,2025-02-11 06:47:40,79.50,tarjeta
10737,69,10,2025-02-11 06:50:13,46.50,efectivo
10738,38,1,2025-02-11 06:55:08,31.95,tarjeta
10739,833,6,2025-02-11 06:55:20,79.40,efectivo
10740,9,2,2025-02-11 06:56:34,37.50,efectivo
10741,881,8,2025-02-11 06:56:45,29.50,efectivo
10742,170,9,2025-02-11 06:59:41,48.95,tarjeta
10743,753,8,2025-02-11 07:02:59,98.00,tarjeta
10744,394,10,2025-02-11 07:03:59,45.95,efectivo
10745,402,4,2025-02-11 07:05:19,35.95,efectivo
10746,976,6,2025-02-11 07:07:14,12.00,efectivo
10747,451,9,2025-02-11 07:08:44,35.00,tarjeta
10748,671,10,2025-02-11 07:09:19,129.95,tarjeta
10749,179,1,2025-02-11 07:09:52,148.50,efectivo
10750,563,5,2025-02-11 07:10:16,46.50,tarjeta
10751,956,7,2025-02-11 07:19:24,60.90,tarjeta
10752,89,7,2025-02-11 07:23:42,22.00,tarjeta
10753,410,3,2025-02-11 07:26:37,35.00,tarjeta
10754,532,10,2025-02-11 07:35:35,60.95,tarjeta
10755,374,7,2025-02-11 07:38:50,26.95,efectivo
10756,402,9,2025-02-11 07:40:51,35.00,tarjeta
10757,179,7,2025-02-11 07:45:32,117.00,efectivo
10758,506,3,2025-02-11 07:47:13,48.95,efectivo
10759,377,5,2025-02-11 07:47:18,42.45,tarjeta
10760,544,3,2025-02-11 07:52:23,31.00,efectivo
10761,245,8,2025-02-11 08:13:38,57.90,efectivo
10762,74,5,2025-02-11 08:15:24,79.45,efectivo
10763,994,1,2025-02-11 08:18:13,120.90,efectivo
10764,650,3,2025-02-11 08:21:46,12.00,efectivo
10765,95,6,2025-02-11 08:24:07,40.00,efectivo
10766,849,9,2025-02-11 08:26:42,57.00,tarjeta
10767,832,4,2025-02-11 08:28:34,128.90,tarjeta
10768,588,3,2025-02-11 08:30:56,44.00,tarjeta
10769,176,5,2025-02-11 08:37:16,48.95,tarjeta
10770,66,3,2025-02-11 08:38:12,163.80,tarjeta
10771,433,7,2025-02-11 08:41:41,89.40,efectivo
10772,116,6,2025-02-11 08:43:41,82.45,efectivo
10773,260,2,2025-02-11 08:45:44,57.00,efectivo
10774,113,10,2025-02-11 08:48:25,39.45,efectivo
10775,682,4,2025-02-11 08:53:59,54.00,tarjeta
10776,280,3,2025-02-11 08:55:21,48.45,efectivo
10777,983,5,2025-02-11 08:58:06,59.50,efectivo
10778,9,10,2025-02-11 08:58:30,47.90,efectivo
10779,362,5,2025-02-11 09:03:40,26.95,tarjeta
10780,183,8,2025-02-11 09:04:15,57.45,efectivo
10781,983,8,2025-02-11 09:05:44,41.00,tarjeta
10782,250,7,2025-02-11 09:08:14,38.95,efectivo
10783,390,9,2025-02-11 09:08:27,160.80,tarjeta
10784,415,2,2025-02-11 09:08:27,12.35,tarjeta
10785,13,5,2025-02-11 09:10:44,76.00,tarjeta
10786,63,8,2025-02-11 09:14:01,48.95,efectivo
10787,386,10,2025-02-11 09:15:21,113.35,tarjeta
10788,437,2,2025-02-11 09:18:04,38.90,efectivo
10789,763,7,2025-02-11 09:25:32,31.00,efectivo
10790,105,9,2025-02-11 09:31:03,29.50,efectivo
10791,421,6,2025-02-11 09:35:14,95.90,efectivo
10792,494,3,2025-02-11 09:43:08,57.95,efectivo
10793,367,2,2025-02-11 09:47:22,118.30,tarjeta
10794,652,10,2025-02-11 09:51:22,57.95,efectivo
10795,254,10,2025-02-11 09:52:21,57.95,tarjeta
10796,445,6,2025-02-11 09:52:43,22.95,efectivo
10797,33,1,2025-02-11 09:54:58,46.95,efectivo
10798,54,6,2025-02-11 09:57:12,96.35,efectivo
10799,78,10,2025-02-11 09:59:13,79.95,tarjeta
10800,12,3,2025-02-11 10:05:25,48.95,efectivo
10801,93,1,2025-02-11 10:07:38,26.95,efectivo
10802,278,6,2025-02-11 10:07:46,16.50,tarjeta
10803,843,7,2025-02-11 10:08:30,32.00,efectivo
10804,796,3,2025-02-11 10:08:56,12.00,efectivo
10805,760,9,2025-02-11 10:09:53,38.95,efectivo
10806,793,8,2025-02-11 10:15:21,32.95,efectivo
10807,640,9,2025-02-11 10:22:11,67.90,efectivo
10808,250,1,2025-02-11 10:22:28,89.50,efectivo
10809,239,6,2025-02-11 10:24:12,127.00,tarjeta
10810,161,2,2025-02-11 10:24:40,10.00,tarjeta
10811,363,10,2025-02-11 10:31:30,137.90,efectivo
10812,468,5,2025-02-11 10:33:04,40.00,efectivo
10813,520,2,2025-02-11 10:33:10,77.50,efectivo
10814,193,2,2025-02-11 10:38:31,70.50,tarjeta
10815,207,5,2025-02-11 10:38:48,26.95,efectivo
10816,613,6,2025-02-11 10:38:59,15.50,efectivo
10817,437,6,2025-02-11 10:39:03,71.40,efectivo
10818,448,7,2025-02-11 10:45:26,26.95,tarjeta
10819,453,2,2025-02-11 10:50:09,95.90,tarjeta
10820,849,3,2025-02-11 11:04:26,45.00,efectivo
10821,418,6,2025-02-11 11:16:52,63.95,efectivo
10822,554,9,2025-02-11 11:20:37,168.30,efectivo
10823,757,10,2025-02-11 11:21:25,18.00,tarjeta
10824,347,10,2025-02-11 11:25:50,37.95,tarjeta
10825,819,10,2025-02-11 11:35:24,16.50,efectivo
10826,514,10,2025-02-11 11:35:39,177.95,tarjeta
10827,675,8,2025-02-11 11:54:38,53.95,efectivo
10828,168,7,2025-02-11 12:01:32,82.00,efectivo
10829,348,7,2025-02-11 12:04:55,43.00,efectivo
10830,660,3,2025-02-11 12:17:12,91.90,efectivo
10831,145,6,2025-02-11 12:17:31,34.50,efectivo
10832,180,4,2025-02-11 12:20:57,51.50,tarjeta
10833,416,6,2025-02-11 12:28:57,42.95,tarjeta
10834,419,9,2025-02-11 12:31:16,8.00,efectivo
10835,521,9,2025-02-11 12:36:13,28.50,tarjeta
10836,453,9,2025-02-11 12:40:17,172.65,efectivo
10837,297,1,2025-02-11 12:44:54,122.90,efectivo
10838,835,8,2025-02-11 12:47:43,60.50,tarjeta
10839,875,5,2025-02-11 12:56:26,113.75,efectivo
10840,619,5,2025-02-11 13:00:40,88.00,efectivo
10841,675,5,2025-02-11 13:01:23,84.00,tarjeta
10842,715,6,2025-02-11 13:10:22,53.90,efectivo
10843,430,6,2025-02-11 13:20:08,89.00,efectivo
10844,434,3,2025-02-11 13:21:25,35.00,efectivo
10845,717,10,2025-02-11 13:26:40,111.90,efectivo
10846,440,3,2025-02-11 14:24:28,88.95,tarjeta
10847,970,5,2025-02-11 14:39:31,114.30,efectivo
10848,824,4,2025-02-11 14:43:22,136.00,tarjeta
10849,660,1,2025-02-11 14:46:25,166.80,efectivo
10850,851,7,2025-02-11 14:50:50,99.00,tarjeta
10851,561,10,2025-02-11 14:52:44,100.30,tarjeta
10852,826,3,2025-02-11 14:53:31,140.85,tarjeta
10853,522,10,2025-02-11 14:53:33,165.85,tarjeta
10854,546,9,2025-02-11 14:54:42,36.85,tarjeta
10855,905,9,2025-02-11 14:58:48,67.95,efectivo
10856,663,7,2025-02-11 15:04:48,84.40,efectivo
10857,432,10,2025-02-11 15:14:05,18.00,efectivo
10858,853,4,2025-02-11 15:23:08,114.85,efectivo
10859,6,9,2025-02-11 15:24:05,34.95,tarjeta
10860,860,1,2025-02-11 15:26:56,42.95,tarjeta
10861,532,6,2025-02-11 15:31:59,213.75,efectivo
10862,729,4,2025-02-11 15:36:03,185.50,efectivo
10863,107,1,2025-02-11 15:36:50,34.00,efectivo
10864,853,6,2025-02-11 15:42:15,106.40,efectivo
10865,834,6,2025-02-11 15:53:10,47.95,tarjeta
10866,837,8,2025-02-11 15:55:54,142.80,tarjeta
10867,565,1,2025-02-11 15:56:53,12.35,tarjeta
10868,660,2,2025-02-11 16:02:08,80.95,tarjeta
10869,806,4,2025-02-11 16:03:54,148.50,efectivo
10870,184,7,2025-02-11 16:05:11,109.85,efectivo
10871,809,9,2025-02-11 16:07:14,55.90,tarjeta
10872,50,6,2025-02-11 16:13:04,143.50,tarjeta
10873,777,8,2025-02-11 16:16:09,69.90,efectivo
10874,747,3,2025-02-11 16:20:55,47.80,efectivo
10875,183,2,2025-02-11 16:22:31,51.45,efectivo
10876,111,1,2025-02-11 16:23:22,173.90,efectivo
10877,540,6,2025-02-11 16:28:02,95.70,tarjeta
10878,273,3,2025-02-11 16:39:47,53.45,efectivo
10879,989,7,2025-02-11 16:41:12,22.00,tarjeta
10880,840,9,2025-02-11 16:43:48,49.45,efectivo
10881,373,6,2025-02-11 16:46:42,96.80,efectivo
10882,382,7,2025-02-11 16:51:27,104.45,tarjeta
10883,690,9,2025-02-11 17:04:57,88.00,tarjeta
10884,167,3,2025-02-11 17:11:04,42.50,tarjeta
10885,335,5,2025-02-11 17:12:02,32.95,tarjeta
10886,701,10,2025-02-11 17:15:04,144.80,tarjeta
10887,554,4,2025-02-11 17:19:03,110.85,tarjeta
10888,449,6,2025-02-11 17:34:01,54.45,tarjeta
10889,956,8,2025-02-11 17:43:15,92.50,efectivo
10890,938,2,2025-02-11 17:51:28,15.50,efectivo
10891,113,2,2025-02-11 18:05:02,93.45,efectivo
10892,719,8,2025-02-11 18:11:53,27.85,tarjeta
10893,839,8,2025-02-11 18:26:42,60.50,tarjeta
10894,752,5,2025-02-11 18:40:18,51.00,efectivo
10895,151,2,2025-02-11 18:46:30,49.85,efectivo
10896,880,1,2025-02-11 18:52:35,12.35,tarjeta
10897,1,8,2025-02-11 19:13:59,16.50,efectivo
10898,949,8,2025-02-11 19:15:07,61.95,tarjeta
10899,585,3,2025-02-11 19:31:35,66.50,tarjeta
10900,465,3,2025-02-11 19:33:10,120.50,tarjeta
10901,146,8,2025-02-11 19:40:46,63.50,efectivo
10902,692,1,2025-02-11 19:43:33,112.80,tarjeta
10903,687,5,2025-02-11 20:19:25,223.25,tarjeta
10904,561,8,2025-02-11 20:49:46,91.90,efectivo
10905,135,5,2025-02-11 21:01:44,28.50,tarjeta
10906,889,7,2025-02-11 21:32:30,35.95,efectivo
10907,449,4,2025-02-11 21:33:30,67.95,tarjeta
10908,546,2,2025-02-11 21:35:35,64.50,efectivo
10909,327,6,2025-02-11 21:37:51,18.00,tarjeta
10910,158,2,2025-02-11 21:39:04,64.50,tarjeta
10911,76,5,2025-02-11 21:48:53,48.50,tarjeta
10912,259,3,2025-02-11 21:49:29,132.90,tarjeta
10913,924,5,2025-02-11 21:57:15,144.00,efectivo
10914,671,2,2025-02-11 22:12:27,169.30,tarjeta
10915,636,8,2025-02-11 22:19:21,22.00,efectivo
10916,612,7,2025-02-11 22:59:08,73.50,efectivo
10917,773,10,2025-02-12 06:02:23,0.00,efectivo
10918,840,9,2025-02-12 06:02:26,50.35,efectivo
10919,125,10,2025-02-12 06:04:01,24.35,efectivo
10920,466,9,2025-02-12 06:07:17,150.80,tarjeta
10921,161,8,2025-02-12 06:08:29,18.00,tarjeta
10922,278,4,2025-02-12 06:09:07,136.85,efectivo
10923,469,9,2025-02-12 06:12:52,22.50,efectivo
10924,575,9,2025-02-12 06:17:28,58.50,efectivo
10925,148,7,2025-02-12 06:41:11,51.45,tarjeta
10926,3,9,2025-02-12 06:44:48,141.00,efectivo
10927,120,7,2025-02-12 06:48:03,62.40,tarjeta
10928,920,10,2025-02-12 06:51:13,10.95,tarjeta
10929,975,9,2025-02-12 06:51:50,24.50,tarjeta
10930,507,7,2025-02-12 06:51:52,56.90,efectivo
10931,781,4,2025-02-12 06:53:40,31.00,tarjeta
10932,740,7,2025-02-12 06:55:28,53.00,tarjeta
10933,264,7,2025-02-12 06:58:35,91.45,efectivo
10934,540,10,2025-02-12 07:02:40,78.90,efectivo
10935,680,5,2025-02-12 07:08:37,49.00,tarjeta
10936,250,1,2025-02-12 07:13:32,53.00,efectivo
10937,477,6,2025-02-12 07:14:28,34.50,tarjeta
10938,753,10,2025-02-12 07:15:21,53.00,tarjeta
10939,481,4,2025-02-12 07:15:46,15.50,tarjeta
10940,979,7,2025-02-12 07:20:53,22.00,efectivo
10941,920,10,2025-02-12 07:24:42,10.00,efectivo
10942,712,10,2025-02-12 07:35:51,53.95,tarjeta
10943,803,4,2025-02-12 07:43:39,19.95,efectivo
10944,146,8,2025-02-12 07:46:41,51.35,efectivo
10945,933,5,2025-02-12 07:50:41,107.95,tarjeta
10946,562,2,2025-02-12 07:52:15,10.95,efectivo
10947,152,5,2025-02-12 07:52:39,31.00,tarjeta
10948,448,7,2025-02-12 08:02:14,43.00,tarjeta
10949,170,8,2025-02-12 08:07:06,29.50,tarjeta
10950,425,6,2025-02-12 08:07:07,136.95,tarjeta
10951,657,10,2025-02-12 08:12:38,90.50,tarjeta
10952,485,5,2025-02-12 08:14:14,10.00,tarjeta
10953,414,3,2025-02-12 08:14:28,54.00,efectivo
10954,792,9,2025-02-12 08:17:30,26.95,efectivo
10955,377,2,2025-02-12 08:19:08,64.50,tarjeta
10956,597,10,2025-02-12 08:20:09,36.95,tarjeta
10957,969,1,2025-02-12 08:23:47,40.00,efectivo
10958,27,3,2025-02-12 08:24:51,24.50,tarjeta
10959,148,3,2025-02-12 08:26:26,46.50,tarjeta
10960,318,6,2025-02-12 08:34:26,77.80,efectivo
10961,979,3,2025-02-12 08:37:05,55.50,tarjeta
10962,842,3,2025-02-12 08:37:33,42.45,efectivo
10963,257,10,2025-02-12 08:41:58,61.95,efectivo
10964,556,6,2025-02-12 08:47:24,211.45,efectivo
10965,932,9,2025-02-12 08:49:51,53.00,efectivo
10966,356,2,2025-02-12 08:51:56,62.90,tarjeta
10967,595,4,2025-02-12 08:55:19,40.95,efectivo
10968,749,4,2025-02-12 08:56:28,10.00,tarjeta
10969,890,8,2025-02-12 08:56:52,32.95,tarjeta
10970,187,3,2025-02-12 08:57:41,50.40,tarjeta
10971,599,1,2025-02-12 09:11:23,73.85,efectivo
10972,489,7,2025-02-12 09:11:24,10.00,tarjeta
10973,370,4,2025-02-12 09:14:10,42.50,tarjeta
10974,753,4,2025-02-12 09:25:12,10.95,tarjeta
10975,437,8,2025-02-12 09:30:18,65.75,efectivo
10976,794,6,2025-02-12 09:31:19,66.95,tarjeta
10977,331,3,2025-02-12 09:31:47,147.00,efectivo
10978,276,3,2025-02-12 09:35:01,55.50,tarjeta
10979,2,10,2025-02-12 09:40:46,66.00,efectivo
10980,851,3,2025-02-12 09:42:25,55.40,tarjeta
10981,257,8,2025-02-12 09:42:39,22.00,tarjeta
10982,428,9,2025-02-12 09:53:31,31.00,efectivo
10983,707,7,2025-02-12 10:02:12,27.50,efectivo
10984,611,6,2025-02-12 10:04:47,32.50,efectivo
10985,520,3,2025-02-12 10:09:59,15.50,tarjeta
10986,890,1,2025-02-12 10:11:37,22.00,tarjeta
10987,660,2,2025-02-12 10:14:30,95.50,efectivo
10988,644,1,2025-02-12 10:16:15,53.45,efectivo
10989,452,10,2025-02-12 10:16:30,66.45,efectivo
10990,380,7,2025-02-12 10:21:14,22.00,efectivo
10991,706,8,2025-02-12 10:21:58,73.45,efectivo
10992,584,5,2025-02-12 10:22:46,28.50,tarjeta
10993,287,3,2025-02-12 10:32:35,35.90,tarjeta
10994,222,10,2025-02-12 10:34:52,63.45,tarjeta
10995,28,6,2025-02-12 10:37:30,84.90,efectivo
10996,315,5,2025-02-12 10:41:24,15.50,efectivo
10997,51,10,2025-02-12 10:41:37,149.95,efectivo
10998,520,6,2025-02-12 10:41:52,26.45,efectivo
10999,787,4,2025-02-12 10:46:12,26.45,tarjeta
11000,98,6,2025-02-12 10:53:35,31.00,efectivo
11001,815,3,2025-02-12 11:00:22,134.50,efectivo
11002,840,10,2025-02-12 11:08:20,138.35,tarjeta
11003,622,2,2025-02-12 11:12:05,110.50,efectivo
11004,816,3,2025-02-12 11:14:48,93.00,efectivo
11005,738,6,2025-02-12 11:19:45,135.00,tarjeta
11006,945,9,2025-02-12 11:26:13,113.80,tarjeta
11007,984,3,2025-02-12 11:31:14,120.90,efectivo
11008,418,5,2025-02-12 11:35:41,126.30,tarjeta
11009,472,6,2025-02-12 11:38:25,67.40,tarjeta
11010,848,3,2025-02-12 11:43:41,125.85,efectivo
11011,465,2,2025-02-12 11:52:59,113.80,tarjeta
11012,856,4,2025-02-12 11:53:32,114.00,efectivo
11013,81,3,2025-02-12 11:58:02,243.70,efectivo
11014,965,5,2025-02-12 12:08:45,98.50,tarjeta
11015,926,9,2025-02-12 12:10:08,96.50,tarjeta
11016,395,1,2025-02-12 12:26:43,141.40,efectivo
11017,42,2,2025-02-12 12:58:57,108.95,tarjeta
11018,421,6,2025-02-12 12:59:36,89.95,efectivo
11019,318,3,2025-02-12 13:02:22,32.95,efectivo
11020,471,1,2025-02-12 13:11:10,153.80,efectivo
11021,894,5,2025-02-12 13:12:58,10.95,efectivo
11022,660,5,2025-02-12 13:17:35,80.40,tarjeta
11023,145,4,2025-02-12 13:33:14,87.50,tarjeta
11024,681,6,2025-02-12 13:41:45,62.35,efectivo
11025,641,1,2025-02-12 13:55:01,103.70,efectivo
11026,846,6,2025-02-12 13:59:45,121.90,tarjeta
11027,42,3,2025-02-12 14:05:08,68.90,efectivo
11028,590,1,2025-02-12 14:12:11,101.00,efectivo
11029,977,7,2025-02-12 14:24:56,57.00,tarjeta
11030,166,3,2025-02-12 14:30:40,173.50,efectivo
11031,524,1,2025-02-12 14:44:15,101.00,tarjeta
11032,449,10,2025-02-12 14:44:35,87.95,tarjeta
11033,416,1,2025-02-12 14:44:50,53.95,efectivo
11034,930,6,2025-02-12 15:02:32,29.50,tarjeta
11035,150,9,2025-02-12 15:03:38,64.95,tarjeta
11036,882,9,2025-02-12 15:06:01,102.00,tarjeta
11037,622,3,2025-02-12 15:06:23,18.00,tarjeta
11038,381,6,2025-02-12 15:13:52,59.00,tarjeta
11039,323,7,2025-02-12 15:22:29,88.00,tarjeta
11040,451,3,2025-02-12 15:22:38,36.00,tarjeta
11041,821,4,2025-02-12 15:24:34,58.95,efectivo
11042,425,9,2025-02-12 15:27:36,69.45,tarjeta
11043,640,3,2025-02-12 15:46:41,143.75,efectivo
11044,532,9,2025-02-12 15:54:23,156.85,tarjeta
11045,398,6,2025-02-12 15:56:34,132.50,efectivo
11046,846,10,2025-02-12 16:02:10,68.50,tarjeta
11047,104,1,2025-02-12 16:05:01,57.00,efectivo
11048,83,3,2025-02-12 16:05:32,130.40,tarjeta
11049,80,9,2025-02-12 16:10:17,80.45,efectivo
11050,828,6,2025-02-12 16:13:17,40.45,efectivo
11051,817,2,2025-02-12 16:32:30,27.45,efectivo
11052,772,1,2025-02-12 16:38:48,24.95,tarjeta
11053,318,9,2025-02-12 16:39:07,147.90,efectivo
11054,823,5,2025-02-12 16:42:54,92.95,efectivo
11055,123,9,2025-02-12 16:45:34,106.85,tarjeta
11056,223,4,2025-02-12 16:47:25,109.40,efectivo
11057,836,3,2025-02-12 16:53:03,151.65,tarjeta
11058,835,5,2025-02-12 17:15:44,31.00,efectivo
11059,23,9,2025-02-12 17:20:33,55.50,tarjeta
11060,275,5,2025-02-12 17:20:33,98.35,efectivo
11061,585,8,2025-02-12 17:21:11,53.00,efectivo
11062,826,5,2025-02-12 17:28:36,81.50,tarjeta
11063,827,9,2025-02-12 17:48:38,98.60,efectivo
11064,532,10,2025-02-12 17:56:04,73.00,tarjeta
11065,738,4,2025-02-12 17:56:34,157.85,efectivo
11066,733,7,2025-02-12 17:57:51,236.70,efectivo
11067,988,3,2025-02-12 17:59:21,63.40,tarjeta
11068,24,3,2025-02-12 18:02:30,131.00,efectivo
11069,272,3,2025-02-12 18:05:42,82.90,efectivo
11070,640,4,2025-02-12 18:35:40,157.95,tarjeta
11071,290,3,2025-02-12 18:35:54,223.40,efectivo
11072,189,5,2025-02-12 18:38:22,76.45,efectivo
11073,77,9,2025-02-12 18:46:14,80.00,tarjeta
11074,425,7,2025-02-12 18:48:43,77.00,tarjeta
11075,663,9,2025-02-12 19:06:02,265.65,efectivo
11076,186,9,2025-02-12 19:15:42,61.00,tarjeta
11077,187,3,2025-02-12 19:29:55,103.50,tarjeta
11078,514,4,2025-02-12 19:52:24,155.35,tarjeta
11079,984,3,2025-02-12 20:00:22,40.50,tarjeta
11080,811,1,2025-02-12 20:02:41,130.50,tarjeta
11081,473,5,2025-02-12 20:22:46,87.50,efectivo
11082,608,5,2025-02-12 20:27:59,26.00,efectivo
11083,550,3,2025-02-12 20:34:59,164.45,efectivo
11084,192,2,2025-02-12 21:06:28,35.95,efectivo
11085,67,8,2025-02-12 21:27:11,96.85,tarjeta
11086,514,7,2025-02-12 21:34:12,92.50,efectivo
11087,942,3,2025-02-12 21:41:11,16.50,efectivo
11088,179,7,2025-02-12 21:45:29,32.00,efectivo
11089,672,4,2025-02-12 21:46:41,53.00,tarjeta
11090,933,8,2025-02-12 21:51:02,150.40,efectivo
11091,77,5,2025-02-12 22:06:35,161.30,efectivo
11092,797,4,2025-02-12 22:08:51,166.90,efectivo
11093,50,7,2025-02-12 22:29:18,212.90,efectivo
11094,672,3,2025-02-12 22:41:05,135.40,efectivo
11095,193,7,2025-02-12 22:48:31,36.85,tarjeta
11096,532,7,2025-02-12 22:52:13,145.45,efectivo
11097,847,9,2025-02-13 06:00:39,69.90,efectivo
11098,433,5,2025-02-13 06:00:50,97.95,efectivo
11099,809,5,2025-02-13 06:02:33,161.00,tarjeta
11100,128,6,2025-02-13 06:03:34,48.95,efectivo
11101,590,10,2025-02-13 06:08:48,80.00,efectivo
11102,290,1,2025-02-13 06:11:02,88.90,efectivo
11103,178,10,2025-02-13 06:11:36,0.00,tarjeta
11104,270,10,2025-02-13 06:15:29,81.50,efectivo
11105,3,7,2025-02-13 06:20:09,35.95,efectivo
11106,456,4,2025-02-13 06:20:35,22.00,tarjeta
11107,167,3,2025-02-13 06:22:50,90.00,efectivo
11108,573,3,2025-02-13 06:23:58,44.95,efectivo
11109,372,5,2025-02-13 06:28:03,170.65,tarjeta
11110,382,10,2025-02-13 06:30:05,87.90,tarjeta
11111,323,1,2025-02-13 06:40:09,88.00,tarjeta
11112,728,2,2025-02-13 06:45:38,40.00,tarjeta
11113,464,5,2025-02-13 06:47:10,40.95,efectivo
11114,178,5,2025-02-13 06:49:17,10.95,efectivo
11115,765,5,2025-02-13 06:52:00,46.50,tarjeta
11116,379,9,2025-02-13 06:56:05,87.90,tarjeta
11117,542,8,2025-02-13 06:57:22,26.45,efectivo
11118,847,7,2025-02-13 06:59:24,15.50,efectivo
11119,794,7,2025-02-13 07:00:23,82.45,tarjeta
11120,37,2,2025-02-13 07:00:28,188.75,efectivo
11121,969,10,2025-02-13 07:01:51,67.00,efectivo
11122,333,5,2025-02-13 07:06:38,113.90,tarjeta
11123,691,10,2025-02-13 07:08:04,37.50,tarjeta
11124,892,10,2025-02-13 07:08:45,156.70,efectivo
11125,969,2,2025-02-13 07:09:11,55.95,efectivo
11126,415,4,2025-02-13 07:13:06,77.50,efectivo
11127,793,8,2025-02-13 07:15:34,26.95,efectivo
11128,208,5,2025-02-13 07:20:52,78.80,efectivo
11129,471,9,2025-02-13 07:29:26,155.80,efectivo
11130,288,7,2025-02-13 07:33:19,41.95,efectivo
11131,109,6,2025-02-13 07:33:36,64.95,efectivo
11132,292,10,2025-02-13 07:33:38,24.50,efectivo
11133,176,10,2025-02-13 07:37:52,62.40,tarjeta
11134,84,4,2025-02-13 07:41:48,65.50,efectivo
11135,792,2,2025-02-13 07:42:28,46.50,efectivo
11136,280,10,2025-02-13 07:43:12,82.45,efectivo
11137,143,3,2025-02-13 07:44:54,16.50,tarjeta
11138,456,7,2025-02-13 07:45:03,12.35,tarjeta
11139,556,9,2025-02-13 07:47:04,72.90,tarjeta
11140,781,9,2025-02-13 07:57:11,31.00,tarjeta
11141,85,10,2025-02-13 07:57:50,24.50,tarjeta
11142,689,10,2025-02-13 07:58:03,10.00,efectivo
11143,464,8,2025-02-13 08:12:25,15.50,efectivo
11144,837,9,2025-02-13 08:13:26,101.00,tarjeta
11145,469,3,2025-02-13 08:16:11,36.95,efectivo
11146,739,4,2025-02-13 08:29:41,34.50,efectivo
11147,972,7,2025-02-13 08:39:18,42.45,efectivo
11148,872,8,2025-02-13 08:43:53,16.50,tarjeta
11149,957,8,2025-02-13 08:44:18,26.45,efectivo
11150,574,8,2025-02-13 08:45:16,57.45,efectivo
11151,766,8,2025-02-13 08:51:45,79.95,tarjeta
11152,579,9,2025-02-13 08:59:44,54.40,efectivo
11153,522,6,2025-02-13 09:01:35,111.00,tarjeta
11154,890,10,2025-02-13 09:04:08,35.00,efectivo
11155,151,1,2025-02-13 09:04:39,187.30,efectivo
11156,329,1,2025-02-13 09:09:54,10.95,efectivo
11157,606,9,2025-02-13 09:10:21,73.45,efectivo
11158,160,7,2025-02-13 09:11:23,35.95,efectivo
11159,572,1,2025-02-13 09:16:04,58.95,tarjeta
11160,505,6,2025-02-13 09:22:18,30.35,efectivo
11161,763,7,2025-02-13 09:23:22,24.50,tarjeta
11162,15,5,2025-02-13 09:27:09,184.80,efectivo
11163,954,4,2025-02-13 09:27:30,35.00,efectivo
11164,415,2,2025-02-13 09:30:32,55.50,efectivo
11165,288,10,2025-02-13 09:31:38,31.00,efectivo
11166,702,10,2025-02-13 09:34:25,25.50,tarjeta
11167,605,9,2025-02-13 09:35:03,36.95,tarjeta
11168,657,10,2025-02-13 09:38:58,22.00,efectivo
11169,481,6,2025-02-13 09:42:04,53.00,tarjeta
11170,827,7,2025-02-13 09:43:13,96.85,efectivo
11171,976,9,2025-02-13 09:51:49,57.95,efectivo
11172,752,3,2025-02-13 09:55:25,39.90,tarjeta
11173,749,10,2025-02-13 09:57:56,74.00,efectivo
11174,915,2,2025-02-13 09:58:00,26.95,efectivo
11175,28,2,2025-02-13 10:12:55,66.45,tarjeta
11176,630,6,2025-02-13 10:14:59,22.00,tarjeta
11177,481,2,2025-02-13 10:16:09,65.00,efectivo
11178,717,8,2025-02-13 10:19:38,68.40,efectivo
11179,901,10,2025-02-13 10:21:52,63.95,efectivo
11180,359,1,2025-02-13 10:24:26,44.95,efectivo
11181,33,2,2025-02-13 10:24:33,44.45,efectivo
11182,657,3,2025-02-13 10:30:13,39.00,efectivo
11183,416,5,2025-02-13 10:33:55,177.70,efectivo
11184,449,7,2025-02-13 10:39:01,105.80,efectivo
11185,394,4,2025-02-13 10:44:00,53.00,efectivo
11186,370,10,2025-02-13 10:50:50,53.00,efectivo
11187,792,4,2025-02-13 10:55:35,37.50,efectivo
11188,575,3,2025-02-13 10:57:46,92.95,tarjeta
11189,85,8,2025-02-13 10:57:52,67.50,tarjeta
11190,740,1,2025-02-13 11:05:33,63.45,efectivo
11191,123,7,2025-02-13 11:11:30,140.30,efectivo
11192,627,8,2025-02-13 11:32:37,65.95,efectivo
11193,640,6,2025-02-13 12:01:14,71.50,tarjeta
11194,8,9,2025-02-13 12:16:42,82.85,tarjeta
11195,856,4,2025-02-13 12:16:49,19.95,tarjeta
11196,622,5,2025-02-13 12:20:06,135.30,tarjeta
11197,273,7,2025-02-13 12:23:04,85.00,tarjeta
11198,267,3,2025-02-13 12:24:33,88.90,tarjeta
11199,949,8,2025-02-13 12:26:55,115.95,tarjeta
11200,757,5,2025-02-13 12:30:31,150.75,efectivo
11201,622,9,2025-02-13 12:32:50,40.00,tarjeta
11202,714,8,2025-02-13 12:33:50,92.45,tarjeta
11203,348,6,2025-02-13 12:36:16,82.50,efectivo
11204,418,3,2025-02-13 12:37:22,128.50,efectivo
11205,3,9,2025-02-13 13:03:24,53.95,tarjeta
11206,573,10,2025-02-13 13:27:52,32.95,tarjeta
11207,573,6,2025-02-13 13:30:05,102.40,tarjeta
11208,65,5,2025-02-13 13:31:59,56.90,tarjeta
11209,931,7,2025-02-13 13:31:59,168.35,tarjeta
11210,556,4,2025-02-13 13:32:43,113.95,tarjeta
11211,414,2,2025-02-13 13:36:13,92.50,efectivo
11212,167,6,2025-02-13 14:09:35,67.90,efectivo
11213,157,5,2025-02-13 14:09:39,33.50,tarjeta
11214,634,8,2025-02-13 14:22:07,133.00,efectivo
11215,831,8,2025-02-13 14:25:40,91.90,tarjeta
11216,501,6,2025-02-13 14:28:02,65.50,efectivo
11217,179,6,2025-02-13 14:31:56,108.40,efectivo
11218,331,6,2025-02-13 14:39:05,113.75,efectivo
11219,905,7,2025-02-13 14:56:38,128.90,efectivo
11220,687,3,2025-02-13 14:58:40,247.95,tarjeta
11221,751,8,2025-02-13 15:02:27,15.50,efectivo
11222,673,3,2025-02-13 15:03:29,28.50,tarjeta
11223,287,5,2025-02-13 15:11:18,126.95,efectivo
11224,538,1,2025-02-13 15:15:34,15.50,efectivo
11225,208,7,2025-02-13 15:18:22,89.90,tarjeta
11226,634,7,2025-02-13 15:24:12,53.00,efectivo
11227,312,1,2025-02-13 15:25:35,70.95,tarjeta
11228,608,7,2025-02-13 15:28:15,132.00,tarjeta
11229,55,9,2025-02-13 15:45:48,46.50,tarjeta
11230,524,6,2025-02-13 15:57:05,76.00,efectivo
11231,694,6,2025-02-13 15:59:01,131.75,efectivo
11232,729,8,2025-02-13 16:01:27,103.50,efectivo
11233,237,5,2025-02-13 16:17:02,15.50,tarjeta
11234,389,1,2025-02-13 16:21:40,71.90,efectivo
11235,621,2,2025-02-13 16:24:27,53.00,tarjeta
11236,682,4,2025-02-13 16:44:04,127.90,tarjeta
11237,692,6,2025-02-13 16:48:03,56.90,efectivo
11238,870,9,2025-02-13 16:52:09,73.00,efectivo
11239,806,7,2025-02-13 17:23:46,159.00,tarjeta
11240,157,5,2025-02-13 17:23:57,121.90,efectivo
11241,947,8,2025-02-13 17:31:14,22.50,efectivo
11242,83,6,2025-02-13 17:35:40,121.00,tarjeta
11243,275,2,2025-02-13 17:37:54,62.90,efectivo
11244,851,9,2025-02-13 17:38:38,52.85,tarjeta
11245,199,8,2025-02-13 17:48:00,12.00,tarjeta
11246,742,7,2025-02-13 17:52:46,102.45,tarjeta
11247,622,9,2025-02-13 18:02:00,103.40,efectivo
11248,546,9,2025-02-13 18:23:53,53.45,tarjeta
11249,660,2,2025-02-13 18:30:04,38.90,tarjeta
11250,703,10,2025-02-13 18:38:31,73.50,tarjeta
11251,714,2,2025-02-13 18:55:12,126.80,efectivo
11252,905,5,2025-02-13 19:08:04,131.80,tarjeta
11253,561,7,2025-02-13 19:34:07,58.90,tarjeta
11254,332,3,2025-02-13 19:41:43,136.35,efectivo
11255,984,6,2025-02-13 19:43:41,164.25,tarjeta
11256,634,10,2025-02-13 19:58:29,18.00,efectivo
11257,453,4,2025-02-13 20:01:38,157.75,tarjeta
11258,145,7,2025-02-13 20:09:34,176.90,efectivo
11259,835,1,2025-02-13 20:14:33,147.80,tarjeta
11260,59,10,2025-02-13 20:16:46,15.50,tarjeta
11261,556,2,2025-02-13 20:36:19,137.90,tarjeta
11262,145,4,2025-02-13 20:38:35,127.20,efectivo
11263,682,6,2025-02-13 20:52:52,18.00,efectivo
11264,686,5,2025-02-13 20:56:39,94.90,tarjeta
11265,123,7,2025-02-13 21:04:54,191.00,efectivo
11266,988,8,2025-02-13 21:33:19,167.85,efectivo
11267,757,3,2025-02-13 21:46:38,139.75,tarjeta
11268,263,4,2025-02-13 21:47:49,10.00,tarjeta
11269,378,5,2025-02-13 21:54:56,78.95,efectivo
11270,430,6,2025-02-13 22:03:05,102.00,tarjeta
11271,179,7,2025-02-13 22:07:29,130.50,tarjeta
11272,926,5,2025-02-13 22:26:41,46.50,tarjeta
11273,79,10,2025-02-13 22:32:45,116.95,tarjeta
11274,208,4,2025-02-13 22:47:14,154.45,efectivo
11275,752,9,2025-02-13 22:54:17,79.00,efectivo
11276,344,1,2025-02-14 06:09:09,31.00,tarjeta
11277,363,8,2025-02-14 06:14:48,53.00,efectivo
11278,281,9,2025-02-14 06:16:27,50.00,tarjeta
11279,445,2,2025-02-14 06:18:23,24.50,efectivo
11280,643,8,2025-02-14 06:19:18,22.00,efectivo
11281,664,6,2025-02-14 06:23:01,24.50,tarjeta
11282,612,9,2025-02-14 06:26:34,105.95,tarjeta
11283,178,7,2025-02-14 06:28:48,19.95,tarjeta
11284,69,4,2025-02-14 06:34:05,46.90,efectivo
11285,472,9,2025-02-14 06:38:50,47.45,tarjeta
11286,878,9,2025-02-14 06:39:05,32.00,efectivo
11287,414,2,2025-02-14 06:41:49,102.00,tarjeta
11288,972,9,2025-02-14 06:45:28,35.00,tarjeta
11289,629,3,2025-02-14 06:46:22,35.45,tarjeta
11290,376,5,2025-02-14 06:51:06,26.95,tarjeta
11291,74,10,2025-02-14 06:52:38,22.00,efectivo
11292,954,10,2025-02-14 06:55:39,24.50,tarjeta
11293,428,4,2025-02-14 06:55:47,32.95,efectivo
11294,969,3,2025-02-14 07:07:18,53.00,tarjeta
11295,386,7,2025-02-14 07:11:17,45.05,tarjeta
11296,666,3,2025-02-14 07:12:40,50.50,tarjeta
11297,27,8,2025-02-14 07:13:17,38.95,efectivo
11298,18,8,2025-02-14 07:23:43,55.50,tarjeta
11299,362,1,2025-02-14 07:26:54,24.50,efectivo
11300,128,9,2025-02-14 07:29:09,10.00,tarjeta
11301,332,4,2025-02-14 07:29:29,199.45,efectivo
11302,183,10,2025-02-14 07:32:20,22.00,efectivo
11303,767,3,2025-02-14 07:38:28,65.00,tarjeta
11304,233,6,2025-02-14 07:44:37,10.00,efectivo
11305,98,2,2025-02-14 07:52:51,22.95,efectivo
11306,748,9,2025-02-14 07:54:48,49.45,efectivo
11307,469,10,2025-02-14 07:56:05,43.00,efectivo
11308,74,9,2025-02-14 08:00:38,24.50,efectivo
11309,374,10,2025-02-14 08:01:21,40.95,efectivo
11310,119,2,2025-02-14 08:03:43,12.35,tarjeta
11311,766,8,2025-02-14 08:07:19,26.95,efectivo
11312,749,5,2025-02-14 08:08:45,19.95,tarjeta
11313,128,6,2025-02-14 08:09:30,105.85,tarjeta
11314,376,7,2025-02-14 08:14:11,36.95,tarjeta
11315,416,6,2025-02-14 08:21:40,177.40,tarjeta
11316,143,4,2025-02-14 08:22:06,33.50,tarjeta
11317,33,6,2025-02-14 08:24:42,27.50,efectivo
11318,89,4,2025-02-14 08:29:41,51.45,efectivo
11319,24,10,2025-02-14 08:34:57,88.95,tarjeta
11320,872,6,2025-02-14 08:38:29,27.50,tarjeta
11321,69,2,2025-02-14 08:44:20,55.50,efectivo
11322,755,10,2025-02-14 08:45:58,51.45,efectivo
11323,729,5,2025-02-14 08:49:24,35.95,efectivo
11324,448,2,2025-02-14 08:49:53,44.45,tarjeta
11325,186,5,2025-02-14 08:51:03,160.90,efectivo
11326,124,10,2025-02-14 08:51:25,51.45,tarjeta
11327,258,8,2025-02-14 08:51:54,35.95,efectivo
11328,507,8,2025-02-14 08:52:35,121.90,tarjeta
11329,481,1,2025-02-14 08:53:14,35.45,efectivo
11330,167,2,2025-02-14 08:54:00,83.50,efectivo
11331,564,4,2025-02-14 08:54:03,43.00,efectivo
11332,281,5,2025-02-14 08:54:48,24.50,tarjeta
11333,957,5,2025-02-14 08:55:37,22.00,tarjeta
11334,662,1,2025-02-14 09:02:40,56.90,tarjeta
11335,921,1,2025-02-14 09:06:46,31.00,tarjeta
11336,179,4,2025-02-14 09:11:16,26.00,efectivo
11337,627,9,2025-02-14 09:14:30,44.00,tarjeta
11338,870,3,2025-02-14 09:15:59,52.00,efectivo
11339,446,1,2025-02-14 09:21:08,55.50,tarjeta
11340,74,8,2025-02-14 09:21:59,57.95,tarjeta
11341,682,4,2025-02-14 09:25:00,48.90,efectivo
11342,494,6,2025-02-14 09:25:51,25.50,tarjeta
11343,572,3,2025-02-14 09:26:40,15.50,efectivo
11344,763,5,2025-02-14 09:26:40,48.00,tarjeta
11345,753,4,2025-02-14 09:27:03,15.50,efectivo
11346,881,4,2025-02-14 09:28:30,22.00,efectivo
11347,332,2,2025-02-14 09:29:22,109.85,tarjeta
11348,692,8,2025-02-14 09:33:48,77.35,efectivo
11349,783,2,2025-02-14 09:40:24,44.95,efectivo
11350,429,4,2025-02-14 09:42:49,109.50,tarjeta
11351,809,9,2025-02-14 09:47:25,99.70,efectivo
11352,969,9,2025-02-14 09:57:28,31.00,tarjeta
11353,297,9,2025-02-14 09:57:32,150.90,tarjeta
11354,633,10,2025-02-14 09:58:04,22.00,tarjeta
11355,899,6,2025-02-14 09:59:14,44.45,efectivo
11356,730,6,2025-02-14 10:00:24,54.90,tarjeta
11357,406,3,2025-02-14 10:00:44,62.50,efectivo
11358,152,3,2025-02-14 10:01:18,31.00,efectivo
11359,288,2,2025-02-14 10:05:30,10.00,tarjeta
11360,167,1,2025-02-14 10:09:36,91.35,efectivo
11361,917,8,2025-02-14 10:11:37,41.00,tarjeta
11362,633,7,2025-02-14 10:12:55,10.00,tarjeta
11363,733,10,2025-02-14 10:13:06,26.00,efectivo
11364,680,2,2025-02-14 10:15:10,42.45,tarjeta
11365,875,5,2025-02-14 10:16:16,56.90,efectivo
11366,672,4,2025-02-14 10:18:20,78.50,efectivo
11367,54,10,2025-02-14 10:21:34,87.95,efectivo
11368,41,8,2025-02-14 10:21:49,10.95,efectivo
11369,579,7,2025-02-14 10:24:09,58.50,efectivo
11370,74,7,2025-02-14 10:26:27,24.95,efectivo
11371,484,2,2025-02-14 10:27:16,69.00,efectivo
11372,28,7,2025-02-14 10:29:44,26.45,tarjeta
11373,151,2,2025-02-14 10:30:04,113.95,efectivo
11374,425,3,2025-02-14 10:32:50,141.30,tarjeta
11375,489,1,2025-02-14 10:39:56,22.95,efectivo
11376,189,4,2025-02-14 10:41:33,23.50,tarjeta
11377,582,2,2025-02-14 10:55:52,31.00,efectivo
11378,67,6,2025-02-14 11:01:13,120.40,efectivo
11379,466,1,2025-02-14 11:03:05,48.90,efectivo
11380,367,2,2025-02-14 11:04:19,136.00,efectivo
11381,288,1,2025-02-14 11:05:25,26.95,tarjeta
11382,208,2,2025-02-14 11:15:54,147.90,efectivo
11383,287,4,2025-02-14 11:18:03,56.90,efectivo
11384,275,1,2025-02-14 11:39:40,128.80,efectivo
11385,879,8,2025-02-14 11:40:51,52.95,tarjeta
11386,837,9,2025-02-14 11:41:24,156.50,tarjeta
11387,208,7,2025-02-14 11:43:37,146.85,tarjeta
11388,956,9,2025-02-14 11:54:39,80.50,efectivo
11389,835,7,2025-02-14 11:57:36,129.70,efectivo
11390,622,1,2025-02-14 12:13:45,180.25,tarjeta
11391,661,6,2025-02-14 12:24:56,38.90,efectivo
11392,51,9,2025-02-14 12:29:24,92.70,efectivo
11393,318,1,2025-02-14 12:31:31,190.35,efectivo
11394,524,7,2025-02-14 12:31:58,178.75,tarjeta
11395,248,6,2025-02-14 12:32:05,70.00,efectivo
11396,234,9,2025-02-14 12:48:15,103.85,tarjeta
11397,189,5,2025-02-14 12:49:23,126.75,tarjeta
11398,848,5,2025-02-14 12:51:45,103.95,efectivo
11399,425,2,2025-02-14 12:58:01,148.40,tarjeta
11400,556,2,2025-02-14 13:01:49,145.85,tarjeta
11401,454,9,2025-02-14 13:02:46,113.50,tarjeta
11402,328,10,2025-02-14 13:05:21,61.00,efectivo
11403,686,5,2025-02-14 13:12:47,96.45,tarjeta
11404,414,1,2025-02-14 13:13:14,169.40,tarjeta
11405,113,10,2025-02-14 13:23:00,171.65,efectivo
11406,135,3,2025-02-14 13:38:26,81.25,efectivo
11407,811,4,2025-02-14 13:42:01,125.45,efectivo
11408,832,1,2025-02-14 13:49:58,130.80,tarjeta
11409,810,6,2025-02-14 13:57:51,85.90,efectivo
11410,273,1,2025-02-14 14:06:23,91.95,tarjeta
11411,627,8,2025-02-14 14:08:17,145.75,efectivo
11412,278,4,2025-02-14 14:28:22,83.85,tarjeta
11413,66,2,2025-02-14 14:46:11,134.50,efectivo
11414,661,1,2025-02-14 14:54:25,33.50,tarjeta
11415,499,7,2025-02-14 14:57:00,30.00,tarjeta
11416,933,8,2025-02-14 15:05:59,48.90,efectivo
11417,393,8,2025-02-14 15:06:37,180.75,efectivo
11418,832,2,2025-02-14 15:07:16,102.50,tarjeta
11419,882,9,2025-02-14 15:19:14,113.00,efectivo
11420,425,8,2025-02-14 15:21:14,90.40,efectivo
11421,844,5,2025-02-14 15:24:36,27.50,efectivo
11422,876,9,2025-02-14 15:41:44,43.00,tarjeta
11423,607,3,2025-02-14 15:46:38,128.00,tarjeta
11424,484,9,2025-02-14 15:49:08,221.55,tarjeta
11425,933,7,2025-02-14 15:51:55,134.70,efectivo
11426,507,2,2025-02-14 16:07:57,99.85,efectivo
11427,393,6,2025-02-14 16:16:31,74.95,efectivo
11428,561,6,2025-02-14 16:16:35,128.90,efectivo
11429,851,5,2025-02-14 16:18:59,35.95,efectivo
11430,451,10,2025-02-14 16:20:32,165.90,efectivo
11431,67,5,2025-02-14 16:32:23,113.95,efectivo
11432,896,6,2025-02-14 16:37:06,67.50,tarjeta
11433,554,6,2025-02-14 16:50:47,90.40,efectivo
11434,571,2,2025-02-14 16:53:26,40.50,tarjeta
11435,860,5,2025-02-14 16:53:59,201.40,efectivo
11436,184,2,2025-02-14 16:55:43,196.65,tarjeta
11437,590,1,2025-02-14 16:56:32,138.80,tarjeta
11438,875,6,2025-02-14 16:57:12,63.90,efectivo
11439,815,2,2025-02-14 17:01:24,32.00,efectivo
11440,135,8,2025-02-14 17:09:32,74.85,tarjeta
11441,690,7,2025-02-14 17:10:12,110.40,efectivo
11442,927,8,2025-02-14 17:17:27,249.90,efectivo
11443,742,7,2025-02-14 17:23:00,85.95,tarjeta
11444,266,6,2025-02-14 17:26:49,15.50,efectivo
11445,55,10,2025-02-14 17:29:21,107.00,tarjeta
11446,339,3,2025-02-14 17:29:33,132.80,efectivo
11447,434,9,2025-02-14 17:43:58,98.95,tarjeta
11448,168,7,2025-02-14 17:52:44,111.30,tarjeta
11449,298,7,2025-02-14 17:55:19,53.45,efectivo
11450,81,9,2025-02-14 18:05:36,79.50,tarjeta
11451,418,4,2025-02-14 18:07:08,38.90,tarjeta
11452,382,10,2025-02-14 18:08:41,107.90,efectivo
11453,727,7,2025-02-14 18:14:48,22.50,efectivo
11454,187,9,2025-02-14 18:17:51,199.75,tarjeta
11455,239,9,2025-02-14 18:24:50,179.90,efectivo
11456,937,2,2025-02-14 18:33:52,92.85,efectivo
11457,3,4,2025-02-14 18:45:19,143.40,efectivo
11458,892,2,2025-02-14 19:00:15,149.80,tarjeta
11459,440,7,2025-02-14 19:01:34,85.95,tarjeta
11460,573,5,2025-02-14 19:08:03,154.50,efectivo
11461,661,2,2025-02-14 19:11:20,93.85,efectivo
11462,607,3,2025-02-14 19:24:41,82.50,efectivo
11463,318,6,2025-02-14 19:24:54,169.45,efectivo
11464,192,9,2025-02-14 19:25:59,62.00,efectivo
11465,961,8,2025-02-14 19:29:51,35.95,efectivo
11466,387,8,2025-02-14 19:37:48,114.65,efectivo
11467,146,2,2025-02-14 19:52:23,93.00,efectivo
11468,744,7,2025-02-14 19:55:28,41.00,efectivo
11469,109,1,2025-02-14 20:19:26,125.35,efectivo
11470,32,1,2025-02-14 20:19:37,24.50,efectivo
11471,919,6,2025-02-14 20:20:08,148.45,efectivo
11472,223,8,2025-02-14 20:28:56,47.00,efectivo
11473,79,5,2025-02-14 21:21:09,176.90,efectivo
11474,561,5,2025-02-14 21:24:44,113.95,efectivo
11475,398,7,2025-02-14 21:33:06,75.00,tarjeta
11476,524,7,2025-02-14 21:33:39,137.90,tarjeta
11477,419,9,2025-02-14 21:34:55,30.90,efectivo
11478,573,7,2025-02-14 21:40:58,143.45,efectivo
11479,31,5,2025-02-14 21:49:59,128.45,tarjeta
11480,150,5,2025-02-14 21:52:00,104.95,efectivo
11481,876,2,2025-02-14 21:55:16,65.45,efectivo
11482,870,9,2025-02-14 22:24:36,83.45,efectivo
11483,331,10,2025-02-14 22:33:14,73.30,tarjeta
11484,499,9,2025-02-14 22:47:49,135.45,efectivo
11485,209,9,2025-02-14 22:55:45,131.90,tarjeta
11486,840,5,2025-02-15 06:01:51,38.00,tarjeta
11487,605,9,2025-02-15 06:11:44,49.00,efectivo
11488,944,8,2025-02-15 06:15:29,47.45,efectivo
11489,692,8,2025-02-15 06:18:16,108.50,tarjeta
11490,803,4,2025-02-15 06:19:39,12.00,efectivo
11491,522,7,2025-02-15 06:20:31,92.85,efectivo
11492,902,8,2025-02-15 06:23:45,8.00,efectivo
11493,604,9,2025-02-15 06:25:23,22.00,efectivo
11494,374,10,2025-02-15 06:30:19,10.00,efectivo
11495,458,3,2025-02-15 06:31:32,42.95,efectivo
11496,477,9,2025-02-15 06:33:38,55.50,tarjeta
11497,575,1,2025-02-15 06:39:08,31.00,efectivo
11498,119,7,2025-02-15 06:40:07,24.50,tarjeta
11499,160,4,2025-02-15 06:41:41,18.00,tarjeta
11500,242,4,2025-02-15 06:44:47,55.50,efectivo
11501,765,8,2025-02-15 06:46:50,70.95,efectivo
11502,124,4,2025-02-15 06:49:18,40.00,efectivo
11503,257,7,2025-02-15 06:50:04,60.45,efectivo
11504,243,10,2025-02-15 06:51:34,122.75,tarjeta
11505,584,4,2025-02-15 06:53:42,45.00,tarjeta
11506,923,3,2025-02-15 06:55:49,34.35,tarjeta
11507,160,5,2025-02-15 06:57:08,24.50,tarjeta
11508,767,6,2025-02-15 06:58:13,48.95,efectivo
11509,170,2,2025-02-15 06:58:40,60.50,efectivo
11510,605,8,2025-02-15 07:07:12,48.95,efectivo
11511,415,2,2025-02-15 07:09:21,10.00,tarjeta
11512,972,6,2025-02-15 07:17:43,12.00,efectivo
11513,814,6,2025-02-15 07:18:22,79.95,tarjeta
11514,707,7,2025-02-15 07:26:10,43.00,tarjeta
11515,921,7,2025-02-15 07:27:12,66.95,tarjeta
11516,98,1,2025-02-15 07:27:46,22.00,tarjeta
11517,392,4,2025-02-15 07:32:00,18.00,efectivo
11518,526,4,2025-02-15 07:32:10,20.95,tarjeta
11519,9,9,2025-02-15 07:40:00,53.00,tarjeta
11520,766,3,2025-02-15 07:46:17,31.00,efectivo
11521,867,3,2025-02-15 07:47:03,18.00,efectivo
11522,103,4,2025-02-15 07:48:57,66.95,tarjeta
11523,666,7,2025-02-15 07:49:13,53.95,tarjeta
11524,490,4,2025-02-15 07:57:58,161.85,efectivo
11525,390,5,2025-02-15 07:58:26,67.00,tarjeta
11526,567,5,2025-02-15 07:59:03,66.95,tarjeta
11527,599,1,2025-02-15 08:05:10,10.00,tarjeta
11528,677,3,2025-02-15 08:11:12,52.45,tarjeta
11529,765,1,2025-02-15 08:19:27,15.50,tarjeta
11530,755,9,2025-02-15 08:23:22,34.50,efectivo
11531,370,1,2025-02-15 08:29:52,32.95,tarjeta
11532,574,6,2025-02-15 08:30:11,89.45,efectivo
11533,740,5,2025-02-15 08:32:30,37.50,tarjeta
11534,268,1,2025-02-15 08:34:46,93.45,efectivo
11535,702,1,2025-02-15 08:37:12,104.45,efectivo
11536,597,3,2025-02-15 08:38:15,88.45,tarjeta
11537,24,3,2025-02-15 08:40:08,162.95,tarjeta
11538,964,7,2025-02-15 08:44:00,12.00,efectivo
11539,280,4,2025-02-15 08:45:57,40.00,tarjeta
11540,344,7,2025-02-15 08:47:04,10.95,efectivo
11541,146,2,2025-02-15 08:47:42,76.95,efectivo
11542,112,2,2025-02-15 08:51:18,42.50,tarjeta
11543,288,10,2025-02-15 08:52:11,15.50,efectivo
11544,749,5,2025-02-15 08:55:21,35.95,tarjeta
11545,1000,6,2025-02-15 08:56:11,31.00,efectivo
11546,562,10,2025-02-15 09:00:41,24.50,efectivo
11547,185,4,2025-02-15 09:00:47,12.00,tarjeta
11548,461,3,2025-02-15 09:02:13,24.50,tarjeta
11549,954,6,2025-02-15 09:02:58,0.00,efectivo
11550,677,9,2025-02-15 09:07:26,34.00,efectivo
11551,823,2,2025-02-15 09:07:29,98.85,efectivo
11552,572,1,2025-02-15 09:09:15,31.00,efectivo
11553,720,7,2025-02-15 09:17:22,12.00,efectivo
11554,974,4,2025-02-15 09:19:00,24.50,efectivo
11555,564,6,2025-02-15 09:22:02,15.50,tarjeta
11556,350,5,2025-02-15 09:26:53,66.95,efectivo
11557,872,9,2025-02-15 09:28:17,38.95,efectivo
11558,777,8,2025-02-15 09:28:21,10.95,tarjeta
11559,404,10,2025-02-15 09:33:36,102.95,tarjeta
11560,548,8,2025-02-15 09:34:59,69.45,efectivo
11561,428,7,2025-02-15 09:35:34,22.00,tarjeta
11562,254,8,2025-02-15 09:36:28,37.90,tarjeta
11563,742,2,2025-02-15 09:38:05,35.45,tarjeta
11564,321,3,2025-02-15 09:38:22,44.95,tarjeta
11565,501,8,2025-02-15 09:39:15,200.30,efectivo
11566,315,5,2025-02-15 09:42:39,37.50,tarjeta
11567,556,8,2025-02-15 09:43:06,46.90,tarjeta
11568,233,3,2025-02-15 09:44:56,26.95,tarjeta
11569,322,3,2025-02-15 09:46:35,45.95,efectivo
11570,10,5,2025-02-15 09:50:14,64.50,efectivo
11571,520,4,2025-02-15 09:54:28,24.50,tarjeta
11572,818,7,2025-02-15 09:54:29,89.95,efectivo
11573,850,7,2025-02-15 10:03:29,0.00,efectivo
11574,773,3,2025-02-15 10:04:31,26.95,efectivo
11575,968,5,2025-02-15 10:06:38,16.50,efectivo
11576,713,1,2025-02-15 10:08:03,55.50,tarjeta
11577,242,10,2025-02-15 10:10:31,63.95,tarjeta
11578,363,6,2025-02-15 10:11:04,83.25,efectivo
11579,851,5,2025-02-15 10:12:01,73.90,efectivo
11580,18,9,2025-02-15 10:13:10,12.00,efectivo
11581,472,4,2025-02-15 10:13:13,142.75,efectivo
11582,93,9,2025-02-15 10:13:28,36.50,tarjeta
11583,63,2,2025-02-15 10:13:43,49.50,efectivo
11584,378,9,2025-02-15 10:15:11,106.85,tarjeta
11585,753,10,2025-02-15 10:19:55,10.95,efectivo
11586,84,9,2025-02-15 10:25:48,31.00,tarjeta
11587,728,5,2025-02-15 10:28:35,42.95,tarjeta
11588,923,6,2025-02-15 10:28:53,8.00,efectivo
11589,680,6,2025-02-15 10:28:57,42.45,tarjeta
11590,302,5,2025-02-15 10:29:35,31.00,tarjeta
11591,69,5,2025-02-15 10:32:04,31.00,efectivo
11592,707,3,2025-02-15 10:35:05,15.50,tarjeta
11593,881,4,2025-02-15 10:35:21,38.90,tarjeta
11594,867,1,2025-02-15 10:38:58,31.00,efectivo
11595,236,2,2025-02-15 10:45:28,187.15,tarjeta
11596,760,6,2025-02-15 10:51:30,10.95,tarjeta
11597,41,2,2025-02-15 10:51:48,18.00,efectivo
11598,652,4,2025-02-15 10:52:25,56.50,efectivo
11599,915,7,2025-02-15 10:54:36,12.00,tarjeta
11600,170,5,2025-02-15 10:54:48,41.00,tarjeta
11601,335,4,2025-02-15 10:54:59,60.00,tarjeta
11602,394,6,2025-02-15 10:56:21,24.50,efectivo
11603,358,8,2025-02-15 11:04:48,8.00,tarjeta
11604,836,1,2025-02-15 11:18:29,32.30,tarjeta
11605,228,2,2025-02-15 11:26:01,93.95,tarjeta
11606,287,5,2025-02-15 11:26:26,109.55,efectivo
11607,701,7,2025-02-15 11:26:37,99.85,tarjeta
11608,3,4,2025-02-15 11:29:51,130.40,efectivo
11609,757,2,2025-02-15 11:43:02,97.40,efectivo
11610,949,1,2025-02-15 11:48:40,26.95,efectivo
11611,36,9,2025-02-15 11:50:38,34.50,efectivo
11612,831,4,2025-02-15 11:57:31,60.90,efectivo
11613,453,10,2025-02-15 12:04:08,110.50,tarjeta
11614,490,3,2025-02-15 12:13:06,243.85,tarjeta
11615,81,6,2025-02-15 12:28:54,135.50,efectivo
11616,532,5,2025-02-15 12:37:51,102.00,efectivo
11617,340,5,2025-02-15 13:24:25,28.95,efectivo
11618,66,10,2025-02-15 13:30:13,129.80,tarjeta
11619,730,4,2025-02-15 13:45:07,188.75,tarjeta
11620,301,5,2025-02-15 13:54:25,46.50,tarjeta
11621,585,7,2025-02-15 13:55:40,124.95,tarjeta
11622,851,8,2025-02-15 14:15:24,58.50,efectivo
11623,848,2,2025-02-15 14:19:44,48.45,efectivo
11624,228,10,2025-02-15 14:32:26,93.90,tarjeta
11625,208,5,2025-02-15 14:38:51,176.85,efectivo
11626,123,2,2025-02-15 14:56:03,74.50,tarjeta
11627,167,10,2025-02-15 15:01:43,146.00,efectivo
11628,515,4,2025-02-15 15:08:46,28.85,efectivo
11629,541,8,2025-02-15 15:09:55,28.85,tarjeta
11630,278,5,2025-02-15 15:23:25,105.40,efectivo
11631,984,8,2025-02-15 15:24:42,63.50,tarjeta
11632,390,3,2025-02-15 15:35:12,163.75,efectivo
11633,894,6,2025-02-15 15:35:19,38.00,tarjeta
11634,780,2,2025-02-15 15:43:05,153.90,tarjeta
11635,373,5,2025-02-15 15:43:32,110.00,tarjeta
11636,694,5,2025-02-15 15:48:00,113.50,efectivo
11637,717,3,2025-02-15 15:51:25,56.95,efectivo
11638,876,8,2025-02-15 15:51:59,153.00,efectivo
11639,334,4,2025-02-15 15:58:43,10.95,efectivo
11640,848,1,2025-02-15 16:15:02,48.45,tarjeta
11641,416,10,2025-02-15 16:17:10,85.50,efectivo
11642,931,6,2025-02-15 16:21:23,57.90,efectivo
11643,275,2,2025-02-15 16:27:22,168.00,efectivo
11644,83,6,2025-02-15 16:29:26,145.85,efectivo
11645,900,8,2025-02-15 16:40:22,24.35,tarjeta
11646,809,6,2025-02-15 16:41:57,94.85,tarjeta
11647,995,6,2025-02-15 16:50:35,26.00,tarjeta
11648,83,10,2025-02-15 16:53:06,26.00,tarjeta
11649,717,1,2025-02-15 16:56:11,111.90,efectivo
11650,192,9,2025-02-15 17:05:55,24.95,tarjeta
11651,587,8,2025-02-15 17:21:10,32.00,efectivo
11652,369,3,2025-02-15 17:22:09,26.50,efectivo
11653,412,7,2025-02-15 17:28:56,77.80,efectivo
11654,769,1,2025-02-15 17:34:54,12.00,efectivo
11655,205,2,2025-02-15 17:37:57,60.90,efectivo
11656,24,1,2025-02-15 17:55:30,169.10,efectivo
11657,367,1,2025-02-15 18:30:40,113.85,tarjeta
11658,391,4,2025-02-15 18:38:27,131.75,tarjeta
11659,682,1,2025-02-15 18:41:07,180.40,tarjeta
11660,559,7,2025-02-15 18:42:40,10.00,efectivo
11661,653,9,2025-02-15 18:54:02,91.90,tarjeta
11662,193,8,2025-02-15 18:59:26,150.80,tarjeta
11663,681,7,2025-02-15 19:00:29,64.00,tarjeta
11664,866,1,2025-02-15 19:04:32,10.00,tarjeta
11665,208,5,2025-02-15 19:14:55,85.00,efectivo
11666,378,8,2025-02-15 19:20:11,132.35,tarjeta
11667,283,10,2025-02-15 19:27:32,70.00,efectivo
11668,484,8,2025-02-15 19:28:57,84.35,efectivo
11669,393,2,2025-02-15 19:34:00,74.90,efectivo
11670,109,10,2025-02-15 19:41:33,164.30,efectivo
11671,449,9,2025-02-15 19:41:55,63.95,efectivo
11672,860,2,2025-02-15 19:56:25,117.00,efectivo
11673,800,5,2025-02-15 20:02:24,22.00,efectivo
11674,71,10,2025-02-15 20:10:45,61.95,tarjeta
11675,471,7,2025-02-15 20:23:11,148.90,efectivo
11676,590,3,2025-02-15 20:32:16,94.50,efectivo
11677,514,2,2025-02-15 20:34:46,50.90,efectivo
11678,879,9,2025-02-15 20:37:17,77.95,efectivo
11679,836,4,2025-02-15 20:43:48,107.85,efectivo
11680,83,5,2025-02-15 20:55:04,46.95,efectivo
11681,81,6,2025-02-15 21:01:14,190.75,tarjeta
11682,66,4,2025-02-15 21:04:08,134.75,tarjeta
11683,239,3,2025-02-15 21:11:46,52.95,tarjeta
11684,322,1,2025-02-15 21:22:13,27.50,efectivo
11685,619,10,2025-02-15 21:29:27,54.40,tarjeta
11686,961,6,2025-02-15 21:43:11,205.75,efectivo
11687,809,8,2025-02-15 21:53:28,96.00,efectivo
11688,339,1,2025-02-15 22:51:39,135.85,tarjeta
11689,554,8,2025-02-15 22:53:25,135.95,tarjeta
11690,71,9,2025-02-16 06:08:51,40.00,efectivo
11691,195,5,2025-02-16 06:09:45,41.95,efectivo
11692,748,9,2025-02-16 06:10:20,52.00,tarjeta
11693,356,7,2025-02-16 06:11:06,82.45,tarjeta
11694,133,5,2025-02-16 06:16:58,27.50,efectivo
11695,766,8,2025-02-16 06:29:14,40.00,efectivo
11696,923,6,2025-02-16 06:29:44,26.95,tarjeta
11697,954,3,2025-02-16 06:31:23,31.00,tarjeta
11698,657,5,2025-02-16 06:36:05,41.95,efectivo
11699,643,10,2025-02-16 06:39:12,20.95,efectivo
11700,753,1,2025-02-16 06:42:43,73.45,efectivo
11701,148,9,2025-02-16 06:44:06,12.00,efectivo
11702,128,7,2025-02-16 06:48:28,44.95,tarjeta
11703,200,7,2025-02-16 06:50:46,94.45,tarjeta
11704,416,2,2025-02-16 06:53:50,109.90,tarjeta
11705,422,5,2025-02-16 06:57:24,62.40,efectivo
11706,233,9,2025-02-16 06:58:45,32.00,efectivo
11707,969,3,2025-02-16 07:00:41,38.90,tarjeta
11708,666,8,2025-02-16 07:01:09,37.90,efectivo
11709,405,1,2025-02-16 07:02:30,38.90,tarjeta
11710,452,10,2025-02-16 07:10:18,32.00,efectivo
11711,733,3,2025-02-16 07:12:31,60.90,efectivo
11712,974,4,2025-02-16 07:15:09,31.00,efectivo
11713,207,9,2025-02-16 07:18:20,35.45,tarjeta
11714,899,4,2025-02-16 07:19:43,57.95,efectivo
11715,824,3,2025-02-16 07:25:09,124.50,efectivo
11716,124,6,2025-02-16 07:28:52,15.50,efectivo
11717,473,6,2025-02-16 07:33:14,118.30,tarjeta
11718,983,4,2025-02-16 07:44:03,50.90,efectivo
11719,200,4,2025-02-16 07:45:48,12.00,efectivo
11720,677,6,2025-02-16 07:47:03,54.95,efectivo
11721,850,8,2025-02-16 07:47:16,93.40,tarjeta
11722,744,7,2025-02-16 07:51:28,37.90,tarjeta
11723,781,1,2025-02-16 07:54:51,75.40,efectivo
11724,526,9,2025-02-16 07:55:02,15.50,efectivo
11725,965,1,2025-02-16 07:56:33,95.85,tarjeta
11726,446,6,2025-02-16 08:00:16,26.95,efectivo
11727,803,5,2025-02-16 08:00:41,27.50,tarjeta
11728,2,3,2025-02-16 08:06:24,82.45,tarjeta
11729,964,6,2025-02-16 08:15:51,55.50,tarjeta
11730,548,5,2025-02-16 08:17:54,38.95,tarjeta
11731,526,8,2025-02-16 08:21:57,61.95,efectivo
11732,680,8,2025-02-16 08:22:14,42.45,efectivo
11733,809,10,2025-02-16 08:23:56,117.90,tarjeta
11734,69,10,2025-02-16 08:24:49,12.00,efectivo
11735,588,10,2025-02-16 08:26:13,22.95,efectivo
11736,464,9,2025-02-16 08:29:40,55.50,efectivo
11737,392,6,2025-02-16 08:30:24,12.35,efectivo
11738,322,5,2025-02-16 08:35:12,31.00,tarjeta
11739,318,7,2025-02-16 08:41:15,185.90,tarjeta
11740,573,3,2025-02-16 08:44:45,78.95,efectivo
11741,953,4,2025-02-16 08:47:11,28.50,efectivo
11742,540,9,2025-02-16 08:47:15,74.50,efectivo
11743,597,10,2025-02-16 08:51:08,55.50,efectivo
11744,133,8,2025-02-16 08:53:14,24.50,efectivo
11745,323,8,2025-02-16 08:54:13,53.50,tarjeta
11746,293,4,2025-02-16 08:55:12,10.95,efectivo
11747,725,9,2025-02-16 08:56:43,24.50,efectivo
11748,445,2,2025-02-16 08:57:52,53.00,tarjeta
11749,434,10,2025-02-16 08:58:15,114.50,efectivo
11750,831,5,2025-02-16 08:58:40,99.80,tarjeta
11751,842,6,2025-02-16 09:04:16,15.50,efectivo
11752,460,3,2025-02-16 09:05:03,60.90,tarjeta
11753,415,8,2025-02-16 09:11:21,26.95,tarjeta
11754,732,4,2025-02-16 09:11:55,32.50,tarjeta
11755,796,1,2025-02-16 09:13:43,10.95,efectivo
11756,595,9,2025-02-16 09:14:22,38.95,tarjeta
11757,64,9,2025-02-16 09:15:01,52.95,tarjeta
11758,29,1,2025-02-16 09:16:42,31.00,tarjeta
11759,374,4,2025-02-16 09:18:03,24.50,tarjeta
11760,119,3,2025-02-16 09:19:45,26.95,efectivo
11761,205,8,2025-02-16 09:22:37,26.00,tarjeta
11762,404,7,2025-02-16 09:28:38,151.25,efectivo
11763,513,8,2025-02-16 09:31:15,0.00,efectivo
11764,380,3,2025-02-16 09:32:57,42.45,tarjeta
11765,983,2,2025-02-16 09:33:39,31.00,tarjeta
11766,744,3,2025-02-16 09:38:53,112.35,tarjeta
11767,287,7,2025-02-16 09:41:58,139.80,efectivo
11768,707,7,2025-02-16 09:42:33,57.00,tarjeta
11769,851,5,2025-02-16 09:45:25,98.95,tarjeta
11770,948,3,2025-02-16 09:52:36,59.90,efectivo
11771,567,9,2025-02-16 09:52:59,26.00,tarjeta
11772,586,9,2025-02-16 09:54:03,26.95,efectivo
11773,322,7,2025-02-16 09:54:32,46.50,efectivo
11774,27,8,2025-02-16 09:55:44,26.95,tarjeta
11775,535,3,2025-02-16 09:56:58,24.50,tarjeta
11776,915,4,2025-02-16 09:58:06,55.50,efectivo
11777,217,7,2025-02-16 10:03:29,0.00,efectivo
11778,660,10,2025-02-16 10:07:52,196.75,tarjeta
11779,697,8,2025-02-16 10:10:07,49.00,tarjeta
11780,356,8,2025-02-16 10:11:58,10.95,efectivo
11781,553,9,2025-02-16 10:12:13,46.50,efectivo
11782,574,8,2025-02-16 10:14:01,93.00,tarjeta
11783,712,3,2025-02-16 10:21:56,26.50,tarjeta
11784,755,10,2025-02-16 10:27:26,26.95,efectivo
11785,760,10,2025-02-16 10:29:59,73.45,efectivo
11786,923,5,2025-02-16 10:36:47,10.00,efectivo
11787,849,10,2025-02-16 10:39:05,97.75,tarjeta
11788,315,6,2025-02-16 10:40:09,10.00,efectivo
11789,281,5,2025-02-16 10:41:40,30.00,efectivo
11790,206,9,2025-02-16 10:43:42,53.00,efectivo
11791,848,1,2025-02-16 10:44:18,108.50,tarjeta
11792,112,4,2025-02-16 10:46:30,29.50,efectivo
11793,398,4,2025-02-16 10:49:13,82.50,tarjeta
11794,477,3,2025-02-16 10:52:24,58.50,efectivo
11795,161,10,2025-02-16 10:55:13,10.95,tarjeta
11796,691,5,2025-02-16 10:55:36,31.00,efectivo
11797,793,1,2025-02-16 10:55:57,41.00,efectivo
11798,501,2,2025-02-16 10:57:51,49.90,efectivo
11799,562,7,2025-02-16 10:58:16,26.00,efectivo
11800,702,1,2025-02-16 10:59:14,51.45,efectivo
11801,184,3,2025-02-16 11:02:04,148.90,tarjeta
11802,339,8,2025-02-16 11:05:38,148.75,efectivo
11803,907,7,2025-02-16 11:07:52,106.00,efectivo
11804,726,2,2025-02-16 11:11:48,141.85,efectivo
11805,76,8,2025-02-16 11:24:01,70.95,efectivo
11806,809,6,2025-02-16 11:38:38,124.70,tarjeta
11807,109,3,2025-02-16 11:57:05,77.80,tarjeta
11808,726,6,2025-02-16 12:22:09,68.50,tarjeta
11809,273,10,2025-02-16 12:31:36,117.45,efectivo
11810,532,5,2025-02-16 12:36:06,101.85,efectivo
11811,484,8,2025-02-16 12:45:57,92.95,efectivo
11812,332,7,2025-02-16 12:50:03,95.80,efectivo
11813,853,6,2025-02-16 13:01:53,91.50,tarjeta
11814,507,3,2025-02-16 13:24:03,38.90,efectivo
11815,905,7,2025-02-16 13:32:16,92.95,tarjeta
11816,715,2,2025-02-16 13:59:10,112.45,tarjeta
11817,268,9,2025-02-16 14:02:20,109.50,efectivo
11818,247,10,2025-02-16 14:06:00,22.50,tarjeta
11819,717,8,2025-02-16 14:08:34,139.75,efectivo
11820,13,2,2025-02-16 14:11:33,98.50,tarjeta
11821,265,6,2025-02-16 14:15:02,48.30,efectivo
11822,797,1,2025-02-16 14:16:36,8.00,tarjeta
11823,484,5,2025-02-16 14:18:15,86.70,tarjeta
11824,612,10,2025-02-16 14:28:52,18.00,tarjeta
11825,157,9,2025-02-16 14:36:42,110.85,tarjeta
11826,832,4,2025-02-16 14:38:43,38.90,efectivo
11827,875,4,2025-02-16 14:47:29,80.00,efectivo
11828,892,5,2025-02-16 14:48:02,78.40,efectivo
11829,421,1,2025-02-16 14:50:36,102.90,tarjeta
11830,15,5,2025-02-16 14:50:52,72.95,tarjeta
11831,726,3,2025-02-16 15:02:02,94.35,efectivo
11832,640,1,2025-02-16 15:15:48,101.85,efectivo
11833,780,5,2025-02-16 15:15:50,126.50,efectivo
11834,622,4,2025-02-16 15:16:05,116.90,tarjeta
11835,841,6,2025-02-16 15:17:54,115.45,tarjeta
11836,167,8,2025-02-16 15:21:43,136.40,tarjeta
11837,55,2,2025-02-16 15:27:58,64.90,efectivo
11838,236,7,2025-02-16 15:28:54,116.00,efectivo
11839,849,10,2025-02-16 15:33:44,68.00,tarjeta
11840,228,4,2025-02-16 15:36:48,149.80,efectivo
11841,290,8,2025-02-16 16:05:29,63.50,tarjeta
11842,832,3,2025-02-16 16:09:06,103.40,efectivo
11843,209,6,2025-02-16 16:13:29,23.00,efectivo
11844,583,1,2025-02-16 16:17:52,27.45,efectivo
11845,634,4,2025-02-16 16:17:54,104.50,efectivo
11846,145,5,2025-02-16 16:23:54,154.00,tarjeta
11847,994,4,2025-02-16 16:25:45,77.90,efectivo
11848,733,1,2025-02-16 16:29:09,103.80,efectivo
11849,408,10,2025-02-16 16:32:02,35.95,efectivo
11850,80,2,2025-02-16 16:37:25,60.90,tarjeta
11851,622,1,2025-02-16 16:53:51,75.45,tarjeta
11852,248,7,2025-02-16 16:57:42,35.00,efectivo
11853,839,4,2025-02-16 17:00:59,81.90,tarjeta
11854,659,10,2025-02-16 17:01:02,179.90,efectivo
11855,833,10,2025-02-16 17:04:52,206.60,efectivo
11856,833,10,2025-02-16 17:17:44,58.85,efectivo
11857,836,4,2025-02-16 17:20:57,116.70,efectivo
11858,565,4,2025-02-16 17:21:45,15.50,efectivo
11859,965,8,2025-02-16 17:26:58,84.95,tarjeta
11860,465,1,2025-02-16 17:27:46,35.95,efectivo
11861,816,6,2025-02-16 17:41:15,139.75,tarjeta
11862,726,2,2025-02-16 17:47:21,85.95,efectivo
11863,687,9,2025-02-16 17:48:19,121.00,efectivo
11864,682,5,2025-02-16 17:50:49,63.45,efectivo
11865,484,6,2025-02-16 18:06:45,63.30,tarjeta
11866,831,5,2025-02-16 18:39:13,101.80,tarjeta
11867,771,6,2025-02-16 18:45:44,33.50,efectivo
11868,821,1,2025-02-16 18:48:07,105.40,tarjeta
11869,301,7,2025-02-16 19:08:28,39.45,efectivo
11870,675,6,2025-02-16 19:19:04,81.50,tarjeta
11871,532,4,2025-02-16 19:25:40,107.50,efectivo
11872,373,5,2025-02-16 19:27:30,133.60,efectivo
11873,412,9,2025-02-16 19:37:20,74.90,efectivo
11874,433,2,2025-02-16 20:08:50,138.75,tarjeta
11875,994,7,2025-02-16 20:28:26,68.00,tarjeta
11876,273,7,2025-02-16 20:43:20,72.00,efectivo
11877,938,10,2025-02-16 20:57:45,12.00,efectivo
11878,80,3,2025-02-16 20:59:56,8.00,tarjeta
11879,822,1,2025-02-16 21:06:58,83.90,efectivo
11880,849,8,2025-02-16 21:08:11,84.90,efectivo
11881,167,2,2025-02-16 21:25:45,97.50,tarjeta
11882,33,2,2025-02-16 21:27:05,41.00,efectivo
11883,836,2,2025-02-16 22:11:42,118.90,efectivo
11884,11,8,2025-02-16 22:15:05,176.00,tarjeta
11885,145,9,2025-02-16 22:18:55,128.50,efectivo
11886,500,6,2025-02-16 22:30:53,170.80,efectivo
11887,856,6,2025-02-16 22:43:31,192.70,tarjeta
11888,643,1,2025-02-16 22:58:59,46.50,tarjeta
11889,236,10,2025-02-16 22:59:04,66.00,tarjeta
11890,969,8,2025-02-17 06:04:52,31.00,tarjeta
11891,793,2,2025-02-17 06:12:22,71.00,tarjeta
11892,532,2,2025-02-17 06:19:32,172.50,efectivo
11893,988,1,2025-02-17 06:26:09,95.40,tarjeta
11894,783,2,2025-02-17 06:30:26,41.00,efectivo
11895,405,5,2025-02-17 06:34:29,15.50,efectivo
11896,170,9,2025-02-17 06:36:09,69.95,efectivo
11897,742,8,2025-02-17 06:40:53,53.00,efectivo
11898,458,8,2025-02-17 06:41:19,52.95,efectivo
11899,605,1,2025-02-17 06:45:20,79.95,tarjeta
11900,437,2,2025-02-17 06:45:37,40.00,tarjeta
11901,948,10,2025-02-17 06:47:23,77.50,tarjeta
11902,763,3,2025-02-17 07:03:05,32.95,tarjeta
11903,196,4,2025-02-17 07:03:07,57.45,efectivo
11904,595,8,2025-02-17 07:06:34,73.45,efectivo
11905,821,4,2025-02-17 07:09:24,80.00,tarjeta
11906,846,9,2025-02-17 07:10:22,69.50,efectivo
11907,535,5,2025-02-17 07:13:07,59.90,tarjeta
11908,924,10,2025-02-17 07:20:08,106.85,efectivo
11909,691,2,2025-02-17 07:20:41,99.50,efectivo
11910,346,4,2025-02-17 07:25:22,55.50,tarjeta
11911,713,8,2025-02-17 07:32:40,10.00,tarjeta
11912,76,2,2025-02-17 07:34:36,88.00,efectivo
11913,642,8,2025-02-17 07:45:43,121.80,tarjeta
11914,767,7,2025-02-17 07:45:56,43.00,efectivo
11915,245,10,2025-02-17 07:47:22,32.95,efectivo
11916,595,3,2025-02-17 07:48:52,44.00,tarjeta
11917,752,3,2025-02-17 07:48:56,80.85,tarjeta
11918,570,9,2025-02-17 07:49:32,116.50,tarjeta
11919,448,4,2025-02-17 07:50:08,31.00,efectivo
11920,257,8,2025-02-17 07:51:50,26.95,tarjeta
11921,793,3,2025-02-17 07:56:11,36.95,tarjeta
11922,222,8,2025-02-17 07:56:40,49.00,tarjeta
11923,346,7,2025-02-17 08:04:28,24.50,efectivo
11924,606,10,2025-02-17 08:11:30,15.50,tarjeta
11925,584,5,2025-02-17 08:11:39,34.00,efectivo
11926,854,8,2025-02-17 08:12:59,10.95,efectivo
11927,687,7,2025-02-17 08:20:26,56.45,efectivo
11928,760,9,2025-02-17 08:21:48,34.95,efectivo
11929,406,9,2025-02-17 08:28:27,40.00,efectivo
11930,847,7,2025-02-17 08:30:15,63.50,tarjeta
11931,93,7,2025-02-17 08:31:55,66.95,efectivo
11932,63,8,2025-02-17 08:34:50,53.00,efectivo
11933,535,3,2025-02-17 08:34:58,36.50,efectivo
11934,713,1,2025-02-17 08:38:20,54.45,efectivo
11935,382,4,2025-02-17 08:41:40,211.80,efectivo
11936,799,3,2025-02-17 08:53:43,24.50,efectivo
11937,755,7,2025-02-17 08:56:47,93.00,tarjeta
11938,197,1,2025-02-17 09:00:28,25.50,efectivo
11939,9,5,2025-02-17 09:05:22,41.95,tarjeta
11940,404,6,2025-02-17 09:07:33,80.95,efectivo
11941,738,2,2025-02-17 09:11:13,67.95,efectivo
11942,568,10,2025-02-17 09:14:16,46.50,tarjeta
11943,801,1,2025-02-17 09:18:52,36.50,efectivo
11944,207,4,2025-02-17 09:32:20,27.50,efectivo
11945,535,9,2025-02-17 09:33:48,48.95,efectivo
11946,763,6,2025-02-17 09:45:18,32.00,tarjeta
11947,295,6,2025-02-17 09:45:53,31.00,tarjeta
11948,599,6,2025-02-17 09:49:16,34.00,efectivo
11949,794,1,2025-02-17 09:50:07,88.95,tarjeta
11950,177,6,2025-02-17 09:51:01,58.50,efectivo
11951,783,9,2025-02-17 09:51:30,66.45,efectivo
11952,180,5,2025-02-17 09:54:01,89.90,efectivo
11953,921,5,2025-02-17 09:56:03,46.50,tarjeta
11954,415,5,2025-02-17 09:57:18,18.00,tarjeta
11955,176,7,2025-02-17 10:02:01,46.50,tarjeta
11956,605,7,2025-02-17 10:02:52,36.95,efectivo
11957,976,5,2025-02-17 10:05:38,22.00,efectivo
11958,533,6,2025-02-17 10:07:52,61.90,tarjeta
11959,739,10,2025-02-17 10:14:07,10.00,tarjeta
11960,598,9,2025-02-17 10:14:21,34.00,tarjeta
11961,765,3,2025-02-17 10:20:08,24.50,tarjeta
11962,288,4,2025-02-17 10:24:29,10.95,efectivo
11963,574,5,2025-02-17 10:25:43,12.00,tarjeta
11964,332,9,2025-02-17 10:25:44,77.80,tarjeta
11965,882,7,2025-02-17 10:29:27,148.90,efectivo
11966,878,3,2025-02-17 10:32:33,16.50,tarjeta
11967,116,2,2025-02-17 10:36:34,107.40,tarjeta
11968,836,7,2025-02-17 10:38:44,68.00,efectivo
11969,818,9,2025-02-17 10:42:15,38.95,efectivo
11970,652,4,2025-02-17 10:45:30,32.00,tarjeta
11971,1000,8,2025-02-17 10:48:29,22.95,efectivo
11972,151,9,2025-02-17 10:49:12,187.00,tarjeta
11973,332,5,2025-02-17 10:51:31,98.35,efectivo
11974,641,7,2025-02-17 10:53:10,161.75,efectivo
11975,161,4,2025-02-17 10:54:18,24.50,tarjeta
11976,796,4,2025-02-17 10:56:04,10.95,efectivo
11977,378,9,2025-02-17 11:10:34,166.70,efectivo
11978,800,8,2025-02-17 11:15:25,12.35,tarjeta
11979,317,2,2025-02-17 11:28:49,0.00,efectivo
11980,924,6,2025-02-17 11:44:05,39.90,tarjeta
11981,785,8,2025-02-17 11:48:21,24.95,tarjeta
11982,608,5,2025-02-17 11:53:14,45.00,tarjeta
11983,841,10,2025-02-17 11:53:20,35.00,efectivo
11984,532,10,2025-02-17 11:57:44,112.90,tarjeta
11985,892,2,2025-02-17 12:04:05,20.35,tarjeta
11986,398,7,2025-02-17 12:24:50,89.00,efectivo
11987,810,10,2025-02-17 12:31:43,178.35,efectivo
11988,228,7,2025-02-17 12:33:52,114.85,tarjeta
11989,933,6,2025-02-17 12:38:57,99.00,efectivo
11990,187,6,2025-02-17 12:47:14,160.95,efectivo
11991,693,2,2025-02-17 12:52:11,68.00,efectivo
11992,290,6,2025-02-17 12:55:20,124.85,tarjeta
11993,25,9,2025-02-17 12:57:19,8.00,efectivo
11994,875,2,2025-02-17 13:07:14,90.00,efectivo
11995,268,4,2025-02-17 13:10:21,99.50,tarjeta
11996,67,1,2025-02-17 13:13:09,60.70,efectivo
11997,192,3,2025-02-17 13:14:48,77.80,efectivo
11998,715,5,2025-02-17 13:35:16,126.50,tarjeta
11999,622,3,2025-02-17 13:41:49,162.70,tarjeta
12000,175,5,2025-02-17 13:44:42,111.95,efectivo
12001,664,10,2025-02-17 13:45:57,79.95,tarjeta
12002,988,2,2025-02-17 13:47:21,28.50,efectivo
12003,715,4,2025-02-17 13:52:38,58.85,tarjeta
12004,348,4,2025-02-17 13:53:58,51.25,tarjeta
12005,11,3,2025-02-17 14:23:33,33.50,tarjeta
12006,608,4,2025-02-17 14:34:12,81.00,tarjeta
12007,234,8,2025-02-17 14:35:31,103.90,tarjeta
12008,714,2,2025-02-17 14:40:56,149.70,tarjeta
12009,66,5,2025-02-17 14:45:28,155.90,efectivo
12010,268,5,2025-02-17 14:45:31,73.25,efectivo
12011,416,8,2025-02-17 14:49:45,28.95,tarjeta
12012,851,10,2025-02-17 14:53:43,83.50,tarjeta
12013,926,6,2025-02-17 15:01:46,118.40,tarjeta
12014,965,2,2025-02-17 15:21:32,121.90,tarjeta
12015,264,2,2025-02-17 15:22:24,146.75,tarjeta
12016,283,8,2025-02-17 15:36:31,93.00,efectivo
12017,447,8,2025-02-17 15:37:42,15.50,efectivo
12018,887,8,2025-02-17 15:42:54,70.45,tarjeta
12019,959,9,2025-02-17 15:51:38,101.80,efectivo
12020,848,4,2025-02-17 15:52:15,95.90,tarjeta
12021,323,3,2025-02-17 15:54:09,138.40,tarjeta
12022,339,2,2025-02-17 15:55:15,106.50,tarjeta
12023,146,2,2025-02-17 15:58:31,55.85,efectivo
12024,144,8,2025-02-17 16:03:54,35.00,tarjeta
12025,424,2,2025-02-17 16:07:22,16.50,tarjeta
12026,486,7,2025-02-17 16:17:09,34.50,efectivo
12027,634,4,2025-02-17 16:19:51,161.55,efectivo
12028,583,6,2025-02-17 16:30:05,30.90,tarjeta
12029,382,2,2025-02-17 16:30:27,44.00,efectivo
12030,701,4,2025-02-17 16:33:28,64.90,efectivo
12031,379,1,2025-02-17 16:34:07,99.95,efectivo
12032,994,5,2025-02-17 16:44:02,159.80,efectivo
12033,860,9,2025-02-17 16:45:03,147.05,efectivo
12034,24,4,2025-02-17 16:46:57,118.90,efectivo
12035,860,10,2025-02-17 16:58:03,164.30,efectivo
12036,698,2,2025-02-17 16:58:23,60.90,tarjeta
12037,127,10,2025-02-17 17:03:02,8.00,tarjeta
12038,622,1,2025-02-17 17:04:42,67.45,efectivo
12039,192,5,2025-02-17 17:07:23,108.35,tarjeta
12040,922,9,2025-02-17 17:07:56,48.90,tarjeta
12041,412,9,2025-02-17 17:08:40,189.90,efectivo
12042,672,3,2025-02-17 17:09:44,36.00,tarjeta
12043,839,3,2025-02-17 17:42:49,42.00,efectivo
12044,730,8,2025-02-17 17:43:05,97.55,tarjeta
12045,430,6,2025-02-17 18:01:56,67.85,efectivo
12046,267,7,2025-02-17 18:55:49,123.40,efectivo
12047,318,4,2025-02-17 19:01:27,44.00,efectivo
12048,703,10,2025-02-17 19:18:17,45.95,tarjeta
12049,661,8,2025-02-17 19:20:34,103.00,efectivo
12050,742,1,2025-02-17 19:24:29,110.85,tarjeta
12051,331,1,2025-02-17 19:30:26,66.90,efectivo
12052,167,10,2025-02-17 19:41:48,66.95,efectivo
12053,681,2,2025-02-17 19:42:35,170.30,tarjeta
12054,573,2,2025-02-17 19:51:34,77.00,tarjeta
12055,639,8,2025-02-17 19:55:40,22.50,tarjeta
12056,205,9,2025-02-17 20:04:05,70.35,efectivo
12057,550,10,2025-02-17 20:13:49,93.00,efectivo
12058,336,5,2025-02-17 20:22:48,48.50,efectivo
12059,614,4,2025-02-17 20:38:20,38.90,efectivo
12060,186,3,2025-02-17 20:43:22,123.95,tarjeta
12061,387,5,2025-02-17 20:48:42,170.75,efectivo
12062,244,8,2025-02-17 21:03:04,16.50,efectivo
12063,829,9,2025-02-17 21:21:03,106.90,efectivo
12064,835,8,2025-02-17 21:26:22,35.95,tarjeta
12065,220,7,2025-02-17 21:39:42,32.30,tarjeta
12066,663,9,2025-02-17 21:43:46,67.65,efectivo
12067,348,8,2025-02-17 21:51:19,67.00,tarjeta
12068,927,4,2025-02-17 21:57:11,118.85,tarjeta
12069,856,9,2025-02-17 22:09:49,176.10,tarjeta
12070,570,10,2025-02-17 22:14:52,57.50,tarjeta
12071,919,5,2025-02-17 22:30:36,182.80,efectivo
12072,472,4,2025-02-17 22:30:38,193.70,efectivo
12073,640,1,2025-02-17 22:37:35,122.95,efectivo
12074,414,7,2025-02-17 22:55:04,137.75,tarjeta
12075,781,3,2025-02-18 06:03:42,46.50,tarjeta
12076,283,9,2025-02-18 06:07:31,95.50,efectivo
12077,734,1,2025-02-18 06:07:55,12.00,efectivo
12078,69,3,2025-02-18 06:10:10,57.95,tarjeta
12079,540,1,2025-02-18 06:10:49,163.75,tarjeta
12080,250,9,2025-02-18 06:13:04,32.00,efectivo
12081,207,2,2025-02-18 06:14:46,26.95,efectivo
12082,885,5,2025-02-18 06:18:16,67.95,tarjeta
12083,657,8,2025-02-18 06:22:27,38.90,tarjeta
12084,177,4,2025-02-18 06:33:18,15.50,tarjeta
12085,520,10,2025-02-18 06:36:19,60.95,tarjeta
12086,386,9,2025-02-18 06:47:35,125.35,efectivo
12087,732,7,2025-02-18 06:48:34,24.50,efectivo
12088,962,7,2025-02-18 06:48:40,26.95,tarjeta
12089,749,9,2025-02-18 06:50:18,80.45,tarjeta
12090,152,3,2025-02-18 06:51:10,32.00,efectivo
12091,633,10,2025-02-18 06:53:29,22.95,tarjeta
12092,588,5,2025-02-18 06:57:04,31.00,tarjeta
12093,975,3,2025-02-18 06:57:04,31.00,efectivo
12094,933,10,2025-02-18 06:59:06,76.00,tarjeta
12095,642,9,2025-02-18 07:00:58,73.85,efectivo
12096,177,8,2025-02-18 07:01:38,22.00,efectivo
12097,404,6,2025-02-18 07:08:39,160.65,efectivo
12098,931,9,2025-02-18 07:10:51,96.00,tarjeta
12099,222,6,2025-02-18 07:15:45,40.50,efectivo
12100,760,2,2025-02-18 07:18:29,32.95,efectivo
12101,391,1,2025-02-18 07:21:22,198.95,tarjeta
12102,597,7,2025-02-18 07:29:52,15.50,efectivo
12103,378,7,2025-02-18 07:31:30,85.50,efectivo
12104,650,5,2025-02-18 07:35:07,73.45,efectivo
12105,321,10,2025-02-18 07:35:40,42.45,tarjeta
12106,95,6,2025-02-18 07:35:42,63.45,efectivo
12107,606,10,2025-02-18 07:35:47,61.45,efectivo
12108,288,5,2025-02-18 07:36:02,26.95,tarjeta
12109,937,10,2025-02-18 07:37:38,133.25,tarjeta
12110,588,5,2025-02-18 07:39:38,12.00,tarjeta
12111,837,10,2025-02-18 07:44:57,22.35,tarjeta
12112,113,2,2025-02-18 07:48:24,176.85,efectivo
12113,899,10,2025-02-18 07:49:43,67.45,efectivo
12114,232,6,2025-02-18 07:50:08,41.00,tarjeta
12115,535,8,2025-02-18 07:50:08,12.00,tarjeta
12116,789,3,2025-02-18 07:51:23,46.50,tarjeta
12117,217,10,2025-02-18 07:53:06,55.50,tarjeta
12118,725,5,2025-02-18 07:53:56,15.50,tarjeta
12119,965,9,2025-02-18 07:55:46,105.95,efectivo
12120,257,7,2025-02-18 08:00:10,24.50,efectivo
12121,836,4,2025-02-18 08:05:50,90.15,tarjeta
12122,461,8,2025-02-18 08:08:19,18.00,efectivo
12123,177,4,2025-02-18 08:08:48,57.00,efectivo
12124,778,4,2025-02-18 08:09:14,45.95,efectivo
12125,405,9,2025-02-18 08:10:55,41.95,tarjeta
12126,846,7,2025-02-18 08:13:08,94.65,tarjeta
12127,206,7,2025-02-18 08:14:54,39.30,tarjeta
12128,257,2,2025-02-18 08:27:04,46.95,tarjeta
12129,814,10,2025-02-18 08:31:23,22.00,efectivo
12130,317,8,2025-02-18 08:34:53,31.00,tarjeta
12131,633,8,2025-02-18 08:40:51,69.95,efectivo
12132,763,10,2025-02-18 08:43:52,10.00,efectivo
12133,84,5,2025-02-18 08:45:01,43.00,efectivo
12134,642,5,2025-02-18 08:48:53,81.90,efectivo
12135,196,2,2025-02-18 08:50:20,31.00,efectivo
12136,402,5,2025-02-18 08:51:39,66.45,tarjeta
12137,112,6,2025-02-18 08:55:15,15.50,efectivo
12138,849,2,2025-02-18 09:00:35,32.00,tarjeta
12139,706,5,2025-02-18 09:06:41,59.50,tarjeta
12140,13,6,2025-02-18 09:12:00,225.80,efectivo
12141,64,7,2025-02-18 09:14:36,42.45,tarjeta
12142,242,10,2025-02-18 09:14:51,26.95,efectivo
12143,250,1,2025-02-18 09:16:20,26.95,tarjeta
12144,160,6,2025-02-18 09:17:47,31.00,tarjeta
12145,814,10,2025-02-18 09:19:08,46.50,tarjeta
12146,916,1,2025-02-18 09:20:42,18.00,tarjeta
12147,520,2,2025-02-18 09:22:28,24.50,tarjeta
12148,646,2,2025-02-18 09:26:23,41.95,efectivo
12149,686,5,2025-02-18 09:27:41,104.85,efectivo
12150,642,9,2025-02-18 09:28:08,92.90,efectivo
12151,942,5,2025-02-18 09:29:04,38.00,tarjeta
12152,870,9,2025-02-18 09:29:50,102.90,efectivo
12153,207,5,2025-02-18 09:31:24,15.50,efectivo
12154,302,10,2025-02-18 09:35:57,41.00,tarjeta
12155,475,1,2025-02-18 09:40:36,50.00,efectivo
12156,250,3,2025-02-18 09:45:09,34.00,tarjeta
12157,882,3,2025-02-18 09:45:32,132.45,tarjeta
12158,954,2,2025-02-18 09:48:00,31.00,efectivo
12159,404,9,2025-02-18 09:49:11,188.65,efectivo
12160,372,5,2025-02-18 09:54:11,73.00,tarjeta
12161,185,1,2025-02-18 09:54:22,46.50,efectivo
12162,293,7,2025-02-18 09:54:40,52.45,tarjeta
12163,284,1,2025-02-18 10:02:25,42.00,tarjeta
12164,422,7,2025-02-18 10:03:54,69.45,efectivo
12165,957,10,2025-02-18 10:04:39,67.50,efectivo
12166,380,1,2025-02-18 10:05:06,26.95,efectivo
12167,765,2,2025-02-18 10:06:42,66.95,tarjeta
12168,410,9,2025-02-18 10:08:18,32.00,tarjeta
12169,520,3,2025-02-18 10:11:20,22.00,tarjeta
12170,885,1,2025-02-18 10:15:25,53.00,efectivo
12171,905,8,2025-02-18 10:25:41,56.90,tarjeta
12172,843,2,2025-02-18 10:40:52,31.00,tarjeta
12173,113,2,2025-02-18 10:42:52,174.50,efectivo
12174,837,2,2025-02-18 10:45:18,91.95,efectivo
12175,423,2,2025-02-18 10:46:40,77.50,efectivo
12176,415,5,2025-02-18 10:47:01,15.50,tarjeta
12177,217,4,2025-02-18 10:48:49,34.50,tarjeta
12178,78,7,2025-02-18 10:54:15,24.50,efectivo
12179,377,6,2025-02-18 10:56:35,44.95,efectivo
12180,765,8,2025-02-18 10:57:10,26.95,tarjeta
12181,429,9,2025-02-18 11:08:03,28.50,efectivo
12182,841,8,2025-02-18 11:10:55,127.90,tarjeta
12183,945,5,2025-02-18 11:11:49,20.00,efectivo
12184,841,2,2025-02-18 11:27:26,108.35,tarjeta
12185,500,9,2025-02-18 11:50:23,237.60,tarjeta
12186,927,2,2025-02-18 11:54:48,134.75,tarjeta
12187,540,8,2025-02-18 11:58:08,165.30,tarjeta
12188,887,8,2025-02-18 12:00:09,77.50,efectivo
12189,611,8,2025-02-18 12:08:21,22.00,efectivo
12190,834,5,2025-02-18 12:26:13,98.90,tarjeta
12191,382,8,2025-02-18 12:54:20,92.85,tarjeta
12192,507,1,2025-02-18 13:02:43,99.95,efectivo
12193,771,1,2025-02-18 13:04:39,91.95,tarjeta
12194,466,9,2025-02-18 13:21:38,210.00,tarjeta
12195,51,10,2025-02-18 13:41:26,57.00,efectivo
12196,848,5,2025-02-18 13:51:00,46.40,tarjeta
12197,275,8,2025-02-18 13:59:45,100.00,efectivo
12198,836,5,2025-02-18 14:03:45,64.00,tarjeta
12199,849,5,2025-02-18 14:17:53,222.15,tarjeta
12200,418,5,2025-02-18 14:27:01,117.65,efectivo
12201,205,4,2025-02-18 14:31:00,128.95,efectivo
12202,812,2,2025-02-18 14:34:30,20.95,tarjeta
12203,863,2,2025-02-18 14:37:50,44.45,tarjeta
12204,810,9,2025-02-18 14:44:17,98.30,tarjeta
12205,318,5,2025-02-18 14:47:24,35.95,tarjeta
12206,433,10,2025-02-18 14:49:24,71.40,tarjeta
12207,634,10,2025-02-18 14:54:04,86.50,tarjeta
12208,80,4,2025-02-18 15:09:37,142.40,efectivo
12209,553,10,2025-02-18 15:11:03,18.00,tarjeta
12210,989,5,2025-02-18 15:27:13,10.95,efectivo
12211,502,5,2025-02-18 15:30:05,16.50,efectivo
12212,836,6,2025-02-18 15:37:33,201.90,efectivo
12213,660,5,2025-02-18 15:58:58,110.85,tarjeta
12214,573,7,2025-02-18 16:03:23,96.90,efectivo
12215,381,9,2025-02-18 16:03:59,134.70,tarjeta
12216,458,5,2025-02-18 16:04:08,101.30,tarjeta
12217,184,8,2025-02-18 16:11:47,77.80,tarjeta
12218,3,2,2025-02-18 16:14:48,55.00,efectivo
12219,822,5,2025-02-18 16:21:23,36.00,efectivo
12220,387,10,2025-02-18 16:25:02,105.95,efectivo
12221,76,3,2025-02-18 16:30:09,87.35,efectivo
12222,660,10,2025-02-18 16:32:17,143.35,tarjeta
12223,387,7,2025-02-18 16:42:10,82.45,efectivo
12224,928,8,2025-02-18 17:17:10,38.45,tarjeta
12225,959,3,2025-02-18 17:32:04,66.85,tarjeta
12226,383,7,2025-02-18 17:33:05,10.00,efectivo
12227,180,6,2025-02-18 17:37:51,77.90,efectivo
12228,333,2,2025-02-18 17:42:58,62.95,tarjeta
12229,627,5,2025-02-18 17:43:05,70.00,tarjeta
12230,879,4,2025-02-18 17:57:14,140.75,efectivo
12231,501,8,2025-02-18 17:59:06,106.90,tarjeta
12232,3,7,2025-02-18 18:03:12,0.00,efectivo
12233,663,3,2025-02-18 18:21:11,98.50,efectivo
12234,328,5,2025-02-18 18:25:10,75.45,efectivo
12235,426,7,2025-02-18 18:29:18,35.95,efectivo
12236,876,2,2025-02-18 18:37:05,173.90,efectivo
12237,612,6,2025-02-18 19:03:19,87.50,tarjeta
12238,234,9,2025-02-18 19:06:27,74.90,tarjeta
12239,3,5,2025-02-18 19:12:52,138.90,efectivo
12240,619,2,2025-02-18 19:13:24,196.45,efectivo
12241,911,2,2025-02-18 19:15:05,54.00,efectivo
12242,264,8,2025-02-18 19:31:12,90.85,efectivo
12243,671,1,2025-02-18 19:31:29,178.95,efectivo
12244,887,4,2025-02-18 19:53:49,104.50,efectivo
12245,698,6,2025-02-18 19:56:30,53.00,tarjeta
12246,593,4,2025-02-18 20:08:59,8.00,tarjeta
12247,24,5,2025-02-18 20:13:58,58.85,efectivo
12248,51,3,2025-02-18 20:16:19,117.45,efectivo
12249,738,6,2025-02-18 20:18:11,35.95,tarjeta
12250,453,5,2025-02-18 20:30:12,45.95,efectivo
12251,693,7,2025-02-18 20:33:21,46.40,efectivo
12252,522,10,2025-02-18 20:59:30,43.95,efectivo
12253,518,4,2025-02-18 21:02:36,48.90,efectivo
12254,3,5,2025-02-18 21:15:25,92.45,tarjeta
12255,945,2,2025-02-18 21:31:14,215.90,tarjeta
12256,323,6,2025-02-18 21:50:45,72.90,tarjeta
12257,933,5,2025-02-18 21:53:02,111.90,efectivo
12258,849,6,2025-02-18 22:16:42,95.90,tarjeta
12259,889,3,2025-02-18 22:24:19,35.45,tarjeta
12260,175,4,2025-02-18 22:37:54,78.90,tarjeta
12261,208,8,2025-02-18 22:50:08,143.90,tarjeta
12262,671,10,2025-02-18 22:58:19,202.90,efectivo
12263,216,2,2025-02-19 06:01:41,26.00,efectivo
12264,597,4,2025-02-19 06:02:11,22.00,efectivo
12265,974,3,2025-02-19 06:07:56,48.95,tarjeta
12266,630,3,2025-02-19 06:12:52,51.45,efectivo
12267,780,7,2025-02-19 06:14:58,38.50,efectivo
12268,460,9,2025-02-19 06:15:03,50.00,efectivo
12269,415,9,2025-02-19 06:15:18,35.45,efectivo
12270,128,7,2025-02-19 06:16:13,24.50,tarjeta
12271,113,10,2025-02-19 06:17:08,81.90,efectivo
12272,76,5,2025-02-19 06:18:18,77.95,efectivo
12273,387,9,2025-02-19 06:19:57,102.50,tarjeta
12274,96,5,2025-02-19 06:22:04,26.95,efectivo
12275,792,3,2025-02-19 06:24:19,10.00,efectivo
12276,920,2,2025-02-19 06:24:38,28.95,efectivo
12277,957,4,2025-02-19 06:28:18,32.95,tarjeta
12278,557,6,2025-02-19 06:31:25,10.95,tarjeta
12279,895,4,2025-02-19 06:42:02,31.00,tarjeta
12280,344,5,2025-02-19 06:43:10,10.00,tarjeta
12281,89,6,2025-02-19 06:43:49,29.50,tarjeta
12282,350,5,2025-02-19 06:49:51,0.00,tarjeta
12283,276,9,2025-02-19 06:52:13,47.45,efectivo
12284,430,8,2025-02-19 06:54:25,110.85,efectivo
12285,395,3,2025-02-19 06:54:42,84.20,tarjeta
12286,749,6,2025-02-19 06:55:09,26.95,tarjeta
12287,288,5,2025-02-19 06:57:45,41.00,efectivo
12288,314,4,2025-02-19 07:00:13,49.50,efectivo
12289,350,3,2025-02-19 07:00:50,46.50,efectivo
12290,346,1,2025-02-19 07:06:25,22.00,tarjeta
12291,406,6,2025-02-19 07:08:58,19.95,efectivo
12292,322,3,2025-02-19 07:11:33,32.95,efectivo
12293,956,6,2025-02-19 07:13:32,70.90,tarjeta
12294,633,10,2025-02-19 07:15:43,34.00,efectivo
12295,370,6,2025-02-19 07:18:42,55.50,tarjeta
12296,932,10,2025-02-19 07:21:44,82.45,efectivo
12297,657,10,2025-02-19 07:23:37,57.45,efectivo
12298,689,9,2025-02-19 07:28:51,55.50,tarjeta
12299,932,8,2025-02-19 07:30:04,37.90,tarjeta
12300,957,2,2025-02-19 07:35:26,55.95,efectivo
12301,666,8,2025-02-19 07:36:05,0.00,tarjeta
12302,720,10,2025-02-19 07:36:28,15.50,tarjeta
12303,920,4,2025-02-19 07:39:34,31.00,tarjeta
12304,725,10,2025-02-19 07:39:49,48.45,tarjeta
12305,677,3,2025-02-19 07:40:58,12.00,tarjeta
12306,77,7,2025-02-19 07:41:52,122.85,efectivo
12307,185,10,2025-02-19 07:48:52,22.00,tarjeta
12308,120,5,2025-02-19 07:50:01,37.90,tarjeta
12309,242,2,2025-02-19 07:57:09,40.00,tarjeta
12310,643,9,2025-02-19 07:58:45,31.00,efectivo
12311,811,3,2025-02-19 08:00:28,81.90,efectivo
12312,919,6,2025-02-19 08:00:42,108.00,efectivo
12313,302,3,2025-02-19 08:01:29,50.50,efectivo
12314,288,8,2025-02-19 08:02:31,57.45,efectivo
12315,233,8,2025-02-19 08:05:18,22.00,efectivo
12316,787,1,2025-02-19 08:08:45,68.90,efectivo
12317,95,9,2025-02-19 08:12:36,20.00,tarjeta
12318,69,7,2025-02-19 08:16:11,26.95,tarjeta
12319,713,5,2025-02-19 08:18:07,12.00,tarjeta
12320,390,9,2025-02-19 08:19:05,179.15,efectivo
12321,376,10,2025-02-19 08:20:58,32.00,tarjeta
12322,533,8,2025-02-19 08:21:06,32.00,efectivo
12323,351,10,2025-02-19 08:24:29,44.85,efectivo
12324,974,10,2025-02-19 08:32:00,58.95,efectivo
12325,821,1,2025-02-19 08:37:01,34.00,tarjeta
12326,650,8,2025-02-19 08:37:02,48.95,tarjeta
12327,571,2,2025-02-19 08:37:28,62.00,tarjeta
12328,840,9,2025-02-19 08:38:20,67.00,tarjeta
12329,465,8,2025-02-19 08:42:05,110.85,efectivo
12330,80,10,2025-02-19 08:45:08,82.85,efectivo
12331,1000,3,2025-02-19 08:45:38,48.95,tarjeta
12332,37,6,2025-02-19 08:47:25,118.50,tarjeta
12333,416,7,2025-02-19 08:49:09,135.25,tarjeta
12334,806,8,2025-02-19 08:49:09,124.90,tarjeta
12335,78,4,2025-02-19 08:52:24,15.50,efectivo
12336,392,8,2025-02-19 08:52:41,42.45,efectivo
12337,362,9,2025-02-19 08:54:14,71.40,tarjeta
12338,969,6,2025-02-19 09:01:10,22.00,tarjeta
12339,544,1,2025-02-19 09:02:07,24.50,efectivo
12340,383,7,2025-02-19 09:02:44,93.40,efectivo
12341,170,2,2025-02-19 09:07:53,54.95,efectivo
12342,183,9,2025-02-19 09:07:56,0.00,efectivo
12343,359,2,2025-02-19 09:10:57,31.00,tarjeta
12344,597,1,2025-02-19 09:11:55,31.00,tarjeta
12345,905,6,2025-02-19 09:16:02,120.35,tarjeta
12346,429,4,2025-02-19 09:16:07,180.85,efectivo
12347,295,9,2025-02-19 09:18:34,108.50,efectivo
12348,923,1,2025-02-19 09:22:38,48.95,tarjeta
12349,662,9,2025-02-19 09:25:50,18.00,tarjeta
12350,706,3,2025-02-19 09:31:00,24.50,tarjeta
12351,288,9,2025-02-19 09:33:07,53.00,tarjeta
12352,28,1,2025-02-19 09:34:39,12.00,tarjeta
12353,217,2,2025-02-19 09:42:29,24.95,efectivo
12354,314,10,2025-02-19 09:46:21,31.00,efectivo
12355,550,6,2025-02-19 09:48:02,66.95,tarjeta
12356,393,6,2025-02-19 09:51:41,44.00,tarjeta
12357,949,2,2025-02-19 09:53:22,93.80,tarjeta
12358,28,3,2025-02-19 09:53:37,32.00,tarjeta
12359,448,5,2025-02-19 09:55:42,28.95,efectivo
12360,582,10,2025-02-19 09:56:32,12.00,efectivo
12361,2,7,2025-02-19 10:02:53,57.95,efectivo
12362,763,8,2025-02-19 10:06:38,38.90,efectivo
12363,96,4,2025-02-19 10:08:25,24.50,efectivo
12364,12,4,2025-02-19 10:11:54,30.90,tarjeta
12365,393,9,2025-02-19 10:15:04,157.40,efectivo
12366,96,8,2025-02-19 10:15:46,43.00,tarjeta
12367,915,5,2025-02-19 10:25:11,10.00,tarjeta
12368,944,2,2025-02-19 10:26:29,40.00,tarjeta
12369,109,5,2025-02-19 10:35:09,174.40,efectivo
12370,322,4,2025-02-19 10:37:54,22.00,efectivo
12371,254,9,2025-02-19 10:45:06,22.00,efectivo
12372,983,2,2025-02-19 10:49:57,34.50,tarjeta
12373,650,4,2025-02-19 10:51:12,26.95,efectivo
12374,752,7,2025-02-19 10:52:15,18.00,efectivo
12375,446,3,2025-02-19 10:52:55,25.50,efectivo
12376,50,6,2025-02-19 11:11:03,110.45,efectivo
12377,856,5,2025-02-19 11:15:59,114.00,efectivo
12378,546,3,2025-02-19 11:16:53,38.90,tarjeta
12379,66,10,2025-02-19 11:19:43,75.95,efectivo
12380,490,5,2025-02-19 11:27:27,78.90,efectivo
12381,841,2,2025-02-19 11:27:31,163.80,tarjeta
12382,771,6,2025-02-19 11:27:58,121.00,tarjeta
12383,959,9,2025-02-19 11:29:50,144.95,efectivo
12384,995,6,2025-02-19 11:30:53,50.50,tarjeta
12385,166,5,2025-02-19 11:31:15,64.35,tarjeta
12386,363,5,2025-02-19 11:32:19,71.90,efectivo
12387,339,8,2025-02-19 11:33:35,0.00,efectivo
12388,426,7,2025-02-19 11:57:28,73.50,tarjeta
12389,387,7,2025-02-19 11:58:50,72.45,efectivo
12390,465,6,2025-02-19 12:15:00,111.95,efectivo
12391,907,7,2025-02-19 12:18:34,142.00,tarjeta
12392,585,10,2025-02-19 12:18:42,98.85,efectivo
12393,454,1,2025-02-19 12:22:35,82.00,efectivo
12394,404,4,2025-02-19 12:27:01,177.00,tarjeta
12395,297,10,2025-02-19 12:31:58,184.70,efectivo
12396,797,6,2025-02-19 12:38:42,126.65,tarjeta
12397,831,8,2025-02-19 13:04:52,185.70,tarjeta
12398,395,8,2025-02-19 13:06:36,44.45,efectivo
12399,150,7,2025-02-19 13:14:10,112.95,efectivo
12400,672,9,2025-02-19 13:17:46,233.40,tarjeta
12401,698,1,2025-02-19 13:27:55,124.00,efectivo
12402,851,10,2025-02-19 13:32:16,103.00,efectivo
12403,831,4,2025-02-19 13:33:45,50.00,efectivo
12404,79,2,2025-02-19 13:34:28,129.75,tarjeta
12405,223,3,2025-02-19 13:35:52,8.00,efectivo
12406,157,5,2025-02-19 13:42:40,121.00,tarjeta
12407,328,10,2025-02-19 13:50:02,81.50,efectivo
12408,640,2,2025-02-19 13:52:48,125.90,tarjeta
12409,546,6,2025-02-19 14:18:47,71.90,tarjeta
12410,179,5,2025-02-19 14:26:00,130.90,efectivo
12411,151,2,2025-02-19 14:26:34,171.30,tarjeta
12412,426,9,2025-02-19 14:34:27,299.65,efectivo
12413,130,8,2025-02-19 14:36:59,96.00,efectivo
12414,476,9,2025-02-19 14:38:36,76.50,efectivo
12415,71,8,2025-02-19 14:40:59,133.40,efectivo
12416,846,10,2025-02-19 14:50:26,77.00,tarjeta
12417,907,8,2025-02-19 15:01:57,50.95,efectivo
12418,55,9,2025-02-19 15:03:54,200.85,tarjeta
12419,726,8,2025-02-19 15:04:23,179.00,tarjeta
12420,332,7,2025-02-19 15:04:44,84.90,tarjeta
12421,249,3,2025-02-19 15:05:16,39.85,efectivo
12422,398,10,2025-02-19 15:09:33,79.50,tarjeta
12423,491,2,2025-02-19 15:19:20,38.90,tarjeta
12424,666,3,2025-02-19 15:47:16,53.00,efectivo
12425,883,8,2025-02-19 15:50:01,118.85,efectivo
12426,655,4,2025-02-19 16:05:23,73.90,efectivo
12427,501,9,2025-02-19 16:05:50,102.90,tarjeta
12428,387,3,2025-02-19 16:12:05,107.90,tarjeta
12429,386,2,2025-02-19 16:14:15,94.95,tarjeta
12430,267,4,2025-02-19 16:55:52,78.25,tarjeta
12431,865,1,2025-02-19 16:55:55,57.95,efectivo
12432,939,3,2025-02-19 17:05:10,10.95,efectivo
12433,55,6,2025-02-19 17:08:15,67.95,tarjeta
12434,661,3,2025-02-19 17:14:47,40.00,efectivo
12435,769,8,2025-02-19 17:17:11,31.95,efectivo
12436,418,3,2025-02-19 17:32:23,114.75,tarjeta
12437,135,5,2025-02-19 17:34:38,55.00,tarjeta
12438,771,4,2025-02-19 18:04:55,170.95,tarjeta
12439,945,3,2025-02-19 18:10:13,49.85,efectivo
12440,771,2,2025-02-19 18:11:18,98.50,tarjeta
12441,590,6,2025-02-19 18:16:33,90.55,efectivo
12442,634,7,2025-02-19 18:22:18,192.95,efectivo
12443,440,3,2025-02-19 18:22:59,163.80,efectivo
12444,47,9,2025-02-19 18:24:11,18.00,efectivo
12445,810,1,2025-02-19 18:27:50,135.55,tarjeta
12446,869,4,2025-02-19 18:45:34,18.00,efectivo
12447,278,10,2025-02-19 18:48:05,187.50,tarjeta
12448,730,4,2025-02-19 18:54:30,32.00,efectivo
12449,907,5,2025-02-19 18:58:10,94.30,tarjeta
12450,931,7,2025-02-19 19:03:26,72.35,efectivo
12451,661,8,2025-02-19 19:07:38,111.40,tarjeta
12452,113,5,2025-02-19 19:26:47,19.95,efectivo
12453,851,10,2025-02-19 19:34:37,99.50,tarjeta
12454,205,1,2025-02-19 19:52:18,167.80,tarjeta
12455,546,8,2025-02-19 19:54:09,131.00,efectivo
12456,725,3,2025-02-19 19:56:21,22.00,tarjeta
12457,924,7,2025-02-19 20:24:50,111.35,tarjeta
12458,6,3,2025-02-19 20:41:21,18.00,efectivo
12459,585,2,2025-02-19 20:45:24,127.70,tarjeta
12460,553,4,2025-02-19 20:46:10,157.25,efectivo
12461,123,5,2025-02-19 20:50:42,34.50,efectivo
12462,717,5,2025-02-19 20:55:56,193.95,efectivo
12463,701,6,2025-02-19 21:04:10,156.85,tarjeta
12464,104,4,2025-02-19 21:10:40,92.95,efectivo
12465,180,5,2025-02-19 21:21:45,182.80,tarjeta
12466,879,2,2025-02-19 22:07:01,73.40,efectivo
12467,194,10,2025-02-19 22:10:40,40.50,tarjeta
12468,742,2,2025-02-19 22:16:47,102.90,tarjeta
12469,36,9,2025-02-19 22:26:38,99.50,tarjeta
12470,994,5,2025-02-19 22:39:05,49.85,tarjeta
12471,157,8,2025-02-19 22:42:56,114.95,tarjeta
12472,414,9,2025-02-20 06:00:34,58.95,efectivo
12473,611,9,2025-02-20 06:03:01,24.50,efectivo
12474,948,2,2025-02-20 06:04:35,40.00,tarjeta
12475,65,1,2025-02-20 06:17:43,119.15,tarjeta
12476,792,3,2025-02-20 06:18:49,44.95,tarjeta
12477,177,10,2025-02-20 06:20:46,32.00,efectivo
12478,582,8,2025-02-20 06:28:49,26.45,tarjeta
12479,568,7,2025-02-20 06:31:26,26.45,tarjeta
12480,257,1,2025-02-20 06:31:31,32.00,efectivo
12481,335,9,2025-02-20 06:33:34,61.45,efectivo
12482,104,4,2025-02-20 06:38:18,158.95,efectivo
12483,222,5,2025-02-20 06:44:52,31.00,efectivo
12484,753,3,2025-02-20 06:51:26,31.00,tarjeta
12485,273,1,2025-02-20 06:53:46,99.95,efectivo
12486,766,5,2025-02-20 06:53:54,31.00,efectivo
12487,732,8,2025-02-20 06:57:27,25.50,tarjeta
12488,78,7,2025-02-20 07:00:17,55.50,efectivo
12489,28,9,2025-02-20 07:00:58,32.00,tarjeta
12490,567,9,2025-02-20 07:01:23,32.00,efectivo
12491,368,1,2025-02-20 07:03:21,34.00,tarjeta
12492,872,2,2025-02-20 07:05:15,26.95,tarjeta
12493,42,5,2025-02-20 07:07:15,77.80,efectivo
12494,514,6,2025-02-20 07:15:03,120.00,efectivo
12495,116,2,2025-02-20 07:16:06,48.95,tarjeta
12496,876,5,2025-02-20 07:18:08,154.85,efectivo
12497,314,6,2025-02-20 07:21:24,35.45,tarjeta
12498,103,7,2025-02-20 07:24:21,0.00,efectivo
12499,477,10,2025-02-20 07:31:13,34.00,tarjeta
12500,457,1,2025-02-20 07:37:16,53.00,tarjeta
12501,218,2,2025-02-20 07:38:47,85.80,efectivo
12502,264,7,2025-02-20 07:41:40,40.00,efectivo
12503,405,3,2025-02-20 07:44:27,10.95,tarjeta
12504,818,4,2025-02-20 07:51:43,36.85,tarjeta
12505,712,1,2025-02-20 07:52:10,10.00,tarjeta
12506,803,2,2025-02-20 07:52:57,46.50,tarjeta
12507,196,3,2025-02-20 07:55:22,73.90,efectivo
12508,65,6,2025-02-20 07:58:52,103.85,tarjeta
12509,533,8,2025-02-20 07:58:55,41.95,tarjeta
12510,122,6,2025-02-20 08:01:33,36.50,efectivo
12511,867,6,2025-02-20 08:06:01,88.45,efectivo
12512,713,2,2025-02-20 08:10:34,61.00,efectivo
12513,599,6,2025-02-20 08:13:30,37.50,tarjeta
12514,671,9,2025-02-20 08:15:43,67.90,tarjeta
12515,313,2,2025-02-20 08:17:14,32.95,tarjeta
12516,765,4,2025-02-20 08:17:48,53.95,efectivo
12517,207,1,2025-02-20 08:19:58,29.50,tarjeta
12518,574,7,2025-02-20 08:26:35,24.50,efectivo
12519,207,5,2025-02-20 08:28:15,31.00,efectivo
12520,128,6,2025-02-20 08:28:29,61.95,efectivo
12521,9,9,2025-02-20 08:28:59,31.00,efectivo
12522,575,9,2025-02-20 08:34:14,24.50,tarjeta
12523,33,9,2025-02-20 08:36:18,57.45,tarjeta
12524,808,9,2025-02-20 08:37:15,56.45,efectivo
12525,2,7,2025-02-20 08:39:49,59.50,efectivo
12526,373,6,2025-02-20 08:43:48,92.95,efectivo
12527,239,6,2025-02-20 08:49:36,70.90,tarjeta
12528,574,10,2025-02-20 08:54:00,76.50,efectivo
12529,525,10,2025-02-20 08:56:17,89.45,tarjeta
12530,189,9,2025-02-20 09:01:46,124.75,tarjeta
12531,468,1,2025-02-20 09:03:46,10.95,efectivo
12532,245,6,2025-02-20 09:04:35,10.00,tarjeta
12533,814,1,2025-02-20 09:06:19,0.00,tarjeta
12534,464,8,2025-02-20 09:06:25,22.00,efectivo
12535,627,1,2025-02-20 09:07:58,142.80,tarjeta
12536,150,5,2025-02-20 09:09:33,28.50,tarjeta
12537,146,7,2025-02-20 09:14:35,87.45,efectivo
12538,489,7,2025-02-20 09:19:02,32.95,tarjeta
12539,288,2,2025-02-20 09:22:12,52.45,tarjeta
12540,890,2,2025-02-20 09:28:20,73.45,efectivo
12541,771,6,2025-02-20 09:28:28,124.00,efectivo
12542,98,1,2025-02-20 09:30:01,10.00,tarjeta
12543,932,8,2025-02-20 09:32:08,25.50,tarjeta
12544,858,6,2025-02-20 09:35:02,40.00,tarjeta
12545,984,8,2025-02-20 09:41:26,72.50,efectivo
12546,318,7,2025-02-20 09:43:37,116.90,tarjeta
12547,833,1,2025-02-20 09:44:47,125.00,tarjeta
12548,698,2,2025-02-20 09:44:58,64.45,efectivo
12549,394,2,2025-02-20 09:45:47,40.00,tarjeta
12550,713,5,2025-02-20 09:47:49,57.95,tarjeta
12551,28,4,2025-02-20 09:48:43,36.95,tarjeta
12552,28,1,2025-02-20 09:49:21,36.00,tarjeta
12553,361,10,2025-02-20 09:50:42,12.00,tarjeta
12554,514,2,2025-02-20 09:50:51,103.85,tarjeta
12555,56,3,2025-02-20 09:51:30,12.00,efectivo
12556,69,8,2025-02-20 09:52:33,60.95,efectivo
12557,969,1,2025-02-20 09:58:56,64.45,efectivo
12558,460,3,2025-02-20 10:00:57,0.00,tarjeta
12559,546,4,2025-02-20 10:00:58,99.45,efectivo
12560,725,3,2025-02-20 10:03:30,0.00,efectivo
12561,564,9,2025-02-20 10:04:06,32.95,tarjeta
12562,217,5,2025-02-20 10:04:35,24.50,tarjeta
12563,777,1,2025-02-20 10:04:58,26.95,tarjeta
12564,323,9,2025-02-20 10:06:14,68.00,tarjeta
12565,787,3,2025-02-20 10:06:15,46.95,efectivo
12566,104,3,2025-02-20 10:13:43,154.35,tarjeta
12567,45,4,2025-02-20 10:19:06,65.50,tarjeta
12568,562,3,2025-02-20 10:25:44,22.00,tarjeta
12569,520,3,2025-02-20 10:29:53,10.95,tarjeta
12570,570,3,2025-02-20 10:34:08,112.80,tarjeta
12571,799,6,2025-02-20 10:36:15,10.95,tarjeta
12572,361,7,2025-02-20 10:38:19,16.50,tarjeta
12573,315,8,2025-02-20 10:41:35,24.50,tarjeta
12574,542,4,2025-02-20 10:43:46,15.50,tarjeta
12575,469,2,2025-02-20 10:45:28,8.00,tarjeta
12576,840,3,2025-02-20 10:59:42,10.00,tarjeta
12577,490,10,2025-02-20 11:12:41,67.50,efectivo
12578,692,7,2025-02-20 11:19:00,53.95,efectivo
12579,556,9,2025-02-20 11:24:56,106.00,tarjeta
12580,109,7,2025-02-20 11:25:30,116.35,efectivo
12581,410,8,2025-02-20 11:48:40,94.40,efectivo
12582,167,6,2025-02-20 11:54:27,101.35,efectivo
12583,414,6,2025-02-20 12:00:56,54.90,efectivo
12584,514,1,2025-02-20 12:10:09,67.00,efectivo
12585,977,5,2025-02-20 12:10:52,209.15,efectivo
12586,556,4,2025-02-20 12:12:31,107.85,tarjeta
12587,414,10,2025-02-20 12:21:43,0.00,efectivo
12588,703,7,2025-02-20 12:32:23,78.90,efectivo
12589,79,5,2025-02-20 12:39:09,85.00,efectivo
12590,301,3,2025-02-20 12:55:28,139.00,efectivo
12591,830,5,2025-02-20 12:59:33,15.50,efectivo
12592,36,1,2025-02-20 13:00:37,110.80,tarjeta
12593,192,4,2025-02-20 13:12:51,111.90,efectivo
12594,681,1,2025-02-20 13:21:22,43.95,tarjeta
12595,205,2,2025-02-20 13:32:53,70.00,tarjeta
12596,738,1,2025-02-20 13:41:10,93.45,efectivo
12597,145,2,2025-02-20 13:41:28,83.00,tarjeta
12598,809,9,2025-02-20 13:45:24,108.20,efectivo
12599,911,10,2025-02-20 13:51:03,64.50,efectivo
12600,608,7,2025-02-20 13:58:10,133.85,tarjeta
12601,924,9,2025-02-20 14:00:40,161.85,tarjeta
12602,15,5,2025-02-20 14:02:08,36.50,tarjeta
12603,771,2,2025-02-20 14:04:48,18.00,tarjeta
12604,77,8,2025-02-20 14:06:14,236.80,efectivo
12605,80,7,2025-02-20 14:24:57,80.00,efectivo
12606,926,2,2025-02-20 14:29:01,115.90,efectivo
12607,223,7,2025-02-20 14:40:40,131.75,tarjeta
12608,13,5,2025-02-20 14:44:58,123.95,efectivo
12609,561,3,2025-02-20 14:50:07,99.50,efectivo
12610,760,10,2025-02-20 14:53:25,51.45,efectivo
12611,13,3,2025-02-20 14:58:31,185.95,efectivo
12612,484,8,2025-02-20 15:07:05,37.50,efectivo
12613,166,8,2025-02-20 15:14:36,175.50,efectivo
12614,826,9,2025-02-20 15:20:57,66.50,efectivo
12615,454,3,2025-02-20 15:37:24,140.90,tarjeta
12616,919,9,2025-02-20 15:38:24,138.30,tarjeta
12617,509,9,2025-02-20 15:40:30,37.50,efectivo
12618,641,10,2025-02-20 15:41:11,55.40,tarjeta
12619,527,8,2025-02-20 15:41:14,27.50,tarjeta
12620,977,7,2025-02-20 15:43:21,16.50,efectivo
12621,970,5,2025-02-20 15:51:50,110.00,efectivo
12622,425,4,2025-02-20 16:11:35,70.20,efectivo
12623,839,2,2025-02-20 16:16:44,80.50,efectivo
12624,166,1,2025-02-20 16:16:52,43.95,efectivo
12625,887,5,2025-02-20 16:18:28,113.80,efectivo
12626,532,9,2025-02-20 16:23:04,89.45,tarjeta
12627,243,3,2025-02-20 16:27:47,117.90,tarjeta
12628,729,9,2025-02-20 16:31:09,168.90,efectivo
12629,561,1,2025-02-20 16:42:51,42.95,tarjeta
12630,717,6,2025-02-20 16:43:50,122.00,efectivo
12631,50,10,2025-02-20 16:45:00,130.85,efectivo
12632,963,3,2025-02-20 16:51:50,44.90,efectivo
12633,634,1,2025-02-20 17:02:13,54.95,efectivo
12634,414,4,2025-02-20 17:10:21,177.80,efectivo
12635,525,7,2025-02-20 17:14:59,238.35,tarjeta
12636,275,10,2025-02-20 17:18:24,31.95,tarjeta
12637,507,9,2025-02-20 17:20:04,75.40,efectivo
12638,332,7,2025-02-20 17:21:46,118.95,efectivo
12639,332,2,2025-02-20 17:39:26,103.90,tarjeta
12640,837,6,2025-02-20 17:41:04,119.00,tarjeta
12641,876,5,2025-02-20 18:03:18,107.90,efectivo
12642,826,8,2025-02-20 18:11:22,121.75,tarjeta
12643,574,5,2025-02-20 18:17:16,41.95,tarjeta
12644,433,7,2025-02-20 18:20:40,102.50,tarjeta
12645,675,6,2025-02-20 18:23:13,32.00,tarjeta
12646,561,10,2025-02-20 18:29:26,88.90,efectivo
12647,507,9,2025-02-20 18:41:53,78.00,tarjeta
12648,832,5,2025-02-20 18:50:31,81.35,tarjeta
12649,66,8,2025-02-20 18:52:25,104.85,tarjeta
12650,927,9,2025-02-20 18:54:25,91.20,tarjeta
12651,465,3,2025-02-20 19:03:19,30.35,efectivo
12652,387,8,2025-02-20 19:04:41,38.50,efectivo
12653,484,10,2025-02-20 19:06:45,105.45,tarjeta
12654,426,5,2025-02-20 19:19:34,82.90,tarjeta
12655,11,1,2025-02-20 19:58:32,68.40,efectivo
12656,524,9,2025-02-20 20:15:02,114.95,tarjeta
12657,325,2,2025-02-20 20:52:00,24.95,tarjeta
12658,416,9,2025-02-20 20:56:33,105.95,efectivo
12659,853,6,2025-02-20 21:06:42,32.00,tarjeta
12660,961,2,2025-02-20 21:17:48,37.95,efectivo
12661,238,5,2025-02-20 21:27:42,28.50,efectivo
12662,234,5,2025-02-20 21:29:56,137.90,efectivo
12663,3,10,2025-02-20 21:30:30,124.50,tarjeta
12664,180,5,2025-02-20 21:34:30,71.45,tarjeta
12665,26,8,2025-02-20 21:47:05,10.00,tarjeta
12666,391,8,2025-02-20 21:48:23,101.90,tarjeta
12667,367,7,2025-02-20 21:52:08,202.85,efectivo
12668,601,5,2025-02-20 21:55:48,50.50,tarjeta
12669,151,8,2025-02-20 21:56:18,141.30,tarjeta
12670,275,1,2025-02-20 21:59:56,60.50,tarjeta
12671,607,6,2025-02-20 22:23:56,81.50,efectivo
12672,933,9,2025-02-20 22:28:49,122.90,efectivo
12673,675,5,2025-02-20 22:29:21,82.90,efectivo
12674,404,1,2025-02-20 22:31:29,69.45,tarjeta
12675,416,5,2025-02-20 22:32:21,24.95,efectivo
12676,184,9,2025-02-20 22:36:07,162.70,tarjeta
12677,755,4,2025-02-21 06:02:12,15.50,efectivo
12678,2,5,2025-02-21 06:05:39,54.45,tarjeta
12679,749,7,2025-02-21 06:07:42,15.50,tarjeta
12680,315,3,2025-02-21 06:09:25,20.95,tarjeta
12681,372,4,2025-02-21 06:15:00,81.50,tarjeta
12682,303,6,2025-02-21 06:17:49,8.00,tarjeta
12683,422,9,2025-02-21 06:19:23,18.00,tarjeta
12684,27,3,2025-02-21 06:19:32,40.00,efectivo
12685,728,1,2025-02-21 06:20:56,85.00,efectivo
12686,604,2,2025-02-21 06:22:35,31.00,efectivo
12687,391,7,2025-02-21 06:30:47,71.95,tarjeta
12688,368,3,2025-02-21 06:36:00,63.00,efectivo
12689,260,1,2025-02-21 06:37:27,35.45,tarjeta
12690,394,1,2025-02-21 06:44:36,32.95,tarjeta
12691,83,6,2025-02-21 06:48:09,96.35,efectivo
12692,372,2,2025-02-21 06:52:44,99.00,tarjeta
12693,383,8,2025-02-21 06:55:12,34.35,tarjeta
12694,321,9,2025-02-21 06:56:05,77.50,tarjeta
12695,902,10,2025-02-21 07:05:07,53.00,tarjeta
12696,867,4,2025-02-21 07:06:04,24.50,efectivo
12697,570,3,2025-02-21 07:09:34,120.75,tarjeta
12698,2,4,2025-02-21 07:10:43,18.00,tarjeta
12699,417,3,2025-02-21 07:14:31,22.00,efectivo
12700,281,2,2025-02-21 07:16:40,54.40,tarjeta
12701,814,4,2025-02-21 07:19:18,22.00,efectivo
12702,748,9,2025-02-21 07:20:39,22.50,efectivo
12703,239,3,2025-02-21 07:23:33,71.90,tarjeta
12704,377,5,2025-02-21 07:25:06,24.50,efectivo
12705,390,3,2025-02-21 07:29:58,159.80,efectivo
12706,523,5,2025-02-21 07:30:11,10.00,efectivo
12707,217,2,2025-02-21 07:32:37,41.95,efectivo
12708,765,10,2025-02-21 07:35:38,10.00,efectivo
12709,197,8,2025-02-21 07:37:38,34.50,efectivo
12710,740,8,2025-02-21 07:41:24,31.00,tarjeta
12711,755,2,2025-02-21 07:43:17,49.45,tarjeta
12712,643,6,2025-02-21 07:51:48,59.50,tarjeta
12713,949,8,2025-02-21 07:52:27,97.45,efectivo
12714,604,9,2025-02-21 07:54:44,31.00,efectivo
12715,290,4,2025-02-21 08:00:34,156.65,tarjeta
12716,643,7,2025-02-21 08:00:48,15.50,efectivo
12717,969,8,2025-02-21 08:02:17,38.95,efectivo
12718,318,7,2025-02-21 08:02:25,117.85,efectivo
12719,689,1,2025-02-21 08:02:58,91.50,efectivo
12720,50,8,2025-02-21 08:05:40,88.00,efectivo
12721,478,10,2025-02-21 08:13:38,19.95,tarjeta
12722,175,4,2025-02-21 08:16:07,98.10,tarjeta
12723,917,1,2025-02-21 08:17:46,42.45,efectivo
12724,765,5,2025-02-21 08:19:41,10.00,efectivo
12725,18,1,2025-02-21 08:21:43,24.50,efectivo
12726,18,10,2025-02-21 08:21:58,10.95,efectivo
12727,796,2,2025-02-21 08:22:32,26.45,efectivo
12728,278,5,2025-02-21 08:23:58,98.50,tarjeta
12729,755,10,2025-02-21 08:24:09,10.95,efectivo
12730,494,7,2025-02-21 08:28:41,44.50,efectivo
12731,12,3,2025-02-21 08:29:09,46.50,efectivo
12732,371,6,2025-02-21 08:34:46,181.80,tarjeta
12733,573,2,2025-02-21 08:37:24,101.90,tarjeta
12734,506,8,2025-02-21 08:39:12,24.50,tarjeta
12735,780,10,2025-02-21 08:44:55,170.75,efectivo
12736,346,7,2025-02-21 08:45:04,40.00,tarjeta
12737,924,7,2025-02-21 08:51:16,67.40,tarjeta
12738,222,4,2025-02-21 08:51:48,53.00,efectivo
12739,725,7,2025-02-21 08:54:32,62.45,tarjeta
12740,120,9,2025-02-21 08:59:25,34.00,tarjeta
12741,655,2,2025-02-21 09:04:15,76.50,tarjeta
12742,764,6,2025-02-21 09:05:19,36.50,efectivo
12743,410,5,2025-02-21 09:10:31,124.85,tarjeta
12744,787,3,2025-02-21 09:14:06,10.00,efectivo
12745,314,6,2025-02-21 09:22:03,51.95,efectivo
12746,911,10,2025-02-21 09:22:34,92.95,efectivo
12747,627,4,2025-02-21 09:23:04,90.00,tarjeta
12748,390,6,2025-02-21 09:25:48,134.90,efectivo
12749,818,1,2025-02-21 09:27:34,22.00,tarjeta
12750,664,4,2025-02-21 09:31:43,36.95,tarjeta
12751,562,4,2025-02-21 09:41:08,49.45,tarjeta
12752,956,8,2025-02-21 09:43:15,148.90,efectivo
12753,45,5,2025-02-21 09:47:08,0.00,efectivo
12754,832,3,2025-02-21 09:49:54,71.40,tarjeta
12755,892,4,2025-02-21 09:51:30,162.80,efectivo
12756,36,8,2025-02-21 09:52:53,116.85,tarjeta
12757,567,5,2025-02-21 09:53:25,68.50,tarjeta
12758,84,7,2025-02-21 09:59:44,43.00,tarjeta
12759,760,4,2025-02-21 10:05:35,41.95,tarjeta
12760,148,10,2025-02-21 10:06:14,22.00,tarjeta
12761,885,7,2025-02-21 10:13:58,68.90,tarjeta
12762,584,2,2025-02-21 10:17:53,57.95,efectivo
12763,787,9,2025-02-21 10:28:10,46.50,tarjeta
12764,232,9,2025-02-21 10:45:44,24.50,tarjeta
12765,377,10,2025-02-21 10:53:57,77.50,efectivo
12766,797,1,2025-02-21 10:56:15,12.00,efectivo
12767,780,2,2025-02-21 11:06:30,148.75,efectivo
12768,209,2,2025-02-21 11:07:23,73.90,efectivo
12769,840,2,2025-02-21 11:18:48,148.75,efectivo
12770,146,6,2025-02-21 11:31:31,70.90,tarjeta
12771,298,3,2025-02-21 11:32:17,74.45,efectivo
12772,703,6,2025-02-21 11:35:35,67.90,efectivo
12773,393,8,2025-02-21 11:38:58,100.85,efectivo
12774,653,10,2025-02-21 11:45:52,109.35,tarjeta
12775,451,4,2025-02-21 11:46:20,81.90,tarjeta
12776,193,8,2025-02-21 11:46:38,42.95,efectivo
12777,544,8,2025-02-21 11:51:00,47.00,tarjeta
12778,994,4,2025-02-21 11:52:57,124.95,efectivo
12779,41,7,2025-02-21 12:02:28,79.95,tarjeta
12780,430,8,2025-02-21 12:06:23,110.40,tarjeta
12781,393,2,2025-02-21 12:06:41,91.50,tarjeta
12782,274,8,2025-02-21 12:18:44,18.00,efectivo
12783,404,8,2025-02-21 12:25:44,83.95,efectivo
12784,598,1,2025-02-21 12:26:19,57.95,efectivo
12785,157,7,2025-02-21 12:34:11,166.70,tarjeta
12786,846,1,2025-02-21 12:39:34,36.50,efectivo
12787,287,3,2025-02-21 12:42:07,112.95,efectivo
12788,822,2,2025-02-21 12:42:46,59.85,efectivo
12789,988,8,2025-02-21 12:49:28,101.45,efectivo
12790,430,5,2025-02-21 13:43:48,36.45,tarjeta
12791,655,8,2025-02-21 14:01:44,97.00,tarjeta
12792,501,10,2025-02-21 14:12:00,125.85,efectivo
12793,318,2,2025-02-21 14:13:33,164.25,tarjeta
12794,426,9,2025-02-21 14:17:42,44.00,tarjeta
12795,208,7,2025-02-21 14:31:19,58.50,efectivo
12796,949,3,2025-02-21 14:35:08,26.00,tarjeta
12797,309,4,2025-02-21 15:03:39,15.50,tarjeta
12798,703,6,2025-02-21 15:09:19,191.95,efectivo
12799,150,6,2025-02-21 15:20:26,133.00,efectivo
12800,507,8,2025-02-21 15:27:51,161.00,tarjeta
12801,956,4,2025-02-21 15:40:41,51.00,tarjeta
12802,79,9,2025-02-21 15:42:03,167.50,tarjeta
12803,853,9,2025-02-21 16:01:39,90.00,efectivo
12804,992,2,2025-02-21 16:07:56,33.50,efectivo
12805,387,2,2025-02-21 16:10:54,91.35,efectivo
12806,655,4,2025-02-21 16:14:56,162.25,efectivo
12807,351,5,2025-02-21 16:16:40,90.95,efectivo
12808,186,6,2025-02-21 16:18:09,8.00,efectivo
12809,273,10,2025-02-21 16:18:41,61.40,tarjeta
12810,811,5,2025-02-21 16:22:28,62.45,efectivo
12811,926,8,2025-02-21 16:45:12,63.50,tarjeta
12812,42,4,2025-02-21 16:45:25,170.40,efectivo
12813,426,4,2025-02-21 16:50:01,106.95,efectivo
12814,714,4,2025-02-21 17:02:27,140.50,tarjeta
12815,824,1,2025-02-21 17:10:39,77.00,tarjeta
12816,208,7,2025-02-21 17:23:32,80.90,tarjeta
12817,822,8,2025-02-21 17:25:25,80.00,efectivo
12818,590,7,2025-02-21 17:27:10,53.95,efectivo
12819,977,2,2025-02-21 17:37:43,134.00,tarjeta
12820,209,1,2025-02-21 17:44:25,97.40,tarjeta
12821,418,8,2025-02-21 17:46:50,96.95,tarjeta
12822,551,5,2025-02-21 17:58:03,30.90,efectivo
12823,827,4,2025-02-21 18:14:57,76.45,tarjeta
12824,661,10,2025-02-21 18:20:49,162.80,efectivo
12825,714,10,2025-02-21 18:24:35,141.90,tarjeta
12826,822,10,2025-02-21 18:31:30,61.95,tarjeta
12827,984,1,2025-02-21 18:34:09,89.80,efectivo
12828,109,1,2025-02-21 18:38:09,44.50,tarjeta
12829,187,6,2025-02-21 18:57:22,170.95,efectivo
12830,81,3,2025-02-21 19:03:36,89.30,tarjeta
12831,433,8,2025-02-21 19:08:11,82.45,efectivo
12832,484,2,2025-02-21 19:09:49,113.50,efectivo
12833,946,10,2025-02-21 19:19:23,12.00,efectivo
12834,113,8,2025-02-21 19:27:32,158.40,tarjeta
12835,935,7,2025-02-21 19:31:49,12.00,efectivo
12836,826,6,2025-02-21 19:31:52,84.00,efectivo
12837,490,2,2025-02-21 19:33:39,173.90,tarjeta
12838,50,10,2025-02-21 19:46:37,58.00,tarjeta
12839,330,5,2025-02-21 20:00:28,35.95,efectivo
12840,307,1,2025-02-21 20:08:30,22.00,tarjeta
12841,554,9,2025-02-21 20:12:16,49.00,efectivo
12842,36,1,2025-02-21 20:16:05,18.00,efectivo
12843,24,2,2025-02-21 20:18:09,133.00,efectivo
12844,558,7,2025-02-21 20:21:16,19.95,tarjeta
12845,465,9,2025-02-21 20:22:32,116.00,tarjeta
12846,239,2,2025-02-21 20:26:28,51.50,efectivo
12847,612,2,2025-02-21 20:27:50,28.50,efectivo
12848,209,9,2025-02-21 20:29:49,34.00,efectivo
12849,870,5,2025-02-21 20:29:51,38.00,efectivo
12850,848,10,2025-02-21 20:39:57,99.45,tarjeta
12851,722,4,2025-02-21 21:04:17,10.95,tarjeta
12852,433,6,2025-02-21 21:07:37,55.45,tarjeta
12853,640,3,2025-02-21 21:14:30,95.75,efectivo
12854,451,4,2025-02-21 21:19:00,106.90,tarjeta
12855,816,3,2025-02-21 21:33:48,128.40,efectivo
12856,642,9,2025-02-21 21:34:51,149.40,efectivo
12857,50,9,2025-02-21 21:35:23,56.90,efectivo
12858,323,8,2025-02-21 21:59:04,121.80,efectivo
12859,853,8,2025-02-21 22:05:25,124.95,tarjeta
12860,301,9,2025-02-21 22:07:59,163.85,tarjeta
12861,715,4,2025-02-21 22:24:50,146.00,tarjeta
12862,841,4,2025-02-21 22:53:17,164.80,efectivo
12863,64,9,2025-02-22 06:01:06,31.00,tarjeta
12864,84,3,2025-02-22 06:06:43,35.45,tarjeta
12865,12,9,2025-02-22 06:07:31,61.45,efectivo
12866,217,8,2025-02-22 06:20:16,46.50,tarjeta
12867,899,8,2025-02-22 06:21:37,46.50,tarjeta
12868,192,10,2025-02-22 06:22:52,73.90,tarjeta
12869,288,6,2025-02-22 06:29:34,64.45,tarjeta
12870,120,2,2025-02-22 06:31:39,31.00,tarjeta
12871,867,3,2025-02-22 06:34:09,37.50,efectivo
12872,248,5,2025-02-22 06:35:25,105.00,efectivo
12873,172,2,2025-02-22 06:37:08,15.50,tarjeta
12874,902,6,2025-02-22 06:39:30,50.50,efectivo
12875,854,8,2025-02-22 06:43:40,26.95,tarjeta
12876,346,1,2025-02-22 06:47:39,79.95,tarjeta
12877,464,8,2025-02-22 06:48:10,35.90,tarjeta
12878,697,3,2025-02-22 06:53:36,60.90,efectivo
12879,116,9,2025-02-22 06:55:36,46.50,efectivo
12880,485,6,2025-02-22 06:56:28,26.95,tarjeta
12881,152,10,2025-02-22 06:59:32,55.50,efectivo
12882,962,1,2025-02-22 07:00:04,16.50,tarjeta
12883,793,1,2025-02-22 07:02:59,34.00,efectivo
12884,315,8,2025-02-22 07:04:12,36.50,tarjeta
12885,242,6,2025-02-22 07:06:43,22.00,tarjeta
12886,976,7,2025-02-22 07:07:02,57.95,tarjeta
12887,362,1,2025-02-22 07:09:17,61.45,tarjeta
12888,96,4,2025-02-22 07:16:44,37.50,efectivo
12889,81,3,2025-02-22 07:19:37,94.50,tarjeta
12890,278,8,2025-02-22 07:19:59,141.75,efectivo
12891,562,2,2025-02-22 07:21:51,31.00,tarjeta
12892,689,9,2025-02-22 07:26:46,42.45,tarjeta
12893,842,10,2025-02-22 07:27:15,42.45,efectivo
12894,243,3,2025-02-22 07:34:10,101.35,efectivo
12895,694,10,2025-02-22 07:36:34,87.95,tarjeta
12896,217,1,2025-02-22 07:38:53,45.95,tarjeta
12897,148,2,2025-02-22 07:41:34,36.95,efectivo
12898,393,6,2025-02-22 07:43:04,92.90,efectivo
12899,185,3,2025-02-22 07:43:59,66.00,tarjeta
12900,831,2,2025-02-22 07:47:37,74.50,tarjeta
12901,335,10,2025-02-22 07:48:05,41.00,efectivo
12902,36,9,2025-02-22 07:49:29,54.45,efectivo
12903,921,3,2025-02-22 07:51:01,26.95,efectivo
12904,148,1,2025-02-22 07:52:40,31.00,tarjeta
12905,749,7,2025-02-22 07:53:15,49.50,efectivo
12906,39,1,2025-02-22 07:53:58,37.50,tarjeta
12907,689,1,2025-02-22 07:54:27,0.00,tarjeta
12908,116,4,2025-02-22 07:54:32,46.50,efectivo
12909,574,4,2025-02-22 07:56:28,50.50,efectivo
12910,717,3,2025-02-22 07:58:58,113.75,tarjeta
12911,323,10,2025-02-22 08:01:14,88.90,tarjeta
12912,448,7,2025-02-22 08:03:22,35.45,tarjeta
12913,494,6,2025-02-22 08:07:09,51.45,tarjeta
12914,568,3,2025-02-22 08:13:39,20.95,tarjeta
12915,597,8,2025-02-22 08:15:13,22.00,tarjeta
12916,314,7,2025-02-22 08:20:56,15.50,efectivo
12917,437,10,2025-02-22 08:23:58,37.90,tarjeta
12918,314,9,2025-02-22 08:25:14,60.95,efectivo
12919,38,1,2025-02-22 08:27:59,31.00,tarjeta
12920,377,8,2025-02-22 08:29:43,49.50,tarjeta
12921,677,1,2025-02-22 08:33:40,20.95,tarjeta
12922,976,7,2025-02-22 08:51:06,12.00,efectivo
12923,969,4,2025-02-22 08:57:25,59.90,tarjeta
12924,575,8,2025-02-22 09:00:14,53.40,tarjeta
12925,223,1,2025-02-22 09:02:55,63.00,efectivo
12926,313,10,2025-02-22 09:03:26,31.00,tarjeta
12927,268,4,2025-02-22 09:06:47,61.95,tarjeta
12928,833,4,2025-02-22 09:17:11,95.90,efectivo
12929,361,2,2025-02-22 09:24:08,55.50,efectivo
12930,760,10,2025-02-22 09:25:16,10.95,tarjeta
12931,865,1,2025-02-22 09:25:35,143.85,tarjeta
12932,563,10,2025-02-22 09:25:45,55.50,efectivo
12933,915,8,2025-02-22 09:26:50,10.00,efectivo
12934,860,2,2025-02-22 09:31:29,91.00,tarjeta
12935,267,10,2025-02-22 09:40:07,166.60,tarjeta
12936,119,8,2025-02-22 09:41:28,50.95,efectivo
12937,362,8,2025-02-22 09:41:58,71.00,tarjeta
12938,895,1,2025-02-22 09:42:11,24.50,tarjeta
12939,78,1,2025-02-22 09:42:56,34.00,tarjeta
12940,122,3,2025-02-22 09:47:43,29.50,efectivo
12941,933,8,2025-02-22 09:50:27,93.35,tarjeta
12942,682,1,2025-02-22 09:51:49,95.50,efectivo
12943,170,5,2025-02-22 09:55:11,12.00,efectivo
12944,64,4,2025-02-22 09:56:39,46.50,tarjeta
12945,392,7,2025-02-22 09:56:47,46.50,tarjeta
12946,124,8,2025-02-22 09:57:40,26.45,tarjeta
12947,239,4,2025-02-22 09:58:28,63.00,tarjeta
12948,567,5,2025-02-22 10:04:54,38.00,tarjeta
12949,666,7,2025-02-22 10:08:29,26.45,tarjeta
12950,544,5,2025-02-22 10:08:54,45.00,tarjeta
12951,41,9,2025-02-22 10:10:17,69.45,tarjeta
12952,494,9,2025-02-22 10:11:09,60.50,tarjeta
12953,677,9,2025-02-22 10:11:55,24.50,efectivo
12954,483,8,2025-02-22 10:13:17,19.95,efectivo
12955,196,3,2025-02-22 10:14:33,53.00,tarjeta
12956,606,10,2025-02-22 10:14:49,69.50,efectivo
12957,195,5,2025-02-22 10:15:19,22.95,tarjeta
12958,585,5,2025-02-22 10:18:27,79.35,efectivo
12959,483,8,2025-02-22 10:25:43,55.95,tarjeta
12960,957,9,2025-02-22 10:26:30,69.95,efectivo
12961,391,1,2025-02-22 10:26:51,96.90,tarjeta
12962,260,7,2025-02-22 10:30:41,35.00,tarjeta
12963,66,4,2025-02-22 10:31:39,95.95,efectivo
12964,803,5,2025-02-22 10:34:04,12.00,efectivo
12965,283,6,2025-02-22 10:36:03,112.95,efectivo
12966,430,3,2025-02-22 10:36:37,88.90,efectivo
12967,259,2,2025-02-22 10:41:14,85.85,efectivo
12968,948,7,2025-02-22 10:41:14,80.90,efectivo
12969,588,10,2025-02-22 10:41:30,73.50,tarjeta
12970,799,7,2025-02-22 10:43:57,48.00,tarjeta
12971,119,5,2025-02-22 10:46:47,61.45,tarjeta
12972,346,1,2025-02-22 10:48:48,28.50,tarjeta
12973,748,6,2025-02-22 10:55:52,79.95,efectivo
12974,839,6,2025-02-22 10:56:31,166.75,efectivo
12975,10,7,2025-02-22 10:57:47,74.80,tarjeta
12976,905,3,2025-02-22 11:01:23,66.00,tarjeta
12977,111,6,2025-02-22 11:09:39,133.90,efectivo
12978,876,7,2025-02-22 11:11:56,139.00,efectivo
12979,8,9,2025-02-22 11:20:24,115.90,efectivo
12980,301,10,2025-02-22 11:21:13,15.50,efectivo
12981,123,7,2025-02-22 11:37:00,59.95,tarjeta
12982,275,1,2025-02-22 11:39:21,60.50,efectivo
12983,339,9,2025-02-22 11:58:59,76.85,efectivo
12984,663,6,2025-02-22 11:59:49,276.85,efectivo
12985,849,5,2025-02-22 12:10:11,185.65,efectivo
12986,839,3,2025-02-22 12:13:21,88.90,efectivo
12987,189,2,2025-02-22 12:34:02,15.50,efectivo
12988,158,3,2025-02-22 12:35:47,127.85,efectivo
12989,846,5,2025-02-22 12:37:55,149.80,tarjeta
12990,234,9,2025-02-22 12:56:05,44.95,efectivo
12991,123,4,2025-02-22 13:02:57,30.35,tarjeta
12992,642,8,2025-02-22 13:12:32,225.80,efectivo
12993,809,6,2025-02-22 13:12:47,134.90,tarjeta
12994,157,4,2025-02-22 13:30:05,91.90,efectivo
12995,151,5,2025-02-22 13:35:30,36.50,tarjeta
12996,948,1,2025-02-22 13:44:32,24.50,efectivo
12997,418,1,2025-02-22 13:49:52,116.95,efectivo
12998,573,7,2025-02-22 13:58:14,134.95,efectivo
12999,290,4,2025-02-22 13:58:33,98.50,efectivo
13000,622,2,2025-02-22 14:09:32,44.00,efectivo
13001,267,9,2025-02-22 14:09:44,57.00,efectivo
13002,458,2,2025-02-22 14:39:01,71.45,efectivo
13003,561,4,2025-02-22 14:39:51,28.50,efectivo
13004,738,7,2025-02-22 14:46:11,59.95,tarjeta
13005,79,6,2025-02-22 14:55:12,107.95,tarjeta
13006,977,6,2025-02-22 14:56:09,63.50,tarjeta
13007,328,9,2025-02-22 15:10:06,18.00,efectivo
13008,965,3,2025-02-22 15:12:20,110.85,tarjeta
13009,742,3,2025-02-22 15:25:03,60.50,tarjeta
13010,171,4,2025-02-22 15:26:35,15.50,tarjeta
13011,495,7,2025-02-22 15:33:48,57.95,tarjeta
13012,887,6,2025-02-22 15:36:03,92.90,tarjeta
13013,229,1,2025-02-22 15:41:04,0.00,efectivo
13014,422,8,2025-02-22 15:41:25,24.50,efectivo
13015,451,2,2025-02-22 15:49:43,186.95,efectivo
13016,421,5,2025-02-22 15:57:41,52.00,tarjeta
13017,733,7,2025-02-22 16:01:10,145.80,efectivo
13018,3,10,2025-02-22 16:07:09,116.85,efectivo
13019,248,6,2025-02-22 16:07:43,26.50,tarjeta
13020,398,10,2025-02-22 16:15:08,0.00,tarjeta
13021,308,7,2025-02-22 16:29:33,37.50,efectivo
13022,588,8,2025-02-22 16:32:20,55.50,tarjeta
13023,433,2,2025-02-22 16:41:41,133.00,efectivo
13024,499,1,2025-02-22 16:41:58,112.80,tarjeta
13025,659,10,2025-02-22 16:49:23,61.95,efectivo
13026,970,9,2025-02-22 17:00:10,68.95,efectivo
13027,70,5,2025-02-22 17:03:48,22.50,tarjeta
13028,986,2,2025-02-22 17:20:14,31.00,tarjeta
13029,671,5,2025-02-22 17:28:02,56.95,efectivo
13030,66,9,2025-02-22 17:33:51,103.95,tarjeta
13031,77,8,2025-02-22 17:37:31,110.80,tarjeta
13032,757,7,2025-02-22 17:38:49,46.00,tarjeta
13033,107,4,2025-02-22 17:41:02,177.65,efectivo
13034,5,6,2025-02-22 17:42:51,65.45,tarjeta
13035,440,10,2025-02-22 18:06:59,106.30,efectivo
13036,111,3,2025-02-22 18:12:00,104.00,tarjeta
13037,348,3,2025-02-22 18:28:48,48.30,efectivo
13038,440,4,2025-02-22 18:34:33,217.70,tarjeta
13039,395,3,2025-02-22 18:37:13,105.90,tarjeta
13040,827,9,2025-02-22 18:52:53,92.85,tarjeta
13041,587,2,2025-02-22 18:55:36,38.90,efectivo
13042,717,10,2025-02-22 19:13:19,124.00,tarjeta
13043,933,6,2025-02-22 19:23:07,98.85,efectivo
13044,36,7,2025-02-22 19:26:39,82.85,efectivo
13045,416,10,2025-02-22 19:29:02,42.95,tarjeta
13046,135,1,2025-02-22 19:29:52,183.00,efectivo
13047,662,9,2025-02-22 19:50:43,102.95,tarjeta
13048,561,3,2025-02-22 20:01:20,48.50,efectivo
13049,882,5,2025-02-22 20:13:57,121.90,efectivo
13050,561,10,2025-02-22 20:16:48,99.50,efectivo
13051,83,10,2025-02-22 20:29:29,82.35,tarjeta
13052,782,7,2025-02-22 20:38:47,22.50,tarjeta
13053,995,10,2025-02-22 20:39:32,122.00,efectivo
13054,892,2,2025-02-22 20:57:41,89.70,efectivo
13055,501,3,2025-02-22 21:01:27,117.75,tarjeta
13056,395,4,2025-02-22 21:04:39,148.75,tarjeta
13057,378,2,2025-02-22 21:10:56,52.50,efectivo
13058,924,2,2025-02-22 21:15:53,199.70,efectivo
13059,15,1,2025-02-22 21:15:55,130.35,efectivo
13060,297,10,2025-02-22 21:27:47,89.50,tarjeta
13061,823,6,2025-02-22 21:32:33,38.90,tarjeta
13062,883,10,2025-02-22 21:43:18,133.50,efectivo
13063,193,7,2025-02-22 22:01:42,47.35,tarjeta
13064,109,9,2025-02-22 22:11:49,58.00,tarjeta
13065,113,1,2025-02-22 22:21:25,49.85,tarjeta
13066,490,9,2025-02-22 22:22:00,78.00,efectivo
13067,168,9,2025-02-22 22:28:07,199.45,efectivo
13068,104,5,2025-02-22 22:31:28,52.50,tarjeta
13069,554,6,2025-02-22 22:36:27,105.35,tarjeta
13070,892,8,2025-02-22 22:38:37,123.00,tarjeta
13071,544,6,2025-02-22 22:44:33,31.00,efectivo
13072,867,5,2025-02-23 06:03:09,22.00,efectivo
13073,792,3,2025-02-23 06:03:10,61.45,efectivo
13074,128,3,2025-02-23 06:03:47,64.45,tarjeta
13075,207,4,2025-02-23 06:10:06,0.00,efectivo
13076,64,3,2025-02-23 06:12:05,12.00,efectivo
13077,489,10,2025-02-23 06:13:16,26.95,efectivo
13078,803,4,2025-02-23 06:13:26,71.45,tarjeta
13079,870,10,2025-02-23 06:13:36,162.95,efectivo
13080,446,1,2025-02-23 06:13:53,32.95,efectivo
13081,915,3,2025-02-23 06:17:01,24.50,tarjeta
13082,239,3,2025-02-23 06:18:19,145.00,efectivo
13083,892,6,2025-02-23 06:18:23,138.30,tarjeta
13084,739,3,2025-02-23 06:20:10,22.00,efectivo
13085,961,4,2025-02-23 06:20:50,96.45,efectivo
13086,280,2,2025-02-23 06:21:41,38.95,tarjeta
13087,575,8,2025-02-23 06:23:21,24.95,efectivo
13088,680,2,2025-02-23 06:27:36,10.95,efectivo
13089,464,1,2025-02-23 06:31:16,22.00,tarjeta
13090,666,10,2025-02-23 06:32:33,12.00,efectivo
13091,104,6,2025-02-23 06:33:33,123.00,efectivo
13092,988,6,2025-02-23 06:38:29,100.40,efectivo
13093,957,10,2025-02-23 06:39:33,18.00,tarjeta
13094,969,4,2025-02-23 06:40:29,12.00,efectivo
13095,920,5,2025-02-23 06:42:42,15.50,efectivo
13096,370,8,2025-02-23 06:43:07,10.95,tarjeta
13097,284,7,2025-02-23 06:46:58,53.00,efectivo
13098,434,10,2025-02-23 06:53:30,162.85,tarjeta
13099,39,4,2025-02-23 06:56:27,34.00,tarjeta
13100,573,8,2025-02-23 06:56:58,160.90,efectivo
13101,687,6,2025-02-23 06:59:41,40.50,tarjeta
13102,548,5,2025-02-23 07:00:50,50.95,tarjeta
13103,172,4,2025-02-23 07:01:08,66.45,tarjeta
13104,483,8,2025-02-23 07:06:45,36.95,tarjeta
13105,177,7,2025-02-23 07:13:19,24.50,efectivo
13106,346,4,2025-02-23 07:13:44,10.00,tarjeta
13107,394,6,2025-02-23 07:13:47,34.50,efectivo
13108,974,10,2025-02-23 07:19:38,42.45,tarjeta
13109,412,10,2025-02-23 07:25:36,146.95,efectivo
13110,172,2,2025-02-23 07:33:44,47.95,efectivo
13111,135,3,2025-02-23 07:42:53,128.85,tarjeta
13112,506,7,2025-02-23 07:42:56,12.00,efectivo
13113,368,9,2025-02-23 07:43:54,26.95,efectivo
13114,415,9,2025-02-23 07:50:21,62.40,efectivo
13115,732,3,2025-02-23 07:54:04,24.50,efectivo
13116,260,3,2025-02-23 07:55:07,41.95,tarjeta
13117,485,8,2025-02-23 08:02:10,22.00,efectivo
13118,858,7,2025-02-23 08:10:40,33.45,tarjeta
13119,811,6,2025-02-23 08:15:00,126.40,efectivo
13120,962,2,2025-02-23 08:17:52,55.50,tarjeta
13121,124,1,2025-02-23 08:19:24,62.95,efectivo
13122,217,5,2025-02-23 08:20:15,82.45,efectivo
13123,691,7,2025-02-23 08:23:33,46.95,efectivo
13124,586,3,2025-02-23 08:28:26,15.50,efectivo
13125,702,1,2025-02-23 08:29:08,60.90,tarjeta
13126,206,1,2025-02-23 08:30:01,62.90,tarjeta
13127,793,10,2025-02-23 08:31:13,12.00,efectivo
13128,373,2,2025-02-23 08:35:56,18.00,tarjeta
13129,130,9,2025-02-23 08:38:42,93.50,tarjeta
13130,740,2,2025-02-23 08:38:47,46.95,tarjeta
13131,548,1,2025-02-23 08:39:23,75.95,tarjeta
13132,185,10,2025-02-23 08:45:55,26.95,tarjeta
13133,605,5,2025-02-23 08:54:27,0.00,tarjeta
13134,994,3,2025-02-23 09:02:31,39.45,tarjeta
13135,932,2,2025-02-23 09:04:22,10.95,tarjeta
13136,98,6,2025-02-23 09:07:30,31.00,tarjeta
13137,548,10,2025-02-23 09:08:19,46.50,efectivo
13138,281,7,2025-02-23 09:09:39,31.00,tarjeta
13139,218,9,2025-02-23 09:10:04,60.95,tarjeta
13140,692,1,2025-02-23 09:10:19,83.90,efectivo
13141,597,8,2025-02-23 09:11:48,26.45,efectivo
13142,850,8,2025-02-23 09:14:10,60.95,efectivo
13143,437,8,2025-02-23 09:15:29,28.50,tarjeta
13144,339,1,2025-02-23 09:17:15,132.95,efectivo
13145,614,4,2025-02-23 09:24:03,38.50,tarjeta
13146,571,8,2025-02-23 09:24:15,22.95,efectivo
13147,657,9,2025-02-23 09:29:07,85.45,tarjeta
13148,152,10,2025-02-23 09:29:47,57.95,efectivo
13149,881,6,2025-02-23 09:32:00,73.45,efectivo
13150,18,5,2025-02-23 09:33:03,55.50,tarjeta
13151,445,8,2025-02-23 09:34:12,10.95,efectivo
13152,222,4,2025-02-23 09:34:14,69.95,efectivo
13153,460,3,2025-02-23 09:36:59,22.00,tarjeta
13154,793,10,2025-02-23 09:37:32,72.95,efectivo
13155,523,7,2025-02-23 09:38:47,34.00,efectivo
13156,526,7,2025-02-23 09:39:35,78.00,tarjeta
13157,629,2,2025-02-23 09:42:10,12.00,tarjeta
13158,760,8,2025-02-23 09:44:28,26.95,efectivo
13159,890,2,2025-02-23 09:51:20,10.00,tarjeta
13160,148,2,2025-02-23 09:51:30,49.90,tarjeta
13161,356,6,2025-02-23 09:55:43,53.00,efectivo
13162,89,4,2025-02-23 09:56:07,35.45,efectivo
13163,426,8,2025-02-23 09:56:13,70.00,tarjeta
13164,84,2,2025-02-23 09:57:41,42.45,tarjeta
13165,873,7,2025-02-23 10:02:25,25.50,tarjeta
13166,128,10,2025-02-23 10:06:02,22.00,tarjeta
13167,281,4,2025-02-23 10:07:44,71.00,efectivo
13168,749,2,2025-02-23 10:09:04,58.50,tarjeta
13169,890,3,2025-02-23 10:11:00,51.45,tarjeta
13170,732,7,2025-02-23 10:18:53,12.00,tarjeta
13171,605,6,2025-02-23 10:20:49,31.00,efectivo
13172,124,10,2025-02-23 10:22:57,61.00,efectivo
13173,836,3,2025-02-23 10:23:20,0.00,efectivo
13174,27,5,2025-02-23 10:24:48,50.95,tarjeta
13175,629,10,2025-02-23 10:25:55,42.00,tarjeta
13176,27,3,2025-02-23 10:27:10,31.00,tarjeta
13177,548,4,2025-02-23 10:30:36,22.00,tarjeta
13178,218,3,2025-02-23 10:32:56,24.50,tarjeta
13179,185,6,2025-02-23 10:33:35,31.00,efectivo
13180,293,9,2025-02-23 10:34:42,0.00,efectivo
13181,691,10,2025-02-23 10:39:02,12.00,efectivo
13182,842,4,2025-02-23 10:40:47,58.95,tarjeta
13183,867,4,2025-02-23 10:46:04,10.00,tarjeta
13184,406,8,2025-02-23 10:47:12,25.50,tarjeta
13185,974,7,2025-02-23 10:52:06,73.90,tarjeta
13186,867,1,2025-02-23 10:53:42,0.00,tarjeta
13187,12,3,2025-02-23 10:56:32,24.50,tarjeta
13188,2,8,2025-02-23 10:58:20,29.50,efectivo
13189,837,8,2025-02-23 11:00:51,87.20,tarjeta
13190,553,1,2025-02-23 11:03:42,92.85,efectivo
13191,701,5,2025-02-23 11:07:42,149.70,tarjeta
13192,642,6,2025-02-23 11:10:56,171.40,tarjeta
13193,573,5,2025-02-23 11:15:52,95.90,tarjeta
13194,714,10,2025-02-23 11:19:43,39.90,tarjeta
13195,166,6,2025-02-23 11:34:26,102.25,efectivo
13196,835,6,2025-02-23 11:42:28,142.30,tarjeta
13197,780,1,2025-02-23 11:44:32,100.35,efectivo
13198,698,5,2025-02-23 11:51:41,35.00,tarjeta
13199,757,8,2025-02-23 12:10:08,98.30,tarjeta
13200,556,10,2025-02-23 12:18:29,121.80,tarjeta
13201,826,9,2025-02-23 12:22:16,65.45,tarjeta
13202,365,7,2025-02-23 12:28:10,18.00,tarjeta
13203,355,7,2025-02-23 12:39:20,27.85,efectivo
13204,484,10,2025-02-23 12:44:04,136.70,tarjeta
13205,933,6,2025-02-23 12:50:02,74.90,efectivo
13206,730,7,2025-02-23 12:57:14,146.80,tarjeta
13207,209,3,2025-02-23 13:03:22,106.45,efectivo
13208,11,10,2025-02-23 13:26:04,109.80,tarjeta
13209,832,5,2025-02-23 13:33:03,95.65,efectivo
13210,259,6,2025-02-23 13:38:14,69.40,tarjeta
13211,209,1,2025-02-23 14:00:27,168.75,tarjeta
13212,703,2,2025-02-23 14:17:17,131.75,efectivo
13213,259,8,2025-02-23 14:25:36,20.00,tarjeta
13214,109,9,2025-02-23 14:33:43,90.00,efectivo
13215,168,2,2025-02-23 14:51:33,112.95,efectivo
13216,977,5,2025-02-23 14:57:32,35.00,tarjeta
13217,806,5,2025-02-23 15:00:00,40.50,efectivo
13218,453,9,2025-02-23 15:02:57,110.85,efectivo
13219,887,8,2025-02-23 15:07:43,172.95,efectivo
13220,585,7,2025-02-23 15:18:19,109.40,efectivo
13221,275,10,2025-02-23 15:19:42,139.80,efectivo
13222,681,3,2025-02-23 15:22:21,56.35,tarjeta
13223,608,4,2025-02-23 15:25:32,125.75,tarjeta
13224,471,3,2025-02-23 15:29:04,117.50,tarjeta
13225,267,3,2025-02-23 15:39:49,124.00,efectivo
13226,55,9,2025-02-23 15:46:45,107.90,tarjeta
13227,248,2,2025-02-23 15:52:06,63.85,tarjeta
13228,821,9,2025-02-23 15:54:34,123.25,efectivo
13229,875,1,2025-02-23 15:58:59,61.90,efectivo
13230,649,4,2025-02-23 16:02:36,16.50,tarjeta
13231,694,10,2025-02-23 16:10:33,138.90,tarjeta
13232,879,5,2025-02-23 16:13:10,56.90,tarjeta
13233,809,8,2025-02-23 16:13:14,101.80,tarjeta
13234,8,3,2025-02-23 16:13:30,66.35,efectivo
13235,626,4,2025-02-23 16:15:17,22.50,efectivo
13236,474,10,2025-02-23 16:16:49,22.50,efectivo
13237,83,4,2025-02-23 16:17:50,163.80,tarjeta
13238,536,7,2025-02-23 16:25:58,8.00,tarjeta
13239,853,8,2025-02-23 16:31:57,64.00,efectivo
13240,267,1,2025-02-23 16:36:59,60.50,tarjeta
13241,561,1,2025-02-23 16:37:15,104.75,efectivo
13242,13,2,2025-02-23 16:37:57,98.00,efectivo
13243,671,5,2025-02-23 16:43:32,128.00,tarjeta
13244,811,1,2025-02-23 16:45:14,105.90,efectivo
13245,479,4,2025-02-23 16:46:30,27.85,tarjeta
13246,287,2,2025-02-23 16:56:49,53.20,efectivo
13247,391,9,2025-02-23 16:57:17,142.35,tarjeta
13248,870,1,2025-02-23 17:06:16,110.50,efectivo
13249,874,4,2025-02-23 17:07:14,69.40,efectivo
13250,189,10,2025-02-23 17:12:01,57.00,tarjeta
13251,955,8,2025-02-23 17:29:09,19.95,tarjeta
13252,436,2,2025-02-23 17:55:21,10.95,tarjeta
13253,655,2,2025-02-23 17:56:36,175.80,tarjeta
13254,816,6,2025-02-23 18:15:15,140.95,efectivo
13255,391,8,2025-02-23 18:35:32,81.40,efectivo
13256,752,10,2025-02-23 18:45:02,121.90,tarjeta
13257,429,3,2025-02-23 19:21:28,71.50,tarjeta
13258,157,7,2025-02-23 19:31:07,64.50,tarjeta
13259,186,5,2025-02-23 19:43:45,175.25,tarjeta
13260,561,8,2025-02-23 19:58:51,60.90,efectivo
13261,76,9,2025-02-23 20:02:05,98.95,tarjeta
13262,65,7,2025-02-23 20:07:38,115.00,tarjeta
13263,933,10,2025-02-23 20:18:54,143.90,tarjeta
13264,168,4,2025-02-23 20:21:12,94.35,tarjeta
13265,471,7,2025-02-23 20:29:51,147.00,efectivo
13266,104,5,2025-02-23 20:29:56,100.40,efectivo
13267,192,2,2025-02-23 20:39:35,60.50,tarjeta
13268,476,1,2025-02-23 20:43:10,28.50,efectivo
13269,145,8,2025-02-23 20:44:14,106.00,efectivo
13270,228,4,2025-02-23 20:44:14,105.95,tarjeta
13271,701,9,2025-02-23 20:49:10,77.80,tarjeta
13272,187,7,2025-02-23 20:49:22,55.90,efectivo
13273,655,9,2025-02-23 20:59:58,208.90,efectivo
13274,826,4,2025-02-23 21:10:07,138.00,tarjeta
13275,77,5,2025-02-23 21:16:18,145.95,tarjeta
13276,876,3,2025-02-23 21:30:22,90.40,efectivo
13277,193,8,2025-02-23 21:31:23,115.00,tarjeta
13278,642,5,2025-02-23 21:34:36,118.90,efectivo
13279,590,2,2025-02-23 21:43:22,92.85,efectivo
13280,107,9,2025-02-23 21:43:24,167.65,tarjeta
13281,984,7,2025-02-23 21:46:57,185.35,efectivo
13282,904,6,2025-02-23 22:16:14,31.00,tarjeta
13283,608,3,2025-02-23 22:19:57,204.90,efectivo
13284,213,4,2025-02-23 22:30:26,10.95,efectivo
13285,318,8,2025-02-23 22:49:53,83.95,efectivo
13286,698,9,2025-02-23 22:56:17,175.15,tarjeta
13287,317,7,2025-02-24 06:04:13,41.95,efectivo
13288,78,1,2025-02-24 06:06:38,46.50,tarjeta
13289,446,6,2025-02-24 06:09:53,55.95,efectivo
13290,239,8,2025-02-24 06:13:43,134.90,tarjeta
13291,45,10,2025-02-24 06:18:23,46.50,efectivo
13292,187,5,2025-02-24 06:19:39,8.00,tarjeta
13293,148,5,2025-02-24 06:21:21,0.00,efectivo
13294,315,10,2025-02-24 06:21:32,0.00,tarjeta
13295,691,1,2025-02-24 06:22:03,53.00,efectivo
13296,713,5,2025-02-24 06:22:23,26.95,efectivo
13297,677,4,2025-02-24 06:22:33,66.95,efectivo
13298,513,6,2025-02-24 06:23:23,24.50,efectivo
13299,250,10,2025-02-24 06:24:03,38.95,efectivo
13300,858,2,2025-02-24 06:27:50,12.00,tarjeta
13301,715,10,2025-02-24 06:31:43,32.00,tarjeta
13302,605,6,2025-02-24 06:34:47,31.00,efectivo
13303,183,10,2025-02-24 06:42:27,10.95,efectivo
13304,313,7,2025-02-24 06:43:05,26.45,tarjeta
13305,641,1,2025-02-24 06:43:24,111.55,efectivo
13306,826,9,2025-02-24 06:48:33,103.45,tarjeta
13307,176,3,2025-02-24 06:52:59,29.50,tarjeta
13308,586,1,2025-02-24 06:54:04,12.00,tarjeta
13309,520,6,2025-02-24 06:56:47,57.95,efectivo
13310,728,4,2025-02-24 06:57:45,31.00,tarjeta
13311,730,10,2025-02-24 06:59:00,86.00,efectivo
13312,499,5,2025-02-24 07:02:10,61.50,tarjeta
13313,200,8,2025-02-24 07:05:18,0.00,efectivo
13314,789,9,2025-02-24 07:06:42,46.50,efectivo
13315,794,2,2025-02-24 07:08:04,44.95,tarjeta
13316,148,4,2025-02-24 07:08:34,26.00,efectivo
13317,962,9,2025-02-24 07:09:43,12.00,efectivo
13318,469,10,2025-02-24 07:11:56,79.00,efectivo
13319,843,2,2025-02-24 07:20:25,31.00,efectivo
13320,185,8,2025-02-24 07:20:55,16.50,tarjeta
13321,642,3,2025-02-24 07:21:23,100.75,efectivo
13322,362,2,2025-02-24 07:21:42,10.95,tarjeta
13323,63,7,2025-02-24 07:26:38,35.00,efectivo
13324,953,2,2025-02-24 07:28:30,55.50,tarjeta
13325,64,8,2025-02-24 07:29:13,53.50,tarjeta
13326,216,3,2025-02-24 07:37:01,53.00,efectivo
13327,599,6,2025-02-24 07:37:30,37.90,efectivo
13328,493,6,2025-02-24 07:37:40,76.85,efectivo
13329,526,8,2025-02-24 07:50:00,22.00,tarjeta
13330,561,6,2025-02-24 07:51:06,36.00,efectivo
13331,975,3,2025-02-24 07:51:10,40.45,tarjeta
13332,98,2,2025-02-24 07:52:23,16.50,efectivo
13333,689,5,2025-02-24 07:53:22,38.50,tarjeta
13334,54,3,2025-02-24 07:58:33,12.35,efectivo
13335,177,1,2025-02-24 08:01:26,85.40,tarjeta
13336,755,2,2025-02-24 08:01:47,26.45,efectivo
13337,2,3,2025-02-24 08:01:48,25.50,efectivo
13338,752,4,2025-02-24 08:03:27,138.50,tarjeta
13339,31,4,2025-02-24 08:04:41,88.45,efectivo
13340,200,5,2025-02-24 08:10:11,22.00,tarjeta
13341,872,8,2025-02-24 08:15:20,55.50,efectivo
13342,301,10,2025-02-24 08:18:50,73.40,tarjeta
13343,787,2,2025-02-24 08:22:35,10.95,efectivo
13344,976,1,2025-02-24 08:22:44,43.00,tarjeta
13345,567,5,2025-02-24 08:22:48,76.95,tarjeta
13346,10,6,2025-02-24 08:25:09,80.45,efectivo
13347,575,10,2025-02-24 08:34:00,18.00,tarjeta
13348,292,5,2025-02-24 08:34:10,22.95,efectivo
13349,148,7,2025-02-24 08:35:56,44.95,tarjeta
13350,402,9,2025-02-24 08:40:19,31.00,efectivo
13351,446,9,2025-02-24 08:40:27,25.50,efectivo
13352,872,1,2025-02-24 08:42:36,58.95,tarjeta
13353,707,10,2025-02-24 08:42:58,47.50,tarjeta
13354,818,6,2025-02-24 08:45:01,12.00,tarjeta
13355,180,1,2025-02-24 08:47:18,67.95,efectivo
13356,814,4,2025-02-24 08:47:28,65.00,efectivo
13357,33,1,2025-02-24 08:58:44,78.45,efectivo
13358,292,3,2025-02-24 09:00:34,22.00,tarjeta
13359,650,4,2025-02-24 09:02:32,31.00,tarjeta
13360,953,9,2025-02-24 09:06:54,55.45,efectivo
13361,945,1,2025-02-24 09:09:33,102.90,efectivo
13362,728,6,2025-02-24 09:10:01,79.95,tarjeta
13363,586,1,2025-02-24 09:14:20,51.95,tarjeta
13364,418,2,2025-02-24 09:21:36,171.20,efectivo
13365,380,1,2025-02-24 09:28:11,58.00,tarjeta
13366,288,10,2025-02-24 09:28:14,50.50,tarjeta
13367,103,5,2025-02-24 09:29:21,18.00,tarjeta
13368,41,5,2025-02-24 09:29:29,49.00,tarjeta
13369,321,10,2025-02-24 09:30:48,94.45,efectivo
13370,458,7,2025-02-24 09:35:34,122.80,tarjeta
13371,446,9,2025-02-24 09:35:51,31.00,tarjeta
13372,520,3,2025-02-24 09:36:14,26.95,efectivo
13373,713,8,2025-02-24 09:38:32,51.45,tarjeta
13374,98,8,2025-02-24 09:39:45,84.00,efectivo
13375,460,10,2025-02-24 09:47:34,43.00,efectivo
13376,90,4,2025-02-24 09:48:24,34.95,efectivo
13377,387,9,2025-02-24 09:49:15,76.00,tarjeta
13378,122,4,2025-02-24 09:50:54,57.45,tarjeta
13379,777,5,2025-02-24 09:53:12,53.40,tarjeta
13380,767,2,2025-02-24 09:55:15,73.45,efectivo
13381,556,1,2025-02-24 09:59:19,91.95,tarjeta
13382,873,1,2025-02-24 10:02:15,0.00,tarjeta
13383,348,7,2025-02-24 10:02:52,144.90,tarjeta
13384,374,9,2025-02-24 10:03:09,38.45,tarjeta
13385,827,2,2025-02-24 10:03:49,138.90,efectivo
13386,706,9,2025-02-24 10:05:58,10.95,tarjeta
13387,11,1,2025-02-24 10:06:06,63.50,tarjeta
13388,452,1,2025-02-24 10:11:48,50.50,tarjeta
13389,437,6,2025-02-24 10:12:52,12.00,efectivo
13390,27,4,2025-02-24 10:17:23,68.90,efectivo
13391,926,7,2025-02-24 10:25:56,171.55,efectivo
13392,901,8,2025-02-24 10:26:02,22.00,efectivo
13393,361,3,2025-02-24 10:26:52,79.95,efectivo
13394,196,9,2025-02-24 10:30:44,22.00,efectivo
13395,83,6,2025-02-24 10:31:05,108.45,tarjeta
13396,273,7,2025-02-24 10:32:05,64.45,efectivo
13397,902,9,2025-02-24 10:54:22,73.45,efectivo
13398,24,6,2025-02-24 10:55:14,142.90,tarjeta
13399,189,4,2025-02-24 10:58:00,106.80,efectivo
13400,386,5,2025-02-24 11:23:18,36.00,efectivo
13401,410,3,2025-02-24 11:23:25,95.40,efectivo
13402,300,6,2025-02-24 12:03:57,8.00,efectivo
13403,945,4,2025-02-24 12:04:43,56.95,efectivo
13404,848,6,2025-02-24 12:05:34,141.80,tarjeta
13405,641,9,2025-02-24 12:22:33,53.95,efectivo
13406,510,9,2025-02-24 12:30:31,10.95,efectivo
13407,113,7,2025-02-24 12:38:10,50.00,efectivo
13408,339,7,2025-02-24 12:38:50,67.00,tarjeta
13409,414,5,2025-02-24 12:42:58,108.15,tarjeta
13410,236,1,2025-02-24 13:10:48,146.50,tarjeta
13411,372,10,2025-02-24 13:14:16,96.40,tarjeta
13412,833,3,2025-02-24 13:28:43,139.00,tarjeta
13413,24,1,2025-02-24 13:39:56,28.50,tarjeta
13414,151,6,2025-02-24 13:43:03,76.85,efectivo
13415,449,4,2025-02-24 13:49:39,184.70,efectivo
13416,157,3,2025-02-24 13:52:49,68.00,tarjeta
13417,104,9,2025-02-24 13:58:08,50.95,efectivo
13418,484,3,2025-02-24 14:14:53,152.45,tarjeta
13419,319,5,2025-02-24 14:30:50,48.95,efectivo
13420,422,5,2025-02-24 14:38:21,38.35,efectivo
13421,714,1,2025-02-24 14:45:23,41.95,tarjeta
13422,840,10,2025-02-24 14:49:29,115.90,efectivo
13423,882,9,2025-02-24 14:51:35,74.00,tarjeta
13424,277,6,2025-02-24 15:01:59,32.30,efectivo
13425,213,4,2025-02-24 15:07:12,12.00,efectivo
13426,654,5,2025-02-24 15:15:53,31.95,tarjeta
13427,848,8,2025-02-24 15:20:39,177.85,efectivo
13428,214,2,2025-02-24 15:23:13,19.95,efectivo
13429,877,5,2025-02-24 15:23:45,18.00,efectivo
13430,933,4,2025-02-24 15:28:11,159.65,efectivo
13431,50,4,2025-02-24 15:36:58,183.40,efectivo
13432,104,4,2025-02-24 15:40:51,79.40,tarjeta
13433,970,1,2025-02-24 15:43:25,149.90,tarjeta
13434,660,8,2025-02-24 15:51:11,68.40,efectivo
13435,663,3,2025-02-24 15:57:17,186.70,tarjeta
13436,331,1,2025-02-24 15:59:56,70.95,efectivo
13437,607,6,2025-02-24 16:00:01,113.85,tarjeta
13438,179,5,2025-02-24 16:07:18,106.00,efectivo
13439,742,7,2025-02-24 16:21:51,56.90,efectivo
13440,931,5,2025-02-24 16:30:36,61.45,efectivo
13441,391,3,2025-02-24 16:42:54,91.50,tarjeta
13442,113,5,2025-02-24 16:49:17,48.90,tarjeta
13443,824,9,2025-02-24 16:54:12,105.95,tarjeta
13444,840,7,2025-02-24 17:01:00,220.90,efectivo
13445,193,3,2025-02-24 17:31:56,38.50,tarjeta
13446,619,1,2025-02-24 17:37:08,63.00,efectivo
13447,887,4,2025-02-24 17:45:34,132.85,efectivo
13448,127,4,2025-02-24 17:50:18,10.00,tarjeta
13449,860,3,2025-02-24 17:54:16,58.85,tarjeta
13450,994,2,2025-02-24 18:04:40,70.00,tarjeta
13451,387,1,2025-02-24 18:06:06,139.90,tarjeta
13452,811,6,2025-02-24 18:08:04,124.90,tarjeta
13453,290,4,2025-02-24 18:12:24,109.90,tarjeta
13454,151,10,2025-02-24 18:26:57,155.90,efectivo
13455,418,4,2025-02-24 18:31:23,133.95,tarjeta
13456,961,9,2025-02-24 18:33:07,92.85,efectivo
13457,166,5,2025-02-24 18:37:07,82.85,tarjeta
13458,827,2,2025-02-24 18:38:53,80.95,tarjeta
13459,151,4,2025-02-24 19:00:59,35.95,efectivo
13460,660,7,2025-02-24 19:16:17,92.90,tarjeta
13461,642,9,2025-02-24 19:17:58,315.60,tarjeta
13462,83,6,2025-02-24 19:38:14,113.90,efectivo
13463,297,1,2025-02-24 20:00:56,58.85,tarjeta
13464,822,7,2025-02-24 20:20:21,55.40,efectivo
13465,205,7,2025-02-24 20:25:09,99.85,efectivo
13466,612,1,2025-02-24 20:28:05,66.35,tarjeta
13467,490,7,2025-02-24 21:06:11,85.80,tarjeta
13468,640,7,2025-02-24 21:19:08,118.40,efectivo
13469,151,9,2025-02-24 21:30:03,78.95,tarjeta
13470,815,9,2025-02-24 21:47:18,77.95,efectivo
13471,243,7,2025-02-24 21:58:32,164.40,tarjeta
13472,193,8,2025-02-24 22:04:40,103.90,efectivo
13473,147,7,2025-02-24 22:38:56,19.95,efectivo
13474,678,5,2025-02-24 22:40:53,33.50,tarjeta
13475,422,8,2025-02-25 06:00:16,29.95,tarjeta
13476,572,4,2025-02-25 06:00:22,37.50,efectivo
13477,842,3,2025-02-25 06:01:57,111.95,tarjeta
13478,652,7,2025-02-25 06:05:15,24.50,efectivo
13479,78,3,2025-02-25 06:09:08,0.00,tarjeta
13480,168,1,2025-02-25 06:09:56,52.50,efectivo
13481,155,10,2025-02-25 06:23:08,33.50,tarjeta
13482,273,2,2025-02-25 06:30:22,50.50,efectivo
13483,793,7,2025-02-25 06:32:58,24.50,efectivo
13484,422,8,2025-02-25 06:34:22,22.95,efectivo
13485,944,5,2025-02-25 06:37:56,24.50,efectivo
13486,783,1,2025-02-25 06:42:18,0.00,tarjeta
13487,572,2,2025-02-25 06:43:16,24.50,tarjeta
13488,422,1,2025-02-25 06:47:56,26.95,efectivo
13489,24,4,2025-02-25 06:48:48,78.40,efectivo
13490,526,9,2025-02-25 06:48:56,41.00,efectivo
13491,732,8,2025-02-25 06:53:04,15.50,efectivo
13492,848,7,2025-02-25 06:54:32,19.95,efectivo
13493,854,7,2025-02-25 06:55:32,22.00,efectivo
13494,374,9,2025-02-25 07:00:01,36.95,efectivo
13495,383,10,2025-02-25 07:01:31,90.90,tarjeta
13496,948,3,2025-02-25 07:04:19,65.85,tarjeta
13497,803,4,2025-02-25 07:08:04,12.00,tarjeta
13498,359,9,2025-02-25 07:09:52,10.95,tarjeta
13499,2,3,2025-02-25 07:11:54,32.95,tarjeta
13500,574,4,2025-02-25 07:15:21,40.00,tarjeta
13501,476,1,2025-02-25 07:15:59,66.30,efectivo
13502,321,10,2025-02-25 07:22:13,49.90,tarjeta
13503,422,4,2025-02-25 07:26:59,26.95,tarjeta
13504,382,8,2025-02-25 07:27:42,150.85,tarjeta
13505,135,1,2025-02-25 07:32:00,155.75,tarjeta
13506,865,1,2025-02-25 07:32:53,35.95,tarjeta
13507,368,10,2025-02-25 07:33:18,27.50,efectivo
13508,862,8,2025-02-25 07:34:33,19.95,efectivo
13509,697,6,2025-02-25 07:35:51,26.95,efectivo
13510,714,3,2025-02-25 07:41:42,125.90,efectivo
13511,797,5,2025-02-25 07:43:48,63.50,efectivo
13512,268,10,2025-02-25 07:46:10,131.65,tarjeta
13513,895,9,2025-02-25 07:47:29,22.00,tarjeta
13514,808,4,2025-02-25 07:47:57,45.95,tarjeta
13515,193,7,2025-02-25 07:57:08,122.65,tarjeta
13516,445,1,2025-02-25 07:58:02,8.00,tarjeta
13517,280,8,2025-02-25 07:58:30,22.00,tarjeta
13518,712,5,2025-02-25 08:04:26,32.95,efectivo
13519,103,10,2025-02-25 08:05:29,48.95,tarjeta
13520,168,2,2025-02-25 08:06:31,10.95,tarjeta
13521,641,4,2025-02-25 08:07:40,123.95,efectivo
13522,994,2,2025-02-25 08:08:09,55.95,tarjeta
13523,106,10,2025-02-25 08:12:27,0.00,tarjeta
13524,206,6,2025-02-25 08:17:13,39.30,tarjeta
13525,257,6,2025-02-25 08:21:00,10.95,tarjeta
13526,268,5,2025-02-25 08:21:03,76.00,tarjeta
13527,850,5,2025-02-25 08:22:12,27.85,tarjeta
13528,664,6,2025-02-25 08:27:21,22.00,efectivo
13529,437,7,2025-02-25 08:28:19,63.95,tarjeta
13530,377,7,2025-02-25 08:33:08,22.00,tarjeta
13531,757,3,2025-02-25 08:34:37,62.40,tarjeta
13532,446,7,2025-02-25 08:40:51,35.45,efectivo
13533,85,6,2025-02-25 08:42:55,77.90,tarjeta
13534,329,3,2025-02-25 08:47:51,26.95,efectivo
13535,296,7,2025-02-25 08:58:20,12.35,efectivo
13536,988,1,2025-02-25 08:59:34,56.90,efectivo
13537,98,5,2025-02-25 09:06:45,31.00,efectivo
13538,562,4,2025-02-25 09:16:54,32.95,efectivo
13539,27,4,2025-02-25 09:20:17,12.35,tarjeta
13540,98,9,2025-02-25 09:24:56,57.95,efectivo
13541,781,4,2025-02-25 09:27:33,68.90,efectivo
13542,738,6,2025-02-25 09:29:40,169.90,efectivo
13543,976,1,2025-02-25 09:37:40,24.50,tarjeta
13544,257,9,2025-02-25 09:37:46,37.50,efectivo
13545,66,7,2025-02-25 09:38:14,127.95,tarjeta
13546,975,8,2025-02-25 09:38:24,67.95,tarjeta
13547,937,7,2025-02-25 09:41:17,80.45,tarjeta
13548,2,7,2025-02-25 09:45:53,22.00,tarjeta
13549,657,1,2025-02-25 09:48:05,24.50,efectivo
13550,585,7,2025-02-25 09:53:20,35.95,tarjeta
13551,65,9,2025-02-25 09:54:11,51.45,efectivo
13552,39,8,2025-02-25 09:54:13,65.95,tarjeta
13553,796,7,2025-02-25 09:56:42,22.00,efectivo
13554,151,1,2025-02-25 09:58:44,171.80,efectivo
13555,690,9,2025-02-25 10:00:37,84.50,tarjeta
13556,344,8,2025-02-25 10:06:33,34.00,tarjeta
13557,302,2,2025-02-25 10:08:56,48.95,efectivo
13558,979,4,2025-02-25 10:11:30,10.00,efectivo
13559,944,4,2025-02-25 10:13:08,38.00,tarjeta
13560,105,10,2025-02-25 10:17:24,35.00,efectivo
13561,95,2,2025-02-25 10:18:33,49.50,tarjeta
13562,513,10,2025-02-25 10:18:49,27.50,efectivo
13563,292,6,2025-02-25 10:23:15,31.00,tarjeta
13564,185,7,2025-02-25 10:23:21,79.95,tarjeta
13565,572,10,2025-02-25 10:26:02,35.95,efectivo
13566,873,4,2025-02-25 10:42:26,26.95,tarjeta
13567,113,1,2025-02-25 10:54:03,58.15,tarjeta
13568,95,5,2025-02-25 10:54:11,22.00,tarjeta
13569,367,8,2025-02-25 10:55:56,87.00,tarjeta
13570,748,2,2025-02-25 10:59:42,37.90,tarjeta
13571,379,10,2025-02-25 11:13:07,58.95,efectivo
13572,427,2,2025-02-25 11:39:52,24.95,tarjeta
13573,641,8,2025-02-25 11:56:30,150.80,tarjeta
13574,55,5,2025-02-25 11:56:55,53.95,tarjeta
13575,883,6,2025-02-25 11:59:23,72.00,efectivo
13576,907,1,2025-02-25 12:09:21,125.35,tarjeta
13577,145,5,2025-02-25 12:12:46,87.20,tarjeta
13578,166,8,2025-02-25 12:17:14,35.45,tarjeta
13579,379,5,2025-02-25 12:18:46,55.40,tarjeta
13580,202,9,2025-02-25 12:20:58,31.00,tarjeta
13581,965,9,2025-02-25 12:24:11,142.95,efectivo
13582,663,8,2025-02-25 12:33:11,181.80,tarjeta
13583,865,7,2025-02-25 12:37:54,48.30,tarjeta
13584,965,6,2025-02-25 12:39:53,103.45,tarjeta
13585,58,2,2025-02-25 13:02:40,10.00,tarjeta
13586,426,1,2025-02-25 13:06:37,166.00,efectivo
13587,214,10,2025-02-25 13:21:34,19.95,efectivo
13588,390,10,2025-02-25 13:27:46,35.95,tarjeta
13589,524,9,2025-02-25 13:34:59,43.95,tarjeta
13590,659,8,2025-02-25 13:43:10,92.85,tarjeta
13591,627,8,2025-02-25 13:44:06,121.45,efectivo
13592,473,6,2025-02-25 13:46:49,71.35,tarjeta
13593,278,8,2025-02-25 13:49:07,129.80,tarjeta
13594,371,1,2025-02-25 13:59:07,103.00,tarjeta
13595,209,10,2025-02-25 14:05:45,125.35,efectivo
13596,386,1,2025-02-25 14:07:03,155.90,efectivo
13597,333,8,2025-02-25 14:09:11,119.00,tarjeta
13598,892,10,2025-02-25 14:14:02,32.00,efectivo
13599,180,7,2025-02-25 14:27:22,119.90,efectivo
13600,771,9,2025-02-25 14:40:33,111.45,tarjeta
13601,757,8,2025-02-25 14:41:28,125.85,efectivo
13602,933,6,2025-02-25 14:51:30,136.75,tarjeta
13603,77,1,2025-02-25 15:01:27,82.45,tarjeta
13604,80,8,2025-02-25 15:04:23,49.90,tarjeta
13605,598,2,2025-02-25 15:11:42,141.30,tarjeta
13606,332,5,2025-02-25 15:13:41,120.00,tarjeta
13607,870,10,2025-02-25 15:13:44,65.50,efectivo
13608,111,2,2025-02-25 15:23:53,120.95,efectivo
13609,974,7,2025-02-25 15:24:59,26.95,efectivo
13610,752,1,2025-02-25 15:27:05,93.35,efectivo
13611,239,3,2025-02-25 15:28:30,22.50,tarjeta
13612,554,2,2025-02-25 15:38:42,170.30,tarjeta
13613,752,6,2025-02-25 15:39:52,180.25,efectivo
13614,791,6,2025-02-25 15:53:16,8.00,tarjeta
13615,458,5,2025-02-25 16:20:32,52.50,tarjeta
13616,484,2,2025-02-25 16:22:46,77.80,tarjeta
13617,956,7,2025-02-25 16:23:37,84.95,tarjeta
13618,742,3,2025-02-25 16:30:33,130.35,tarjeta
13619,823,9,2025-02-25 16:42:56,185.20,tarjeta
13620,158,2,2025-02-25 16:44:08,37.50,tarjeta
13621,83,8,2025-02-25 16:45:16,251.50,efectivo
13622,130,2,2025-02-25 16:46:02,102.90,efectivo
13623,393,8,2025-02-25 16:48:29,106.90,efectivo
13624,333,6,2025-02-25 16:48:56,64.85,efectivo
13625,959,7,2025-02-25 16:50:50,101.00,efectivo
13626,130,4,2025-02-25 16:52:04,68.40,tarjeta
13627,673,1,2025-02-25 17:00:20,26.45,efectivo
13628,495,4,2025-02-25 17:11:13,10.95,tarjeta
13629,81,10,2025-02-25 17:11:28,77.45,efectivo
13630,851,4,2025-02-25 17:15:55,131.40,tarjeta
13631,151,10,2025-02-25 17:18:03,62.25,efectivo
13632,549,1,2025-02-25 17:21:20,8.00,efectivo
13633,959,9,2025-02-25 17:40:33,97.75,efectivo
13634,831,8,2025-02-25 17:40:44,47.50,efectivo
13635,247,8,2025-02-25 17:46:09,12.00,efectivo
13636,949,10,2025-02-25 17:48:26,91.90,efectivo
13637,502,9,2025-02-25 17:53:09,72.50,tarjeta
13638,726,8,2025-02-25 18:10:04,95.90,tarjeta
13639,927,8,2025-02-25 18:32:47,149.30,efectivo
13640,102,7,2025-02-25 18:34:43,25.50,efectivo
13641,717,5,2025-02-25 19:19:50,90.90,tarjeta
13642,554,10,2025-02-25 19:22:20,106.75,efectivo
13643,501,1,2025-02-25 19:29:50,74.85,efectivo
13644,378,5,2025-02-25 19:40:40,163.35,efectivo
13645,414,6,2025-02-25 19:41:48,110.40,efectivo
13646,50,1,2025-02-25 19:45:31,178.85,efectivo
13647,736,1,2025-02-25 20:11:22,15.50,efectivo
13648,827,3,2025-02-25 20:12:57,146.40,efectivo
13649,991,3,2025-02-25 20:14:44,38.80,efectivo
13650,490,9,2025-02-25 20:21:34,51.00,efectivo
13651,608,1,2025-02-25 20:30:52,82.00,efectivo
13652,619,10,2025-02-25 20:42:57,99.85,tarjeta
13653,414,3,2025-02-25 20:54:13,140.95,efectivo
13654,570,10,2025-02-25 21:02:53,131.75,efectivo
13655,51,8,2025-02-25 21:17:18,144.80,tarjeta
13656,546,5,2025-02-25 21:18:23,101.00,efectivo
13657,484,2,2025-02-25 21:22:51,139.75,efectivo
13658,945,5,2025-02-25 21:31:15,145.55,tarjeta
13659,80,5,2025-02-25 21:54:26,63.00,efectivo
13660,465,2,2025-02-25 22:02:17,88.95,efectivo
13661,429,4,2025-02-25 22:12:47,120.20,efectivo
13662,839,6,2025-02-25 22:21:01,106.95,efectivo
13663,987,1,2025-02-25 22:27:22,50.00,tarjeta
13664,977,7,2025-02-25 22:28:30,53.00,efectivo
13665,66,2,2025-02-25 22:29:24,106.00,efectivo
13666,278,5,2025-02-25 22:31:26,73.30,tarjeta
13667,642,10,2025-02-25 22:33:12,105.95,efectivo
13668,382,5,2025-02-25 22:53:39,83.50,tarjeta
13669,801,2,2025-02-26 06:06:46,73.45,efectivo
13670,313,6,2025-02-26 06:08:16,97.95,efectivo
13671,67,8,2025-02-26 06:08:42,182.50,tarjeta
13672,599,2,2025-02-26 06:09:25,46.50,tarjeta
13673,76,2,2025-02-26 06:11:35,147.40,efectivo
13674,703,4,2025-02-26 06:12:35,104.45,efectivo
13675,293,3,2025-02-26 06:14:17,26.50,tarjeta
13676,471,4,2025-02-26 06:15:31,199.40,efectivo
13677,783,1,2025-02-26 06:24:31,63.45,tarjeta
13678,410,7,2025-02-26 06:25:00,36.00,tarjeta
13679,686,6,2025-02-26 06:25:04,50.00,efectivo
13680,394,9,2025-02-26 06:29:22,26.95,efectivo
13681,418,8,2025-02-26 06:29:54,122.90,efectivo
13682,858,1,2025-02-26 06:35:33,46.50,tarjeta
13683,605,9,2025-02-26 06:36:51,37.90,efectivo
13684,9,3,2025-02-26 06:37:41,24.50,tarjeta
13685,832,1,2025-02-26 06:48:48,86.50,tarjeta
13686,763,1,2025-02-26 06:51:43,36.50,efectivo
13687,148,7,2025-02-26 06:52:15,18.00,efectivo
13688,586,3,2025-02-26 06:56:15,10.95,efectivo
13689,682,1,2025-02-26 07:00:23,125.85,efectivo
13690,339,6,2025-02-26 07:00:33,0.00,tarjeta
13691,697,8,2025-02-26 07:00:54,41.95,efectivo
13692,10,2,2025-02-26 07:01:00,71.00,efectivo
13693,983,8,2025-02-26 07:06:23,62.40,efectivo
13694,606,3,2025-02-26 07:07:01,53.00,tarjeta
13695,55,6,2025-02-26 07:08:39,104.30,tarjeta
13696,595,6,2025-02-26 07:12:27,0.00,tarjeta
13697,765,5,2025-02-26 07:17:40,10.95,tarjeta
13698,703,5,2025-02-26 07:22:47,192.90,tarjeta
13699,63,9,2025-02-26 07:30:09,72.40,efectivo
13700,477,8,2025-02-26 07:34:03,47.90,efectivo
13701,197,2,2025-02-26 07:34:40,26.95,efectivo
13702,818,8,2025-02-26 07:35:20,24.50,tarjeta
13703,119,3,2025-02-26 07:35:35,31.00,tarjeta
13704,706,10,2025-02-26 07:36:42,26.95,tarjeta
13705,292,7,2025-02-26 07:43:22,24.50,efectivo
13706,37,6,2025-02-26 07:44:57,43.95,efectivo
13707,573,8,2025-02-26 07:45:57,100.45,efectivo
13708,793,2,2025-02-26 07:47:00,62.95,tarjeta
13709,876,7,2025-02-26 07:54:50,144.80,tarjeta
13710,655,2,2025-02-26 07:56:47,69.95,efectivo
13711,586,6,2025-02-26 07:59:33,65.00,tarjeta
13712,452,10,2025-02-26 08:02:30,12.35,efectivo
13713,209,1,2025-02-26 08:08:10,56.90,efectivo
13714,270,9,2025-02-26 08:15:16,51.45,tarjeta
13715,356,4,2025-02-26 08:17:22,47.50,tarjeta
13716,376,2,2025-02-26 08:20:13,31.00,efectivo
13717,792,7,2025-02-26 08:25:27,12.00,efectivo
13718,122,7,2025-02-26 08:25:45,57.95,tarjeta
13719,422,7,2025-02-26 08:27:32,24.50,efectivo
13720,84,4,2025-02-26 08:30:42,34.00,efectivo
13721,280,10,2025-02-26 08:33:01,32.00,tarjeta
13722,233,9,2025-02-26 08:33:16,15.50,efectivo
13723,362,2,2025-02-26 08:34:54,49.45,efectivo
13724,553,2,2025-02-26 08:37:48,29.90,efectivo
13725,763,6,2025-02-26 08:41:25,18.00,efectivo
13726,356,7,2025-02-26 08:46:01,46.50,efectivo
13727,707,10,2025-02-26 08:46:42,81.50,efectivo
13728,85,7,2025-02-26 08:47:16,26.95,tarjeta
13729,692,7,2025-02-26 08:50:45,85.50,tarjeta
13730,983,6,2025-02-26 08:51:21,15.50,tarjeta
13731,2,7,2025-02-26 09:06:22,55.45,tarjeta
13732,172,10,2025-02-26 09:10:14,10.00,tarjeta
13733,923,1,2025-02-26 09:13:09,51.45,tarjeta
13734,712,9,2025-02-26 09:15:02,55.50,efectivo
13735,10,6,2025-02-26 09:24:00,26.95,efectivo
13736,842,9,2025-02-26 09:24:53,26.95,tarjeta
13737,690,8,2025-02-26 09:25:36,79.00,efectivo
13738,150,3,2025-02-26 09:25:59,104.00,tarjeta
13739,885,10,2025-02-26 09:32:44,45.95,efectivo
13740,428,3,2025-02-26 09:35:59,42.45,tarjeta
13741,322,1,2025-02-26 09:40:43,26.95,tarjeta
13742,702,3,2025-02-26 09:41:02,48.95,efectivo
13743,180,7,2025-02-26 09:49:32,92.00,efectivo
13744,405,4,2025-02-26 09:53:56,31.00,efectivo
13745,582,9,2025-02-26 09:57:18,24.95,efectivo
13746,783,2,2025-02-26 10:04:05,26.95,tarjeta
13747,15,1,2025-02-26 10:05:27,128.30,efectivo
13748,98,3,2025-02-26 10:06:02,22.00,tarjeta
13749,2,9,2025-02-26 10:09:22,32.50,efectivo
13750,83,7,2025-02-26 10:10:06,151.45,efectivo
13751,95,2,2025-02-26 10:14:56,0.00,efectivo
13752,588,1,2025-02-26 10:16:08,31.00,efectivo
13753,814,1,2025-02-26 10:20:16,8.00,efectivo
13754,777,2,2025-02-26 10:26:44,74.00,efectivo
13755,123,5,2025-02-26 10:27:22,123.95,efectivo
13756,172,8,2025-02-26 10:27:23,10.00,efectivo
13757,970,1,2025-02-26 10:29:40,48.45,efectivo
13758,98,3,2025-02-26 10:37:07,22.00,efectivo
13759,667,3,2025-02-26 10:41:01,29.50,efectivo
13760,429,7,2025-02-26 10:41:06,35.95,tarjeta
13761,924,8,2025-02-26 10:41:55,171.85,efectivo
13762,33,8,2025-02-26 10:42:00,57.95,efectivo
13763,901,2,2025-02-26 10:44:26,31.00,efectivo
13764,372,1,2025-02-26 10:44:54,101.85,efectivo
13765,394,9,2025-02-26 10:46:34,42.45,tarjeta
13766,176,1,2025-02-26 10:48:52,51.90,efectivo
13767,143,8,2025-02-26 10:58:27,58.50,efectivo
13768,290,8,2025-02-26 11:16:19,110.90,tarjeta
13769,8,4,2025-02-26 11:41:17,52.00,efectivo
13770,822,7,2025-02-26 11:41:23,35.95,efectivo
13771,501,3,2025-02-26 11:41:42,163.80,efectivo
13772,730,1,2025-02-26 11:45:57,74.85,tarjeta
13773,412,8,2025-02-26 12:09:39,144.45,efectivo
13774,641,3,2025-02-26 12:40:56,132.95,tarjeta
13775,395,6,2025-02-26 12:44:30,107.50,efectivo
13776,532,4,2025-02-26 13:17:31,142.65,tarjeta
13777,994,6,2025-02-26 13:18:10,86.50,efectivo
13778,168,2,2025-02-26 13:45:13,78.50,efectivo
13779,458,10,2025-02-26 14:01:12,47.95,tarjeta
13780,416,5,2025-02-26 14:01:51,44.90,tarjeta
13781,297,5,2025-02-26 14:10:32,28.50,tarjeta
13782,396,8,2025-02-26 14:12:18,24.95,tarjeta
13783,607,7,2025-02-26 14:14:57,137.00,efectivo
13784,267,4,2025-02-26 14:27:10,64.00,efectivo
13785,604,7,2025-02-26 14:30:09,66.00,tarjeta
13786,440,8,2025-02-26 14:42:47,18.00,tarjeta
13787,888,5,2025-02-26 15:02:55,16.50,tarjeta
13788,268,3,2025-02-26 15:04:48,82.00,efectivo
13789,956,10,2025-02-26 15:04:50,53.00,tarjeta
13790,372,9,2025-02-26 15:12:57,88.90,tarjeta
13791,7,8,2025-02-26 15:16:07,8.00,efectivo
13792,608,9,2025-02-26 15:19:05,58.50,efectivo
13793,412,4,2025-02-26 15:21:33,96.90,tarjeta
13794,627,6,2025-02-26 15:22:27,80.40,efectivo
13795,608,5,2025-02-26 15:25:38,124.85,tarjeta
13796,83,10,2025-02-26 15:28:09,56.90,tarjeta
13797,927,2,2025-02-26 15:32:37,96.80,tarjeta
13798,389,5,2025-02-26 15:36:49,113.00,tarjeta
13799,832,1,2025-02-26 15:37:18,89.95,tarjeta
13800,414,4,2025-02-26 15:38:45,0.00,tarjeta
13801,339,9,2025-02-26 15:41:21,24.95,tarjeta
13802,111,8,2025-02-26 15:44:50,89.30,tarjeta
13803,432,9,2025-02-26 15:51:40,19.95,tarjeta
13804,3,2,2025-02-26 15:54:24,55.50,efectivo
13805,286,6,2025-02-26 16:01:37,44.95,efectivo
13806,81,8,2025-02-26 16:02:05,67.00,efectivo
13807,926,6,2025-02-26 16:03:01,136.40,tarjeta
13808,752,1,2025-02-26 16:04:46,70.90,tarjeta
13809,876,5,2025-02-26 16:08:19,199.20,efectivo
13810,389,5,2025-02-26 16:11:47,104.95,efectivo
13811,372,5,2025-02-26 16:16:27,52.00,efectivo
13812,828,6,2025-02-26 16:19:43,30.00,efectivo
13813,846,1,2025-02-26 16:20:23,82.85,tarjeta
13814,472,4,2025-02-26 16:20:54,80.90,efectivo
13815,771,5,2025-02-26 16:27:54,192.65,tarjeta
13816,892,4,2025-02-26 16:32:55,85.40,tarjeta
13817,230,7,2025-02-26 16:39:46,12.35,tarjeta
13818,367,8,2025-02-26 16:44:05,113.90,efectivo
13819,275,9,2025-02-26 16:45:08,123.35,tarjeta
13820,66,3,2025-02-26 16:45:17,67.85,efectivo
13821,179,9,2025-02-26 16:47:24,85.50,efectivo
13822,343,6,2025-02-26 16:50:24,68.90,efectivo
13823,294,6,2025-02-26 16:53:29,10.95,efectivo
13824,916,8,2025-02-26 16:58:27,10.00,efectivo
13825,472,8,2025-02-26 17:00:30,194.95,tarjeta
13826,476,5,2025-02-26 17:12:14,86.90,tarjeta
13827,608,10,2025-02-26 17:13:05,44.00,efectivo
13828,180,7,2025-02-26 17:14:24,68.00,efectivo
13829,8,10,2025-02-26 17:22:48,116.85,tarjeta
13830,382,9,2025-02-26 17:35:24,168.00,efectivo
13831,742,2,2025-02-26 17:53:32,88.00,tarjeta
13832,65,1,2025-02-26 17:54:44,125.90,tarjeta
13833,851,8,2025-02-26 17:55:33,52.45,efectivo
13834,165,6,2025-02-26 17:57:46,10.95,efectivo
13835,76,8,2025-02-26 17:59:15,132.80,efectivo
13836,534,6,2025-02-26 18:00:53,22.50,efectivo
13837,109,1,2025-02-26 18:13:50,39.90,efectivo
13838,164,9,2025-02-26 18:20:15,26.50,efectivo
13839,499,7,2025-02-26 18:27:26,88.90,tarjeta
13840,585,5,2025-02-26 18:28:38,191.75,tarjeta
13841,841,3,2025-02-26 18:46:59,112.85,tarjeta
13842,837,6,2025-02-26 18:49:56,112.30,tarjeta
13843,283,7,2025-02-26 18:56:54,95.80,tarjeta
13844,622,1,2025-02-26 18:58:54,148.95,efectivo
13845,435,3,2025-02-26 19:01:10,10.95,efectivo
13846,554,1,2025-02-26 19:09:14,95.80,efectivo
13847,372,10,2025-02-26 19:14:12,110.90,efectivo
13848,892,6,2025-02-26 19:14:59,182.30,efectivo
13849,730,5,2025-02-26 19:16:06,35.95,efectivo
13850,473,10,2025-02-26 19:22:22,159.15,tarjeta
13851,641,9,2025-02-26 19:25:16,155.45,efectivo
13852,297,6,2025-02-26 19:43:04,110.90,tarjeta
13853,985,8,2025-02-26 19:56:11,39.00,efectivo
13854,926,4,2025-02-26 19:58:01,178.85,efectivo
13855,815,9,2025-02-26 20:13:28,92.00,efectivo
13856,686,10,2025-02-26 20:43:04,86.95,tarjeta
13857,875,7,2025-02-26 20:43:06,164.75,tarjeta
13858,816,9,2025-02-26 20:51:22,119.40,efectivo
13859,297,7,2025-02-26 21:01:59,114.90,efectivo
13860,931,5,2025-02-26 21:08:36,103.70,efectivo
13861,151,7,2025-02-26 21:10:41,57.00,tarjeta
13862,4,4,2025-02-26 21:11:01,19.95,tarjeta
13863,323,10,2025-02-26 21:11:04,110.90,efectivo
13864,410,6,2025-02-26 21:22:35,154.90,tarjeta
13865,24,8,2025-02-26 21:26:54,142.85,tarjeta
13866,659,3,2025-02-26 21:31:08,35.95,efectivo
13867,970,5,2025-02-26 21:43:25,26.95,tarjeta
13868,686,8,2025-02-26 22:00:46,51.00,efectivo
13869,826,10,2025-02-26 22:15:14,86.50,efectivo
13870,750,10,2025-02-26 22:17:45,30.00,efectivo
13871,11,6,2025-02-26 22:27:44,102.45,efectivo
13872,157,7,2025-02-26 22:30:07,95.90,efectivo
13873,234,7,2025-02-26 22:42:31,97.00,efectivo
13874,514,9,2025-02-26 22:42:48,60.50,efectivo
13875,386,3,2025-02-26 22:48:01,140.85,efectivo
13876,970,6,2025-02-26 22:58:43,42.95,tarjeta
13877,63,10,2025-02-27 06:06:30,32.95,tarjeta
13878,948,7,2025-02-27 06:09:36,86.45,efectivo
13879,189,8,2025-02-27 06:10:44,72.40,efectivo
13880,789,5,2025-02-27 06:15:05,51.45,tarjeta
13881,428,5,2025-02-27 06:17:49,10.95,efectivo
13882,860,5,2025-02-27 06:21:58,75.40,efectivo
13883,270,7,2025-02-27 06:23:12,57.95,tarjeta
13884,872,9,2025-02-27 06:31:04,26.95,tarjeta
13885,380,1,2025-02-27 06:36:55,53.95,tarjeta
13886,801,4,2025-02-27 06:37:16,20.95,tarjeta
13887,885,1,2025-02-27 06:47:15,71.00,efectivo
13888,574,6,2025-02-27 06:50:45,41.00,efectivo
13889,729,6,2025-02-27 06:51:25,61.00,efectivo
13890,748,1,2025-02-27 06:56:10,45.00,tarjeta
13891,217,1,2025-02-27 06:59:53,37.90,efectivo
13892,371,7,2025-02-27 06:59:58,83.75,tarjeta
13893,706,4,2025-02-27 07:02:14,44.95,tarjeta
13894,36,7,2025-02-27 07:03:35,100.60,efectivo
13895,962,8,2025-02-27 07:08:25,48.00,efectivo
13896,402,4,2025-02-27 07:11:02,40.00,tarjeta
13897,461,9,2025-02-27 07:11:58,64.50,tarjeta
13898,748,10,2025-02-27 07:16:34,57.95,tarjeta
13899,292,4,2025-02-27 07:23:18,47.90,tarjeta
13900,196,9,2025-02-27 07:25:28,22.00,tarjeta
13901,579,1,2025-02-27 07:34:02,26.95,tarjeta
13902,402,6,2025-02-27 07:37:29,53.95,tarjeta
13903,429,1,2025-02-27 07:39:46,77.95,tarjeta
13904,633,2,2025-02-27 07:40:12,24.50,tarjeta
13905,472,10,2025-02-27 07:46:27,51.95,tarjeta
13906,792,5,2025-02-27 07:46:37,52.00,efectivo
13907,481,4,2025-02-27 07:48:52,0.00,tarjeta
13908,523,9,2025-02-27 07:49:01,31.00,efectivo
13909,280,5,2025-02-27 07:53:55,22.00,efectivo
13910,579,6,2025-02-27 07:55:45,53.00,tarjeta
13911,796,7,2025-02-27 07:56:54,12.00,efectivo
13912,760,2,2025-02-27 07:58:47,10.95,tarjeta
13913,895,9,2025-02-27 07:58:53,18.00,tarjeta
13914,842,1,2025-02-27 08:10:12,25.50,efectivo
13915,55,4,2025-02-27 08:13:23,102.40,tarjeta
13916,216,10,2025-02-27 08:16:18,62.95,efectivo
13917,135,2,2025-02-27 08:22:00,79.45,efectivo
13918,876,7,2025-02-27 08:23:49,105.00,tarjeta
13919,742,10,2025-02-27 08:27:06,65.95,tarjeta
13920,957,8,2025-02-27 08:34:41,61.95,efectivo
13921,489,6,2025-02-27 08:38:29,31.00,efectivo
13922,873,8,2025-02-27 08:41:17,26.95,efectivo
13923,663,5,2025-02-27 08:43:52,142.70,tarjeta
13924,200,5,2025-02-27 08:44:22,28.95,efectivo
13925,715,7,2025-02-27 08:45:49,117.80,efectivo
13926,697,6,2025-02-27 08:48:18,40.00,efectivo
13927,500,7,2025-02-27 08:49:22,70.00,efectivo
13928,1000,7,2025-02-27 08:52:11,26.95,efectivo
13929,172,5,2025-02-27 08:52:13,19.95,tarjeta
13930,216,2,2025-02-27 08:55:39,31.00,tarjeta
13931,243,2,2025-02-27 08:57:07,46.50,tarjeta
13932,10,3,2025-02-27 09:05:00,31.00,efectivo
13933,461,2,2025-02-27 09:10:14,48.45,tarjeta
13934,302,6,2025-02-27 09:10:52,63.45,tarjeta
13935,71,6,2025-02-27 09:14:44,34.50,tarjeta
13936,633,4,2025-02-27 09:17:57,68.90,efectivo
13937,713,10,2025-02-27 09:20:08,46.50,tarjeta
13938,590,10,2025-02-27 09:20:24,192.90,efectivo
13939,766,2,2025-02-27 09:27:28,57.95,efectivo
13940,41,1,2025-02-27 09:28:59,52.00,efectivo
13941,622,7,2025-02-27 09:40:58,118.90,efectivo
13942,671,10,2025-02-27 09:42:06,78.65,tarjeta
13943,402,7,2025-02-27 09:52:22,48.95,tarjeta
13944,586,5,2025-02-27 09:56:09,10.00,efectivo
13945,206,2,2025-02-27 09:57:23,28.95,efectivo
13946,969,3,2025-02-27 09:57:39,22.95,tarjeta
13947,789,10,2025-02-27 10:07:02,36.50,efectivo
13948,926,5,2025-02-27 10:11:38,22.50,tarjeta
13949,468,4,2025-02-27 10:12:01,54.40,efectivo
13950,974,1,2025-02-27 10:13:40,35.00,tarjeta
13951,842,9,2025-02-27 10:17:33,73.00,efectivo
13952,461,1,2025-02-27 10:19:23,10.00,tarjeta
13953,633,3,2025-02-27 10:26:20,26.45,efectivo
13954,180,3,2025-02-27 10:26:51,85.45,efectivo
13955,829,1,2025-02-27 10:31:57,134.00,tarjeta
13956,78,1,2025-02-27 10:38:03,24.50,tarjeta
13957,915,8,2025-02-27 10:40:42,37.50,efectivo
13958,783,7,2025-02-27 10:45:15,27.50,tarjeta
13959,350,4,2025-02-27 10:55:40,50.95,efectivo
13960,911,1,2025-02-27 10:57:15,111.85,tarjeta
13961,570,3,2025-02-27 10:59:08,66.30,efectivo
13962,473,2,2025-02-27 11:14:23,35.95,efectivo
13963,150,1,2025-02-27 11:21:00,124.30,tarjeta
13964,926,1,2025-02-27 11:21:15,132.85,efectivo
13965,243,4,2025-02-27 11:54:02,40.95,tarjeta
13966,949,10,2025-02-27 11:55:19,86.50,efectivo
13967,810,7,2025-02-27 12:05:08,121.35,efectivo
13968,3,4,2025-02-27 12:21:34,68.00,efectivo
13969,332,10,2025-02-27 12:24:20,69.70,tarjeta
13970,699,1,2025-02-27 12:31:50,36.95,tarjeta
13971,339,10,2025-02-27 12:50:03,109.80,tarjeta
13972,546,10,2025-02-27 12:57:23,48.30,efectivo
13973,690,7,2025-02-27 12:58:41,110.85,efectivo
13974,836,5,2025-02-27 13:05:34,156.70,efectivo
13975,883,3,2025-02-27 13:06:09,36.00,tarjeta
13976,27,3,2025-02-27 13:10:03,10.00,tarjeta
13977,937,8,2025-02-27 13:38:25,102.90,efectivo
13978,244,3,2025-02-27 13:38:48,12.35,tarjeta
13979,761,10,2025-02-27 13:40:48,22.00,efectivo
13980,414,7,2025-02-27 13:41:38,55.70,tarjeta
13981,846,3,2025-02-27 13:52:57,168.95,tarjeta
13982,806,2,2025-02-27 14:03:48,120.40,efectivo
13983,556,7,2025-02-27 14:04:37,229.80,efectivo
13984,742,10,2025-02-27 14:13:00,238.55,tarjeta
13985,51,8,2025-02-27 14:39:12,80.45,tarjeta
13986,821,7,2025-02-27 14:43:22,118.40,efectivo
13987,33,9,2025-02-27 15:02:54,48.95,efectivo
13988,675,5,2025-02-27 15:03:03,143.85,efectivo
13989,398,10,2025-02-27 15:07:32,113.75,efectivo
13990,757,4,2025-02-27 15:08:40,53.90,tarjeta
13991,532,6,2025-02-27 15:28:31,147.00,efectivo
13992,692,3,2025-02-27 15:37:26,123.90,tarjeta
13993,328,2,2025-02-27 15:40:38,105.95,efectivo
13994,151,6,2025-02-27 15:42:37,105.20,efectivo
13995,856,6,2025-02-27 15:44:51,131.95,efectivo
13996,331,9,2025-02-27 15:45:52,102.95,efectivo
13997,184,10,2025-02-27 15:46:27,82.40,efectivo
13998,331,1,2025-02-27 15:50:06,66.30,tarjeta
13999,484,7,2025-02-27 15:54:56,190.10,tarjeta
14000,421,3,2025-02-27 16:00:34,91.95,efectivo
14001,290,5,2025-02-27 16:01:19,133.40,efectivo
14002,911,3,2025-02-27 16:21:02,67.90,efectivo
14003,416,7,2025-02-27 16:22:37,51.00,tarjeta
14004,375,1,2025-02-27 16:23:41,16.50,efectivo
14005,824,7,2025-02-27 16:39:28,74.90,tarjeta
14006,876,8,2025-02-27 16:41:44,131.25,tarjeta
14007,205,5,2025-02-27 16:43:07,53.95,tarjeta
14008,514,10,2025-02-27 16:56:24,203.80,tarjeta
14009,607,8,2025-02-27 16:56:30,125.90,tarjeta
14010,688,3,2025-02-27 16:59:08,12.00,efectivo
14011,655,6,2025-02-27 17:02:05,151.30,tarjeta
14012,860,6,2025-02-27 17:12:32,110.85,efectivo
14013,848,10,2025-02-27 17:20:31,116.35,efectivo
14014,278,6,2025-02-27 17:25:40,72.40,tarjeta
14015,904,8,2025-02-27 17:27:46,35.95,tarjeta
14016,612,2,2025-02-27 17:29:22,108.50,tarjeta
14017,835,8,2025-02-27 17:29:41,74.50,efectivo
14018,703,8,2025-02-27 17:32:29,109.25,efectivo
14019,882,1,2025-02-27 17:35:14,127.85,tarjeta
14020,684,5,2025-02-27 17:43:19,19.95,tarjeta
14021,927,3,2025-02-27 17:53:14,112.30,efectivo
14022,418,9,2025-02-27 18:17:16,171.80,efectivo
14023,810,2,2025-02-27 18:21:42,213.60,tarjeta
14024,627,4,2025-02-27 18:25:10,96.45,tarjeta
14025,151,4,2025-02-27 18:28:48,99.95,tarjeta
14026,907,4,2025-02-27 18:30:09,69.90,efectivo
14027,367,2,2025-02-27 18:30:26,102.95,tarjeta
14028,607,6,2025-02-27 18:32:20,155.35,tarjeta
14029,145,1,2025-02-27 18:33:23,24.95,efectivo
14030,390,4,2025-02-27 18:45:44,96.00,tarjeta
14031,662,10,2025-02-27 19:06:03,134.35,efectivo
14032,573,2,2025-02-27 19:08:30,188.35,efectivo
14033,863,1,2025-02-27 19:32:49,28.50,efectivo
14034,961,10,2025-02-27 19:49:07,98.85,tarjeta
14035,622,6,2025-02-27 19:58:09,19.95,efectivo
14036,690,3,2025-02-27 20:05:54,88.50,tarjeta
14037,130,2,2025-02-27 20:08:01,147.45,tarjeta
14038,421,4,2025-02-27 20:19:50,138.65,tarjeta
14039,726,5,2025-02-27 20:28:27,132.65,efectivo
14040,690,2,2025-02-27 20:31:03,100.50,efectivo
14041,738,10,2025-02-27 20:51:31,168.65,efectivo
14042,819,4,2025-02-27 21:18:35,57.00,efectivo
14043,927,6,2025-02-27 21:44:23,45.40,efectivo
14044,701,3,2025-02-27 21:47:37,94.65,tarjeta
14045,994,9,2025-02-27 21:47:45,128.95,tarjeta
14046,248,6,2025-02-27 21:53:56,95.90,efectivo
14047,372,4,2025-02-27 21:55:20,52.00,tarjeta
14048,811,5,2025-02-27 22:01:56,36.00,efectivo
14049,569,8,2025-02-27 22:06:20,10.00,tarjeta
14050,404,4,2025-02-27 22:13:22,66.00,efectivo
14051,738,5,2025-02-28 06:02:23,89.00,efectivo
14052,833,2,2025-02-28 06:03:37,72.40,efectivo
14053,457,1,2025-02-28 06:03:56,36.45,efectivo
14054,177,10,2025-02-28 06:07:03,40.00,tarjeta
14055,818,7,2025-02-28 06:08:13,20.95,efectivo
14056,66,4,2025-02-28 06:11:00,69.30,tarjeta
14057,472,7,2025-02-28 06:12:32,125.45,tarjeta
14058,739,4,2025-02-28 06:13:41,70.30,tarjeta
14059,116,7,2025-02-28 06:24:43,26.95,efectivo
14060,612,7,2025-02-28 06:29:15,172.35,tarjeta
14061,740,6,2025-02-28 06:29:20,36.95,efectivo
14062,29,5,2025-02-28 06:36:12,60.90,tarjeta
14063,250,8,2025-02-28 06:36:14,48.00,efectivo
14064,661,9,2025-02-28 06:37:33,18.00,tarjeta
14065,483,1,2025-02-28 06:38:35,56.45,efectivo
14066,725,10,2025-02-28 06:38:41,36.95,efectivo
14067,257,2,2025-02-28 06:51:27,36.00,tarjeta
14068,27,5,2025-02-28 06:52:11,42.45,efectivo
14069,242,4,2025-02-28 06:54:20,15.50,tarjeta
14070,475,5,2025-02-28 06:58:07,24.50,efectivo
14071,69,3,2025-02-28 06:58:18,12.00,tarjeta
14072,633,10,2025-02-28 07:08:30,69.90,efectivo
14073,359,7,2025-02-28 07:13:27,26.45,efectivo
14074,457,6,2025-02-28 07:14:46,18.00,efectivo
14075,920,7,2025-02-28 07:15:48,73.45,tarjeta
14076,546,6,2025-02-28 07:18:02,165.80,tarjeta
14077,468,10,2025-02-28 07:18:48,60.95,tarjeta
14078,160,2,2025-02-28 07:19:32,10.00,efectivo
14079,872,10,2025-02-28 07:20:59,63.95,efectivo
14080,974,10,2025-02-28 07:23:44,59.90,efectivo
14081,206,7,2025-02-28 07:28:17,0.00,tarjeta
14082,983,4,2025-02-28 07:30:12,37.50,tarjeta
14083,611,2,2025-02-28 07:33:35,51.45,efectivo
14084,281,8,2025-02-28 07:36:21,26.45,efectivo
14085,633,5,2025-02-28 07:39:17,26.45,efectivo
14086,570,4,2025-02-28 07:39:52,142.95,efectivo
14087,867,5,2025-02-28 07:43:39,36.95,tarjeta
14088,749,8,2025-02-28 07:44:08,54.50,tarjeta
14089,964,5,2025-02-28 07:49:52,12.00,tarjeta
14090,781,6,2025-02-28 07:57:19,12.00,tarjeta
14091,760,5,2025-02-28 07:58:20,36.50,tarjeta
14092,329,6,2025-02-28 07:59:55,10.00,efectivo
14093,757,4,2025-02-28 08:01:23,162.50,tarjeta
14094,200,10,2025-02-28 08:02:18,95.95,efectivo
14095,548,3,2025-02-28 08:15:18,63.90,tarjeta
14096,974,1,2025-02-28 08:15:27,26.95,efectivo
14097,597,2,2025-02-28 08:16:42,24.50,tarjeta
14098,652,7,2025-02-28 08:18:09,74.85,tarjeta
14099,9,4,2025-02-28 08:19:10,26.95,tarjeta
14100,714,5,2025-02-28 08:22:58,106.50,tarjeta
14101,744,1,2025-02-28 08:24:02,77.95,efectivo
14102,773,4,2025-02-28 08:24:21,44.00,efectivo
14103,927,7,2025-02-28 08:27:49,114.90,efectivo
14104,614,4,2025-02-28 08:30:03,43.00,efectivo
14105,128,10,2025-02-28 08:31:06,53.00,tarjeta
14106,179,7,2025-02-28 08:31:59,121.90,tarjeta
14107,827,6,2025-02-28 08:38:02,101.90,efectivo
14108,149,4,2025-02-28 08:43:31,12.00,efectivo
14109,796,8,2025-02-28 08:47:19,26.95,tarjeta
14110,755,5,2025-02-28 08:47:32,31.00,tarjeta
14111,242,4,2025-02-28 08:49:24,31.00,tarjeta
14112,839,10,2025-02-28 08:55:25,115.85,efectivo
14113,702,10,2025-02-28 08:57:19,18.95,tarjeta
14114,732,10,2025-02-28 09:00:29,54.00,efectivo
14115,744,1,2025-02-28 09:02:30,20.95,efectivo
14116,633,4,2025-02-28 09:02:33,26.95,efectivo
14117,899,6,2025-02-28 09:02:39,51.45,efectivo
14118,113,5,2025-02-28 09:04:17,56.90,tarjeta
14119,179,6,2025-02-28 09:04:17,189.80,tarjeta
14120,818,6,2025-02-28 09:04:36,36.95,tarjeta
14121,78,7,2025-02-28 09:07:00,55.50,tarjeta
14122,222,8,2025-02-28 09:07:44,77.95,tarjeta
14123,383,9,2025-02-28 09:12:27,48.95,efectivo
14124,548,10,2025-02-28 09:14:04,10.00,efectivo
14125,801,7,2025-02-28 09:14:45,24.50,tarjeta
14126,672,9,2025-02-28 09:17:25,96.40,efectivo
14127,733,7,2025-02-28 09:18:13,84.90,efectivo
14128,739,5,2025-02-28 09:18:42,22.00,efectivo
14129,31,3,2025-02-28 09:21:35,89.95,tarjeta
14130,548,6,2025-02-28 09:29:47,40.00,efectivo
14131,962,8,2025-02-28 09:30:36,31.00,tarjeta
14132,222,2,2025-02-28 09:30:52,24.95,efectivo
14133,953,3,2025-02-28 09:36:09,44.95,tarjeta
14134,505,8,2025-02-28 09:37:08,51.45,tarjeta
14135,967,8,2025-02-28 09:40:21,74.90,tarjeta
14136,777,4,2025-02-28 09:42:52,42.00,tarjeta
14137,878,5,2025-02-28 09:43:43,46.90,efectivo
14138,818,7,2025-02-28 09:51:15,46.50,tarjeta
14139,732,2,2025-02-28 09:52:25,18.00,efectivo
14140,113,5,2025-02-28 09:57:16,98.30,tarjeta
14141,216,2,2025-02-28 09:58:05,31.00,tarjeta
14142,321,3,2025-02-28 10:00:06,35.95,efectivo
14143,763,3,2025-02-28 10:01:33,10.95,efectivo
14144,170,2,2025-02-28 10:04:46,0.00,efectivo
14145,915,5,2025-02-28 10:05:42,36.50,tarjeta
14146,885,8,2025-02-28 10:11:58,31.00,tarjeta
14147,183,4,2025-02-28 10:14:46,10.00,tarjeta
14148,111,8,2025-02-28 10:20:44,96.85,tarjeta
14149,697,6,2025-02-28 10:21:28,56.50,efectivo
14150,739,6,2025-02-28 10:23:59,31.00,efectivo
14151,767,6,2025-02-28 10:27:04,55.50,tarjeta
14152,428,1,2025-02-28 10:31:52,12.00,efectivo
14153,24,2,2025-02-28 10:34:32,78.50,tarjeta
14154,475,8,2025-02-28 10:38:38,24.50,efectivo
14155,923,1,2025-02-28 10:39:00,51.45,efectivo
14156,368,2,2025-02-28 10:39:50,51.50,efectivo
14157,526,8,2025-02-28 10:45:28,22.50,efectivo
14158,964,2,2025-02-28 10:45:41,42.45,efectivo
14159,392,9,2025-02-28 10:45:49,49.85,efectivo
14160,739,3,2025-02-28 10:47:57,73.40,efectivo
14161,98,6,2025-02-28 10:51:09,31.00,efectivo
14162,630,6,2025-02-28 10:52:56,22.00,efectivo
14163,885,6,2025-02-28 10:54:05,10.95,efectivo
14164,49,1,2025-02-28 11:02:10,48.80,efectivo
14165,50,5,2025-02-28 11:50:35,24.00,efectivo
14166,780,9,2025-02-28 11:53:13,0.00,tarjeta
14167,826,8,2025-02-28 11:53:57,159.35,efectivo
14168,464,2,2025-02-28 11:57:21,61.50,tarjeta
14169,499,8,2025-02-28 12:04:52,66.45,efectivo
14170,556,2,2025-02-28 12:08:07,75.00,tarjeta
14171,598,2,2025-02-28 12:39:08,92.00,efectivo
14172,525,10,2025-02-28 12:39:25,74.85,efectivo
14173,655,7,2025-02-28 12:48:32,64.50,efectivo
14174,757,7,2025-02-28 12:58:08,50.00,efectivo
14175,860,3,2025-02-28 13:10:06,120.40,tarjeta
14176,956,1,2025-02-28 13:15:42,144.90,tarjeta
14177,681,9,2025-02-28 13:21:23,129.45,efectivo
14178,235,8,2025-02-28 13:26:10,15.50,efectivo
14179,418,5,2025-02-28 13:33:03,112.45,efectivo
14180,157,6,2025-02-28 13:35:20,42.95,efectivo
14181,268,6,2025-02-28 14:15:16,135.90,efectivo
14182,472,6,2025-02-28 14:22:39,95.60,tarjeta
14183,692,6,2025-02-28 14:33:30,120.80,tarjeta
14184,179,2,2025-02-28 14:33:55,73.90,tarjeta
14185,809,1,2025-02-28 14:45:06,108.90,tarjeta
14186,590,10,2025-02-28 14:54:18,56.50,efectivo
14187,945,5,2025-02-28 15:01:27,110.85,tarjeta
14188,892,3,2025-02-28 15:04:00,78.95,efectivo
14189,634,5,2025-02-28 15:05:27,127.00,efectivo
14190,829,4,2025-02-28 15:14:33,130.50,efectivo
14191,965,9,2025-02-28 15:28:19,27.95,efectivo
14192,887,1,2025-02-28 16:00:23,226.95,tarjeta
14193,243,9,2025-02-28 16:02:48,100.00,efectivo
14194,404,9,2025-02-28 16:14:00,38.00,tarjeta
14195,283,5,2025-02-28 16:21:46,49.90,tarjeta
14196,500,10,2025-02-28 16:49:57,68.90,efectivo
14197,79,9,2025-02-28 16:58:01,50.50,tarjeta
14198,733,4,2025-02-28 16:58:14,93.90,efectivo
14199,879,4,2025-02-28 17:23:44,51.25,efectivo
14200,977,5,2025-02-28 17:26:32,119.50,efectivo
14201,65,3,2025-02-28 17:27:48,139.40,tarjeta
14202,243,10,2025-02-28 17:34:45,163.80,efectivo
14203,180,2,2025-02-28 17:37:46,118.40,tarjeta
14204,977,2,2025-02-28 17:38:10,71.60,efectivo
14205,283,2,2025-02-28 17:39:10,55.70,tarjeta
14206,931,6,2025-02-28 17:41:03,125.85,tarjeta
14207,492,6,2025-02-28 17:41:16,12.35,tarjeta
14208,391,8,2025-02-28 17:42:37,73.00,tarjeta
14209,919,8,2025-02-28 17:48:10,87.90,efectivo
14210,81,5,2025-02-28 17:56:59,117.85,efectivo
14211,382,1,2025-02-28 18:32:15,99.95,efectivo
14212,687,1,2025-02-28 18:35:46,142.75,tarjeta
14213,429,6,2025-02-28 18:48:48,159.85,efectivo
14214,821,7,2025-02-28 19:12:19,111.00,tarjeta
14215,879,7,2025-02-28 19:14:52,38.90,efectivo
14216,504,5,2025-02-28 19:32:53,30.90,efectivo
14217,283,6,2025-02-28 19:51:23,81.25,efectivo
14218,546,6,2025-02-28 19:52:06,139.85,tarjeta
14219,381,8,2025-02-28 19:57:23,53.45,efectivo
14220,393,8,2025-02-28 20:03:56,169.80,tarjeta
14221,655,5,2025-02-28 20:19:53,82.85,tarjeta
14222,465,8,2025-02-28 20:22:45,49.90,efectivo
14223,368,8,2025-02-28 20:33:32,41.00,tarjeta
14224,701,7,2025-02-28 20:42:28,85.60,tarjeta
14225,870,6,2025-02-28 20:45:44,60.50,efectivo
14226,189,2,2025-02-28 20:52:51,12.00,tarjeta
14227,425,6,2025-02-28 20:57:29,177.20,efectivo
14228,476,8,2025-02-28 20:58:42,174.25,tarjeta
14229,634,7,2025-02-28 21:10:01,60.45,tarjeta
14230,607,6,2025-02-28 21:20:35,99.45,tarjeta
14231,856,4,2025-02-28 21:23:05,76.95,efectivo
14232,672,9,2025-02-28 21:24:45,120.35,tarjeta
14233,561,5,2025-02-28 21:33:57,178.20,tarjeta
14234,430,9,2025-02-28 21:34:15,24.00,tarjeta
14235,697,7,2025-02-28 21:38:14,24.50,efectivo
14236,410,1,2025-02-28 21:47:20,64.50,tarjeta
14237,559,3,2025-02-28 21:48:56,15.50,tarjeta
14238,130,8,2025-02-28 22:01:08,34.00,efectivo
14239,205,3,2025-02-28 22:11:32,174.40,tarjeta
14240,672,9,2025-02-28 22:17:24,52.50,efectivo
14241,381,7,2025-02-28 22:26:33,99.80,tarjeta
14242,323,9,2025-02-28 22:32:59,185.80,tarjeta
14243,234,1,2025-02-28 22:34:01,77.90,efectivo
14244,180,5,2025-02-28 22:42:02,92.00,efectivo
14245,892,6,2025-02-28 22:45:28,175.90,efectivo
14246,640,5,2025-02-28 22:46:58,95.85,efectivo
14247,167,1,2025-02-28 22:47:18,18.00,efectivo
14248,108,6,2025-02-28 22:47:36,44.50,tarjeta
14249,393,7,2025-02-28 22:51:06,108.80,efectivo
14250,506,5,2025-03-01 06:00:16,0.00,tarjeta
14251,766,6,2025-03-01 06:03:17,42.50,tarjeta
14252,573,7,2025-03-01 06:04:39,147.25,tarjeta
14253,533,2,2025-03-01 06:05:08,12.35,tarjeta
14254,767,2,2025-03-01 06:08:09,28.50,efectivo
14255,321,5,2025-03-01 06:11:44,46.50,tarjeta
14256,505,10,2025-03-01 06:12:39,32.00,tarjeta
14257,499,10,2025-03-01 06:12:53,205.30,efectivo
14258,116,1,2025-03-01 06:18:28,24.50,tarjeta
14259,287,4,2025-03-01 06:20:47,240.80,tarjeta
14260,875,4,2025-03-01 06:20:55,84.50,efectivo
14261,281,6,2025-03-01 06:21:19,10.95,tarjeta
14262,650,8,2025-03-01 06:22:27,50.00,tarjeta
14263,885,7,2025-03-01 06:25:05,58.95,efectivo
14264,157,2,2025-03-01 06:26:30,66.50,efectivo
14265,843,4,2025-03-01 06:29:20,32.95,tarjeta
14266,233,4,2025-03-01 06:29:25,46.50,efectivo
14267,151,3,2025-03-01 06:32:26,72.95,efectivo
14268,895,3,2025-03-01 06:35:16,26.95,efectivo
14269,867,6,2025-03-01 06:35:53,37.50,efectivo
14270,944,6,2025-03-01 06:36:36,53.00,efectivo
14271,69,6,2025-03-01 06:37:50,0.00,efectivo
14272,843,7,2025-03-01 06:49:31,31.00,tarjeta
14273,598,6,2025-03-01 06:54:18,133.75,efectivo
14274,222,10,2025-03-01 06:54:56,49.00,efectivo
14275,206,4,2025-03-01 06:56:21,12.00,efectivo
14276,783,7,2025-03-01 06:56:42,0.00,efectivo
14277,151,6,2025-03-01 06:57:23,66.95,tarjeta
14278,715,1,2025-03-01 07:03:11,27.95,tarjeta
14279,793,3,2025-03-01 07:03:17,77.00,tarjeta
14280,755,8,2025-03-01 07:03:23,32.95,tarjeta
14281,650,6,2025-03-01 07:08:58,71.50,tarjeta
14282,655,3,2025-03-01 07:12:14,100.00,tarjeta
14283,33,5,2025-03-01 07:12:42,53.00,efectivo
14284,288,9,2025-03-01 07:13:35,26.95,tarjeta
14285,633,2,2025-03-01 07:22:30,54.45,tarjeta
14286,66,3,2025-03-01 07:27:42,90.95,efectivo
14287,344,10,2025-03-01 07:35:58,39.00,efectivo
14288,605,1,2025-03-01 07:42:09,26.95,tarjeta
14289,923,8,2025-03-01 07:43:00,28.95,efectivo
14290,45,5,2025-03-01 07:43:29,24.50,tarjeta
14291,892,4,2025-03-01 07:48:03,110.80,tarjeta
14292,440,7,2025-03-01 07:55:42,163.30,tarjeta
14293,176,3,2025-03-01 07:56:15,46.50,tarjeta
14294,847,3,2025-03-01 08:01:35,24.50,tarjeta
14295,976,10,2025-03-01 08:01:41,48.95,tarjeta
14296,567,10,2025-03-01 08:07:23,20.95,tarjeta
14297,588,3,2025-03-01 08:12:06,30.90,efectivo
14298,302,8,2025-03-01 08:16:53,22.00,efectivo
14299,374,10,2025-03-01 08:17:30,22.00,tarjeta
14300,196,4,2025-03-01 08:22:21,24.50,tarjeta
14301,79,9,2025-03-01 08:25:35,110.50,efectivo
14302,494,9,2025-03-01 08:29:01,62.00,efectivo
14303,629,8,2025-03-01 08:35:44,82.90,efectivo
14304,103,2,2025-03-01 08:39:02,10.00,efectivo
14305,949,5,2025-03-01 08:39:49,73.90,tarjeta
14306,344,6,2025-03-01 08:45:07,51.95,tarjeta
14307,954,3,2025-03-01 08:48:14,22.95,tarjeta
14308,811,3,2025-03-01 08:49:06,74.45,tarjeta
14309,89,8,2025-03-01 09:08:26,18.00,tarjeta
14310,288,9,2025-03-01 09:08:48,57.95,tarjeta
14311,85,5,2025-03-01 09:17:43,43.00,efectivo
14312,297,7,2025-03-01 09:18:07,67.00,efectivo
14313,856,9,2025-03-01 09:22:51,35.00,tarjeta
14314,789,10,2025-03-01 09:24:24,12.00,efectivo
14315,356,1,2025-03-01 09:30:01,75.45,efectivo
14316,465,10,2025-03-01 09:33:28,113.95,tarjeta
14317,281,4,2025-03-01 09:39:59,51.90,efectivo
14318,368,1,2025-03-01 09:45:46,63.00,tarjeta
14319,41,3,2025-03-01 09:47:35,31.00,efectivo
14320,27,8,2025-03-01 09:52:14,12.00,tarjeta
14321,816,8,2025-03-01 10:01:36,64.90,efectivo
14322,417,10,2025-03-01 10:05:29,57.95,efectivo
14323,584,2,2025-03-01 10:07:58,20.95,efectivo
14324,962,10,2025-03-01 10:19:16,87.45,efectivo
14325,161,5,2025-03-01 10:27:12,12.00,tarjeta
14326,749,1,2025-03-01 10:28:06,31.00,efectivo
14327,641,5,2025-03-01 10:35:28,127.50,efectivo
14328,742,6,2025-03-01 10:37:12,67.95,efectivo
14329,130,10,2025-03-01 10:37:32,36.00,tarjeta
14330,172,9,2025-03-01 10:40:26,45.00,tarjeta
14331,588,5,2025-03-01 10:40:44,37.90,tarjeta
14332,376,7,2025-03-01 10:47:17,22.00,tarjeta
14333,567,2,2025-03-01 10:48:16,63.00,efectivo
14334,105,8,2025-03-01 10:48:28,51.45,tarjeta
14335,490,9,2025-03-01 10:48:30,106.40,tarjeta
14336,74,2,2025-03-01 10:52:37,84.45,tarjeta
14337,572,4,2025-03-01 10:54:17,26.45,tarjeta
14338,95,1,2025-03-01 10:55:15,10.00,tarjeta
14339,692,3,2025-03-01 10:59:26,135.90,tarjeta
14340,150,6,2025-03-01 11:00:50,46.85,tarjeta
14341,283,9,2025-03-01 11:17:20,140.35,efectivo
14342,884,6,2025-03-01 11:44:47,122.35,tarjeta
14343,887,10,2025-03-01 11:58:20,155.45,efectivo
14344,839,8,2025-03-01 12:02:09,133.75,tarjeta
14345,472,8,2025-03-01 12:04:47,53.95,tarjeta
14346,681,8,2025-03-01 12:05:54,95.50,tarjeta
14347,742,2,2025-03-01 12:14:38,120.40,tarjeta
14348,42,9,2025-03-01 12:30:35,26.00,efectivo
14349,840,9,2025-03-01 12:43:21,116.50,tarjeta
14350,50,7,2025-03-01 12:43:51,92.10,efectivo
14351,840,5,2025-03-01 13:07:51,115.85,tarjeta
14352,77,9,2025-03-01 13:10:19,84.50,efectivo
14353,472,7,2025-03-01 13:23:29,74.90,tarjeta
14354,469,5,2025-03-01 13:35:58,42.45,tarjeta
14355,234,6,2025-03-01 13:54:39,48.90,efectivo
14356,449,8,2025-03-01 13:57:45,179.20,efectivo
14357,167,6,2025-03-01 14:05:58,93.40,efectivo
14358,841,5,2025-03-01 14:14:38,53.95,efectivo
14359,840,8,2025-03-01 14:17:11,66.90,efectivo
14360,239,3,2025-03-01 14:22:56,191.65,efectivo
14361,827,2,2025-03-01 14:45:20,99.90,tarjeta
14362,822,3,2025-03-01 14:46:24,46.35,tarjeta
14363,956,6,2025-03-01 14:48:50,58.00,efectivo
14364,926,7,2025-03-01 15:03:02,53.00,tarjeta
14365,283,3,2025-03-01 15:08:11,157.40,tarjeta
14366,937,2,2025-03-01 15:09:10,124.85,tarjeta
14367,687,10,2025-03-01 15:11:38,64.95,tarjeta
14368,550,5,2025-03-01 15:15:48,54.50,efectivo
14369,882,2,2025-03-01 15:20:15,56.90,efectivo
14370,440,8,2025-03-01 15:27:12,135.45,efectivo
14371,399,10,2025-03-01 15:43:19,16.50,tarjeta
14372,989,4,2025-03-01 15:44:27,27.45,efectivo
14373,166,8,2025-03-01 15:45:13,173.85,tarjeta
14374,466,4,2025-03-01 16:23:31,154.00,efectivo
14375,123,6,2025-03-01 16:32:30,61.50,efectivo
14376,129,8,2025-03-01 16:45:57,34.35,tarjeta
14377,426,3,2025-03-01 16:48:59,46.90,tarjeta
14378,101,7,2025-03-01 17:00:39,33.50,tarjeta
14379,671,4,2025-03-01 17:00:46,32.00,efectivo
14380,851,4,2025-03-01 17:01:47,50.00,tarjeta
14381,312,8,2025-03-01 17:02:20,24.95,efectivo
14382,472,6,2025-03-01 17:02:51,35.90,efectivo
14383,675,8,2025-03-01 17:08:09,96.45,tarjeta
14384,994,1,2025-03-01 17:14:59,71.95,efectivo
14385,616,1,2025-03-01 17:25:13,26.95,efectivo
14386,471,3,2025-03-01 17:25:20,174.80,efectivo
14387,395,5,2025-03-01 17:25:24,101.00,efectivo
14388,165,1,2025-03-01 17:27:46,50.00,tarjeta
14389,660,3,2025-03-01 17:28:13,191.50,efectivo
14390,186,8,2025-03-01 17:33:22,82.35,efectivo
14391,433,5,2025-03-01 17:35:00,77.80,efectivo
14392,797,7,2025-03-01 17:35:51,120.90,efectivo
14393,264,9,2025-03-01 17:56:15,167.70,tarjeta
14394,839,5,2025-03-01 18:01:41,79.40,tarjeta
14395,546,6,2025-03-01 18:19:49,159.00,tarjeta
14396,947,7,2025-03-01 18:25:55,10.95,tarjeta
14397,416,9,2025-03-01 18:38:33,161.60,efectivo
14398,626,5,2025-03-01 18:49:21,19.95,efectivo
14399,3,1,2025-03-01 19:08:26,28.35,efectivo
14400,621,2,2025-03-01 19:11:36,15.50,efectivo
14401,371,2,2025-03-01 19:51:56,71.95,tarjeta
14402,831,3,2025-03-01 20:00:18,95.80,efectivo
14403,463,10,2025-03-01 20:27:05,47.00,efectivo
14404,598,5,2025-03-01 20:32:14,162.80,efectivo
14405,234,9,2025-03-01 20:35:56,95.40,tarjeta
14406,184,5,2025-03-01 20:36:17,149.45,efectivo
14407,887,8,2025-03-01 21:16:21,108.50,tarjeta
14408,13,4,2025-03-01 21:17:44,20.35,efectivo
14409,750,4,2025-03-01 21:19:30,35.00,tarjeta
14410,742,2,2025-03-01 21:23:19,64.50,tarjeta
14411,24,4,2025-03-01 21:23:38,88.35,tarjeta
14412,826,9,2025-03-01 21:38:57,185.70,efectivo
14413,640,2,2025-03-01 21:47:15,92.90,efectivo
14414,665,6,2025-03-01 22:02:18,47.50,efectivo
14415,223,6,2025-03-01 22:09:06,126.90,efectivo
14416,933,2,2025-03-01 22:26:49,99.95,tarjeta
14417,623,9,2025-03-01 22:42:13,67.45,tarjeta
14418,71,4,2025-03-01 22:50:36,171.00,tarjeta
14419,77,2,2025-03-01 22:55:12,89.45,efectivo
14420,702,6,2025-03-02 06:03:05,12.00,efectivo
14421,507,2,2025-03-02 06:04:57,108.50,efectivo
14422,663,2,2025-03-02 06:05:11,131.45,efectivo
14423,752,1,2025-03-02 06:16:29,128.00,efectivo
14424,562,6,2025-03-02 06:21:35,12.00,tarjeta
14425,103,4,2025-03-02 06:26:52,10.00,tarjeta
14426,245,9,2025-03-02 06:28:35,55.50,efectivo
14427,808,5,2025-03-02 06:29:17,26.95,efectivo
14428,564,10,2025-03-02 06:35:21,57.95,tarjeta
14429,197,8,2025-03-02 06:35:29,42.45,efectivo
14430,367,2,2025-03-02 06:36:38,164.45,efectivo
14431,766,8,2025-03-02 06:37:47,22.35,efectivo
14432,372,8,2025-03-02 06:39:02,151.90,efectivo
14433,208,9,2025-03-02 06:39:13,148.30,efectivo
14434,954,9,2025-03-02 06:42:47,26.95,tarjeta
14435,206,6,2025-03-02 06:44:01,12.00,efectivo
14436,293,10,2025-03-02 06:47:57,62.40,tarjeta
14437,755,5,2025-03-02 06:58:38,43.00,tarjeta
14438,45,3,2025-03-02 07:05:31,31.00,tarjeta
14439,657,5,2025-03-02 07:09:34,36.95,efectivo
14440,113,9,2025-03-02 07:10:54,137.85,tarjeta
14441,794,8,2025-03-02 07:13:00,28.00,efectivo
14442,452,1,2025-03-02 07:16:36,31.00,efectivo
14443,567,2,2025-03-02 07:22:10,15.50,tarjeta
14444,865,9,2025-03-02 07:23:15,79.90,efectivo
14445,200,4,2025-03-02 07:28:56,55.45,tarjeta
14446,666,2,2025-03-02 07:29:01,26.95,efectivo
14447,192,2,2025-03-02 07:29:22,134.95,efectivo
14448,556,3,2025-03-02 07:30:03,62.50,efectivo
14449,200,9,2025-03-02 07:30:04,24.50,efectivo
14450,428,7,2025-03-02 07:33:38,22.50,efectivo
14451,195,6,2025-03-02 07:35:31,58.50,tarjeta
14452,605,3,2025-03-02 07:36:37,31.00,tarjeta
14453,392,7,2025-03-02 07:38:11,53.00,tarjeta
14454,390,4,2025-03-02 07:40:56,88.00,tarjeta
14455,694,6,2025-03-02 07:45:01,56.90,efectivo
14456,250,5,2025-03-02 07:50:29,26.00,efectivo
14457,297,9,2025-03-02 07:55:06,132.40,efectivo
14458,586,5,2025-03-02 08:00:39,45.30,efectivo
14459,691,8,2025-03-02 08:05:27,22.00,efectivo
14460,979,7,2025-03-02 08:06:37,24.95,tarjeta
14461,702,9,2025-03-02 08:08:08,31.00,efectivo
14462,816,7,2025-03-02 08:09:57,49.85,efectivo
14463,953,2,2025-03-02 08:10:46,77.95,tarjeta
14464,370,9,2025-03-02 08:12:18,53.00,tarjeta
14465,858,8,2025-03-02 08:19:04,49.30,tarjeta
14466,428,9,2025-03-02 08:20:09,57.95,tarjeta
14467,714,7,2025-03-02 08:21:27,46.50,efectivo
14468,599,8,2025-03-02 08:24:29,25.50,tarjeta
14469,41,9,2025-03-02 08:26:13,22.00,efectivo
14470,290,9,2025-03-02 08:27:06,66.00,tarjeta
14471,310,7,2025-03-02 08:31:51,54.45,efectivo
14472,915,2,2025-03-02 08:40:33,59.50,tarjeta
14473,831,1,2025-03-02 08:40:47,135.90,tarjeta
14474,293,9,2025-03-02 08:41:16,29.50,tarjeta
14475,789,10,2025-03-02 08:41:32,12.00,tarjeta
14476,289,1,2025-03-02 08:43:26,95.50,tarjeta
14477,972,8,2025-03-02 08:44:43,57.45,efectivo
14478,902,6,2025-03-02 08:48:14,73.45,tarjeta
14479,532,8,2025-03-02 08:49:19,72.90,tarjeta
14480,680,4,2025-03-02 08:49:50,53.00,tarjeta
14481,706,9,2025-03-02 08:50:27,15.50,efectivo
14482,706,2,2025-03-02 08:50:37,22.00,efectivo
14483,176,6,2025-03-02 08:53:00,22.00,efectivo
14484,421,8,2025-03-02 08:53:04,78.00,tarjeta
14485,217,4,2025-03-02 08:53:05,26.95,efectivo
14486,257,2,2025-03-02 08:53:14,46.50,efectivo
14487,749,7,2025-03-02 08:56:47,12.00,efectivo
14488,222,8,2025-03-02 08:57:21,63.45,tarjeta
14489,969,4,2025-03-02 09:02:27,10.95,tarjeta
14490,321,5,2025-03-02 09:03:17,47.45,tarjeta
14491,599,4,2025-03-02 09:07:37,26.95,efectivo
14492,302,7,2025-03-02 09:08:09,55.50,efectivo
14493,2,5,2025-03-02 09:09:03,66.45,efectivo
14494,979,9,2025-03-02 09:10:15,26.95,tarjeta
14495,740,3,2025-03-02 09:20:13,77.50,efectivo
14496,446,4,2025-03-02 09:21:57,31.00,tarjeta
14497,834,6,2025-03-02 09:27:58,116.00,tarjeta
14498,426,8,2025-03-02 09:33:16,128.80,efectivo
14499,321,5,2025-03-02 09:35:51,68.90,tarjeta
14500,322,8,2025-03-02 09:37:53,47.50,efectivo
14501,448,9,2025-03-02 09:39:47,38.95,tarjeta
14502,835,8,2025-03-02 09:40:20,163.80,tarjeta
14503,612,1,2025-03-02 09:40:51,119.90,efectivo
14504,143,1,2025-03-02 09:41:42,56.95,efectivo
14505,458,5,2025-03-02 09:46:20,67.40,efectivo
14506,268,10,2025-03-02 09:47:50,68.65,tarjeta
14507,281,4,2025-03-02 09:53:00,48.95,efectivo
14508,787,6,2025-03-02 09:53:33,88.00,efectivo
14509,848,5,2025-03-02 09:54:05,102.00,efectivo
14510,95,6,2025-03-02 09:57:21,10.95,tarjeta
14511,148,5,2025-03-02 10:00:07,47.50,efectivo
14512,112,10,2025-03-02 10:01:40,37.90,tarjeta
14513,483,2,2025-03-02 10:09:03,32.00,tarjeta
14514,456,6,2025-03-02 10:09:56,48.95,tarjeta
14515,766,3,2025-03-02 10:09:57,12.00,tarjeta
14516,376,9,2025-03-02 10:11:44,12.35,efectivo
14517,74,1,2025-03-02 10:12:22,32.00,tarjeta
14518,677,7,2025-03-02 10:13:43,61.45,efectivo
14519,548,1,2025-03-02 10:16:45,32.00,efectivo
14520,671,1,2025-03-02 10:17:09,82.50,tarjeta
14521,67,7,2025-03-02 10:22:18,166.75,tarjeta
14522,499,3,2025-03-02 10:22:27,100.90,tarjeta
14523,376,8,2025-03-02 10:23:34,48.95,efectivo
14524,245,2,2025-03-02 10:24:10,55.50,efectivo
14525,209,8,2025-03-02 10:29:48,98.35,efectivo
14526,748,3,2025-03-02 10:29:51,10.95,tarjeta
14527,753,6,2025-03-02 10:30:43,12.00,tarjeta
14528,18,4,2025-03-02 10:30:59,68.50,efectivo
14529,664,7,2025-03-02 10:33:27,41.00,tarjeta
14530,389,10,2025-03-02 10:34:29,78.40,tarjeta
14531,363,10,2025-03-02 10:35:27,110.00,efectivo
14532,605,5,2025-03-02 10:38:11,54.50,tarjeta
14533,195,7,2025-03-02 10:43:17,46.50,efectivo
14534,962,5,2025-03-02 10:46:48,36.95,efectivo
14535,692,9,2025-03-02 10:47:03,70.00,tarjeta
14536,329,5,2025-03-02 10:50:19,48.95,efectivo
14537,681,3,2025-03-02 10:50:31,121.90,tarjeta
14538,822,5,2025-03-02 11:06:40,85.90,tarjeta
14539,157,6,2025-03-02 11:10:39,88.95,efectivo
14540,836,8,2025-03-02 11:20:48,140.50,tarjeta
14541,931,4,2025-03-02 11:20:58,60.00,tarjeta
14542,833,2,2025-03-02 11:23:55,170.65,efectivo
14543,694,10,2025-03-02 11:32:22,108.85,tarjeta
14544,173,5,2025-03-02 11:33:08,40.50,efectivo
14545,476,6,2025-03-02 12:10:57,100.55,efectivo
14546,66,2,2025-03-02 12:13:21,53.95,tarjeta
14547,660,6,2025-03-02 12:14:36,79.90,efectivo
14548,391,6,2025-03-02 12:15:31,229.25,tarjeta
14549,561,7,2025-03-02 12:18:28,52.95,tarjeta
14550,391,10,2025-03-02 12:25:18,175.80,tarjeta
14551,614,5,2025-03-02 12:29:28,57.95,tarjeta
14552,866,9,2025-03-02 12:31:51,32.00,tarjeta
14553,499,10,2025-03-02 12:37:28,118.90,tarjeta
14554,382,8,2025-03-02 12:47:22,38.90,tarjeta
14555,465,4,2025-03-02 12:50:18,76.85,tarjeta
14556,339,8,2025-03-02 12:52:19,38.90,efectivo
14557,612,6,2025-03-02 12:56:57,117.00,tarjeta
14558,42,3,2025-03-02 12:59:23,22.50,tarjeta
14559,323,8,2025-03-02 13:03:01,128.80,tarjeta
14560,278,8,2025-03-02 13:03:16,118.95,tarjeta
14561,704,2,2025-03-02 13:30:26,70.00,efectivo
14562,715,5,2025-03-02 13:47:37,164.10,tarjeta
14563,653,2,2025-03-02 13:58:10,134.95,efectivo
14564,829,2,2025-03-02 14:08:37,156.00,tarjeta
14565,799,7,2025-03-02 14:14:35,12.35,tarjeta
14566,76,5,2025-03-02 14:18:19,94.40,efectivo
14567,832,9,2025-03-02 14:32:54,239.95,tarjeta
14568,886,5,2025-03-02 14:42:24,35.95,tarjeta
14569,690,8,2025-03-02 14:42:47,153.50,efectivo
14570,76,10,2025-03-02 14:45:30,104.45,tarjeta
14571,395,1,2025-03-02 14:49:09,215.65,efectivo
14572,844,10,2025-03-02 15:02:08,12.35,tarjeta
14573,328,3,2025-03-02 15:08:28,64.45,efectivo
14574,501,4,2025-03-02 15:13:31,107.85,tarjeta
14575,507,4,2025-03-02 15:14:29,46.90,tarjeta
14576,741,3,2025-03-02 15:26:09,38.90,tarjeta
14577,209,4,2025-03-02 15:37:27,28.85,efectivo
14578,484,8,2025-03-02 15:44:41,79.00,tarjeta
14579,404,8,2025-03-02 15:58:01,59.00,tarjeta
14580,874,8,2025-03-02 16:08:39,36.45,tarjeta
14581,956,9,2025-03-02 16:13:58,80.00,tarjeta
14582,42,8,2025-03-02 16:16:40,124.90,tarjeta
14583,50,10,2025-03-02 16:20:59,35.00,tarjeta
14584,179,2,2025-03-02 16:28:07,61.35,efectivo
14585,607,3,2025-03-02 16:32:37,51.45,tarjeta
14586,24,8,2025-03-02 16:36:24,67.00,efectivo
14587,848,7,2025-03-02 16:38:56,87.90,efectivo
14588,919,1,2025-03-02 16:47:26,78.45,tarjeta
14589,243,1,2025-03-02 16:47:27,16.00,efectivo
14590,573,3,2025-03-02 16:49:30,92.95,efectivo
14591,440,5,2025-03-02 16:49:34,152.45,efectivo
14592,310,7,2025-03-02 16:56:47,90.50,efectivo
14593,199,5,2025-03-02 17:00:03,33.45,tarjeta
14594,729,7,2025-03-02 17:10:00,82.45,efectivo
14595,833,8,2025-03-02 17:31:30,178.95,efectivo
14596,849,4,2025-03-02 17:41:29,104.45,tarjeta
14597,608,3,2025-03-02 17:44:01,35.95,tarjeta
14598,266,9,2025-03-02 17:45:58,18.00,tarjeta
14599,522,6,2025-03-02 17:46:53,174.80,efectivo
14600,24,2,2025-03-02 17:47:20,93.00,efectivo
14601,887,8,2025-03-02 17:50:08,96.80,efectivo
14602,429,8,2025-03-02 17:53:30,110.80,efectivo
14603,928,4,2025-03-02 17:56:57,24.95,tarjeta
14604,919,8,2025-03-02 18:39:48,112.80,tarjeta
14605,339,3,2025-03-02 18:49:45,114.90,efectivo
14606,959,3,2025-03-02 19:02:09,167.85,tarjeta
14607,902,8,2025-03-02 19:05:24,36.50,tarjeta
14608,876,6,2025-03-02 19:09:18,76.95,efectivo
14609,701,8,2025-03-02 19:11:53,195.95,tarjeta
14610,836,4,2025-03-02 19:35:46,123.90,efectivo
14611,607,2,2025-03-02 19:39:25,88.85,efectivo
14612,556,2,2025-03-02 19:53:18,176.00,efectivo
14613,528,1,2025-03-02 20:16:44,56.90,efectivo
14614,168,10,2025-03-02 20:19:01,182.90,tarjeta
14615,590,6,2025-03-02 20:56:53,174.30,efectivo
14616,600,8,2025-03-02 21:12:57,26.00,tarjeta
14617,363,4,2025-03-02 21:21:01,78.00,efectivo
14618,925,7,2025-03-02 21:25:39,93.35,efectivo
14619,958,9,2025-03-02 21:33:02,48.45,tarjeta
14620,279,2,2025-03-02 21:50:14,83.00,tarjeta
14621,420,7,2025-03-02 22:07:22,63.50,efectivo
14622,841,5,2025-03-02 22:29:14,132.40,efectivo
14623,385,6,2025-03-02 22:44:21,90.50,tarjeta
14624,641,10,2025-03-02 22:44:41,149.85,tarjeta
14625,827,8,2025-03-02 22:46:36,149.80,efectivo
14626,840,10,2025-03-02 22:57:06,38.90,efectivo
14627,679,4,2025-03-02 22:59:18,38.90,tarjeta
14628,76,2,2025-03-03 06:02:04,77.95,efectivo
14629,78,4,2025-03-03 06:03:51,46.50,efectivo
14630,187,6,2025-03-03 06:07:00,67.95,efectivo
14631,362,1,2025-03-03 06:17:43,61.95,tarjeta
14632,614,8,2025-03-03 06:23:18,53.00,efectivo
14633,414,3,2025-03-03 06:25:26,57.00,tarjeta
14634,490,6,2025-03-03 06:26:29,218.75,efectivo
14635,207,8,2025-03-03 06:27:37,10.00,efectivo
14636,520,7,2025-03-03 06:32:40,54.45,tarjeta
14637,395,3,2025-03-03 06:33:35,52.95,tarjeta
14638,642,8,2025-03-03 06:34:39,132.85,efectivo
14639,572,10,2025-03-03 06:35:56,53.00,efectivo
14640,356,5,2025-03-03 06:39:29,26.45,tarjeta
14641,712,6,2025-03-03 06:43:13,26.95,tarjeta
14642,29,1,2025-03-03 06:49:10,15.50,tarjeta
14643,642,2,2025-03-03 06:53:12,38.90,tarjeta
14644,921,8,2025-03-03 06:53:22,12.00,efectivo
14645,361,10,2025-03-03 06:58:06,77.90,tarjeta
14646,755,8,2025-03-03 06:59:54,15.50,tarjeta
14647,113,2,2025-03-03 07:00:15,223.65,tarjeta
14648,293,7,2025-03-03 07:02:01,26.95,efectivo
14649,506,6,2025-03-03 07:04:03,10.95,efectivo
14650,143,4,2025-03-03 07:10:03,28.95,tarjeta
14651,707,6,2025-03-03 07:12:50,53.00,efectivo
14652,161,6,2025-03-03 07:13:30,26.95,efectivo
14653,847,6,2025-03-03 07:14:56,41.95,tarjeta
14654,209,6,2025-03-03 07:15:39,37.30,efectivo
14655,402,9,2025-03-03 07:15:56,15.50,efectivo
14656,446,8,2025-03-03 07:22:47,60.95,tarjeta
14657,113,4,2025-03-03 07:27:41,99.00,tarjeta
14658,107,3,2025-03-03 07:33:29,128.00,tarjeta
14659,697,4,2025-03-03 07:33:59,47.50,efectivo
14660,517,4,2025-03-03 07:34:07,18.00,tarjeta
14661,962,10,2025-03-03 07:40:32,10.95,efectivo
14662,177,9,2025-03-03 07:40:47,41.95,tarjeta
14663,657,2,2025-03-03 07:43:04,22.00,efectivo
14664,666,6,2025-03-03 07:47:26,10.00,efectivo
14665,774,8,2025-03-03 07:56:41,16.50,tarjeta
14666,196,1,2025-03-03 07:59:16,31.00,tarjeta
14667,120,9,2025-03-03 08:05:07,46.95,tarjeta
14668,927,8,2025-03-03 08:05:25,162.35,tarjeta
14669,714,2,2025-03-03 08:07:46,152.50,efectivo
14670,245,2,2025-03-03 08:10:50,88.00,efectivo
14671,437,7,2025-03-03 08:11:53,34.00,efectivo
14672,660,9,2025-03-03 08:13:00,155.90,efectivo
14673,412,9,2025-03-03 08:13:31,107.40,tarjeta
14674,311,6,2025-03-03 08:18:56,16.50,efectivo
14675,728,8,2025-03-03 08:23:56,24.50,tarjeta
14676,622,3,2025-03-03 08:25:46,152.00,efectivo
14677,314,9,2025-03-03 08:36:07,15.50,efectivo
14678,245,5,2025-03-03 08:40:36,67.95,tarjeta
14679,391,8,2025-03-03 08:48:01,138.25,efectivo
14680,2,2,2025-03-03 08:53:27,104.45,efectivo
14681,599,1,2025-03-03 08:54:02,15.50,tarjeta
14682,544,6,2025-03-03 09:02:09,24.50,tarjeta
14683,89,4,2025-03-03 09:06:34,50.50,efectivo
14684,172,2,2025-03-03 09:06:37,57.95,efectivo
14685,66,8,2025-03-03 09:08:54,73.90,tarjeta
14686,276,2,2025-03-03 09:09:12,36.95,tarjeta
14687,842,6,2025-03-03 09:16:13,26.00,tarjeta
14688,234,9,2025-03-03 09:18:01,54.00,tarjeta
14689,33,8,2025-03-03 09:23:18,20.95,tarjeta
14690,957,4,2025-03-03 09:26:18,46.50,efectivo
14691,120,1,2025-03-03 09:27:58,59.90,efectivo
14692,245,1,2025-03-03 09:28:12,31.00,efectivo
14693,394,2,2025-03-03 09:29:21,15.50,efectivo
14694,987,4,2025-03-03 09:32:56,28.95,tarjeta
14695,379,9,2025-03-03 09:34:45,138.95,efectivo
14696,257,5,2025-03-03 09:35:26,42.50,tarjeta
14697,725,6,2025-03-03 09:35:31,10.95,tarjeta
14698,730,7,2025-03-03 09:43:31,72.40,tarjeta
14699,414,6,2025-03-03 09:58:44,57.00,efectivo
14700,95,9,2025-03-03 10:00:35,0.00,efectivo
14701,368,10,2025-03-03 10:01:32,59.50,efectivo
14702,119,4,2025-03-03 10:04:36,47.50,tarjeta
14703,875,4,2025-03-03 10:05:15,89.05,tarjeta
14704,85,7,2025-03-03 10:07:12,53.95,tarjeta
14705,446,8,2025-03-03 10:10:04,72.95,efectivo
14706,257,1,2025-03-03 10:13:52,22.00,tarjeta
14707,445,6,2025-03-03 10:14:42,34.00,efectivo
14708,650,2,2025-03-03 10:29:58,65.00,efectivo
14709,579,9,2025-03-03 10:32:15,76.95,efectivo
14710,571,10,2025-03-03 10:34:58,26.95,tarjeta
14711,333,4,2025-03-03 10:37:02,67.40,tarjeta
14712,489,3,2025-03-03 10:37:08,61.00,efectivo
14713,377,10,2025-03-03 10:40:33,18.00,tarjeta
14714,133,4,2025-03-03 10:51:24,22.00,tarjeta
14715,553,9,2025-03-03 10:52:34,170.10,tarjeta
14716,964,5,2025-03-03 10:52:55,26.95,tarjeta
14717,548,4,2025-03-03 10:55:59,24.50,efectivo
14718,650,10,2025-03-03 10:56:15,10.95,efectivo
14719,742,6,2025-03-03 10:56:57,54.95,tarjeta
14720,875,8,2025-03-03 11:24:01,164.45,tarjeta
14721,491,8,2025-03-03 11:34:53,20.95,efectivo
14722,367,9,2025-03-03 11:46:06,102.00,tarjeta
14723,167,9,2025-03-03 11:59:03,116.90,efectivo
14724,24,6,2025-03-03 12:00:22,120.90,tarjeta
14725,943,5,2025-03-03 12:30:35,63.50,efectivo
14726,703,8,2025-03-03 12:41:25,197.85,efectivo
14727,429,5,2025-03-03 12:41:59,178.20,efectivo
14728,434,2,2025-03-03 12:42:02,35.90,tarjeta
14729,608,5,2025-03-03 13:03:51,22.35,efectivo
14730,738,5,2025-03-03 13:10:54,54.95,tarjeta
14731,819,2,2025-03-03 13:19:24,75.85,efectivo
14732,632,4,2025-03-03 13:19:49,12.00,tarjeta
14733,668,9,2025-03-03 13:23:13,24.95,tarjeta
14734,268,3,2025-03-03 13:25:17,89.45,tarjeta
14735,454,5,2025-03-03 13:28:43,178.30,efectivo
14736,432,4,2025-03-03 13:33:39,12.00,tarjeta
14737,426,8,2025-03-03 13:34:03,61.45,efectivo
14738,924,1,2025-03-03 13:34:45,234.05,tarjeta
14739,797,5,2025-03-03 13:35:59,65.85,tarjeta
14740,414,8,2025-03-03 13:42:40,101.90,tarjeta
14741,959,1,2025-03-03 13:57:03,71.95,tarjeta
14742,507,4,2025-03-03 13:57:15,88.40,efectivo
14743,514,7,2025-03-03 14:09:19,93.00,tarjeta
14744,301,4,2025-03-03 14:13:54,155.50,efectivo
14745,332,3,2025-03-03 14:16:10,138.95,tarjeta
14746,626,1,2025-03-03 14:45:53,18.00,tarjeta
14747,585,7,2025-03-03 14:54:33,82.00,tarjeta
14748,220,10,2025-03-03 14:59:08,32.30,efectivo
14749,845,7,2025-03-03 15:03:28,53.45,efectivo
14750,994,6,2025-03-03 15:09:34,134.00,tarjeta
14751,37,6,2025-03-03 15:23:58,30.00,efectivo
14752,634,6,2025-03-03 15:24:02,18.00,efectivo
14753,714,9,2025-03-03 15:24:47,188.40,efectivo
14754,158,2,2025-03-03 15:24:48,95.20,tarjeta
14755,703,7,2025-03-03 15:34:34,46.90,tarjeta
14756,339,3,2025-03-03 15:50:43,81.00,tarjeta
14757,485,8,2025-03-03 15:58:17,35.00,efectivo
14758,949,9,2025-03-03 16:07:14,125.25,tarjeta
14759,237,3,2025-03-03 16:11:25,24.50,tarjeta
14760,524,4,2025-03-03 16:15:10,35.00,tarjeta
14761,180,5,2025-03-03 16:15:44,136.85,efectivo
14762,815,5,2025-03-03 16:18:14,71.00,efectivo
14763,882,3,2025-03-03 16:41:13,86.50,efectivo
14764,393,4,2025-03-03 16:46:15,188.00,efectivo
14765,440,2,2025-03-03 17:03:28,120.90,tarjeta
14766,150,3,2025-03-03 17:12:00,59.90,efectivo
14767,186,5,2025-03-03 17:25:59,70.50,efectivo
14768,193,10,2025-03-03 17:31:55,88.00,tarjeta
14769,192,5,2025-03-03 17:36:41,115.75,tarjeta
14770,50,8,2025-03-03 17:48:54,70.90,efectivo
14771,729,2,2025-03-03 17:53:25,61.50,tarjeta
14772,837,9,2025-03-03 17:53:55,75.90,tarjeta
14773,189,1,2025-03-03 17:57:30,84.20,tarjeta
14774,135,3,2025-03-03 18:02:02,88.45,tarjeta
14775,639,5,2025-03-03 18:08:32,15.50,tarjeta
14776,499,2,2025-03-03 18:11:42,110.85,tarjeta
14777,395,2,2025-03-03 18:12:08,105.50,tarjeta
14778,382,8,2025-03-03 18:18:07,115.00,efectivo
14779,55,2,2025-03-03 18:34:35,93.90,efectivo
14780,876,4,2025-03-03 18:45:30,83.45,tarjeta
14781,81,7,2025-03-03 19:07:37,106.50,efectivo
14782,875,9,2025-03-03 19:13:38,35.00,tarjeta
14783,590,9,2025-03-03 19:32:45,51.95,efectivo
14784,348,6,2025-03-03 19:42:53,147.40,efectivo
14785,703,10,2025-03-03 19:59:31,127.00,tarjeta
14786,994,2,2025-03-03 20:03:42,158.85,efectivo
14787,660,2,2025-03-03 20:05:30,122.95,efectivo
14788,551,3,2025-03-03 20:24:00,38.90,tarjeta
14789,896,9,2025-03-03 20:59:43,24.95,tarjeta
14790,840,1,2025-03-03 21:00:07,36.00,efectivo
14791,524,4,2025-03-03 21:03:30,166.70,tarjeta
14792,848,7,2025-03-03 21:03:50,86.50,tarjeta
14793,348,5,2025-03-03 21:17:30,78.95,tarjeta
14794,430,7,2025-03-03 21:26:51,10.95,tarjeta
14795,821,4,2025-03-03 21:31:01,40.95,efectivo
14796,248,3,2025-03-03 21:32:37,63.40,efectivo
14797,532,8,2025-03-03 21:54:56,15.50,tarjeta
14798,832,10,2025-03-03 21:59:37,59.95,tarjeta
14799,879,1,2025-03-03 22:01:43,128.50,efectivo
14800,912,4,2025-03-03 22:04:11,61.00,efectivo
14801,600,8,2025-03-03 22:09:35,64.50,tarjeta
14802,65,2,2025-03-03 22:12:21,28.50,tarjeta
14803,810,8,2025-03-03 22:49:32,53.95,tarjeta
14804,249,5,2025-03-03 22:57:38,8.00,efectivo
14805,939,9,2025-03-03 22:59:56,43.35,efectivo
14806,322,7,2025-03-04 06:02:31,31.00,tarjeta
14807,811,2,2025-03-04 06:02:58,121.80,tarjeta
14808,18,5,2025-03-04 06:08:55,15.50,efectivo
14809,697,2,2025-03-04 06:10:05,47.00,tarjeta
14810,344,1,2025-03-04 06:14:47,31.00,efectivo
14811,3,7,2025-03-04 06:17:47,157.90,tarjeta
14812,339,1,2025-03-04 06:18:08,51.00,tarjeta
14813,584,9,2025-03-04 06:18:21,32.95,efectivo
14814,794,10,2025-03-04 06:18:27,42.45,efectivo
14815,350,6,2025-03-04 06:18:37,24.50,tarjeta
14816,652,9,2025-03-04 06:22:37,51.45,tarjeta
14817,257,4,2025-03-04 06:22:52,20.00,efectivo
14818,315,10,2025-03-04 06:27:36,48.95,tarjeta
14819,957,9,2025-03-04 06:32:38,43.00,efectivo
14820,572,1,2025-03-04 06:32:55,12.00,efectivo
14821,917,1,2025-03-04 06:34:38,24.50,tarjeta
14822,902,7,2025-03-04 06:35:43,24.50,tarjeta
14823,899,2,2025-03-04 06:40:23,24.50,tarjeta
14824,671,9,2025-03-04 06:42:12,145.80,efectivo
14825,792,3,2025-03-04 06:43:15,45.50,efectivo
14826,781,10,2025-03-04 06:45:55,46.50,tarjeta
14827,157,6,2025-03-04 06:46:12,48.30,efectivo
14828,573,1,2025-03-04 06:53:11,49.90,efectivo
14829,120,10,2025-03-04 06:58:23,43.00,tarjeta
14830,245,4,2025-03-04 06:59:12,38.95,tarjeta
14831,314,3,2025-03-04 07:00:24,45.45,efectivo
14832,697,9,2025-03-04 07:03:34,24.50,tarjeta
14833,923,3,2025-03-04 07:04:20,22.00,tarjeta
14834,630,2,2025-03-04 07:05:04,12.00,tarjeta
14835,867,3,2025-03-04 07:17:32,24.50,tarjeta
14836,105,9,2025-03-04 07:20:21,26.95,efectivo
14837,680,4,2025-03-04 07:24:27,61.95,tarjeta
14838,642,10,2025-03-04 07:25:06,81.50,efectivo
14839,350,5,2025-03-04 07:25:51,44.50,tarjeta
14840,415,5,2025-03-04 07:36:22,51.45,efectivo
14841,585,2,2025-03-04 07:37:05,0.00,tarjeta
14842,170,3,2025-03-04 07:37:32,47.00,efectivo
14843,573,10,2025-03-04 07:37:37,57.50,efectivo
14844,726,1,2025-03-04 07:38:54,160.90,efectivo
14845,332,5,2025-03-04 07:42:25,56.90,efectivo
14846,766,6,2025-03-04 07:52:37,29.50,efectivo
14847,885,6,2025-03-04 08:06:08,10.00,tarjeta
14848,321,3,2025-03-04 08:07:15,92.45,tarjeta
14849,111,1,2025-03-04 08:08:12,71.95,efectivo
14850,74,6,2025-03-04 08:11:41,16.50,efectivo
14851,803,10,2025-03-04 08:19:25,31.00,efectivo
14852,657,2,2025-03-04 08:20:50,26.45,tarjeta
14853,74,2,2025-03-04 08:20:58,32.00,efectivo
14854,744,7,2025-03-04 08:24:19,40.95,tarjeta
14855,712,5,2025-03-04 08:28:18,57.95,efectivo
14856,885,9,2025-03-04 08:28:34,58.95,efectivo
14857,595,10,2025-03-04 08:29:30,31.00,tarjeta
14858,836,2,2025-03-04 08:31:45,63.95,tarjeta
14859,757,8,2025-03-04 08:32:37,124.15,tarjeta
14860,899,3,2025-03-04 08:32:50,26.45,tarjeta
14861,794,8,2025-03-04 08:39:32,50.45,tarjeta
14862,760,5,2025-03-04 08:42:34,0.00,tarjeta
14863,197,6,2025-03-04 08:45:38,26.95,tarjeta
14864,765,6,2025-03-04 08:45:43,26.95,efectivo
14865,763,2,2025-03-04 08:54:25,31.00,efectivo
14866,460,7,2025-03-04 08:59:59,43.45,tarjeta
14867,664,5,2025-03-04 09:01:11,49.00,efectivo
14868,923,6,2025-03-04 09:04:52,15.50,tarjeta
14869,773,3,2025-03-04 09:05:32,8.00,efectivo
14870,302,5,2025-03-04 09:06:46,59.50,efectivo
14871,457,3,2025-03-04 09:11:39,55.50,tarjeta
14872,572,1,2025-03-04 09:16:02,66.00,efectivo
14873,377,10,2025-03-04 09:16:03,22.00,tarjeta
14874,839,8,2025-03-04 09:19:36,84.95,efectivo
14875,383,10,2025-03-04 09:24:36,82.45,tarjeta
14876,370,9,2025-03-04 09:26:07,77.50,tarjeta
14877,949,5,2025-03-04 09:27:32,38.90,tarjeta
14878,664,1,2025-03-04 09:31:12,46.50,efectivo
14879,410,7,2025-03-04 09:32:59,95.50,tarjeta
14880,983,5,2025-03-04 09:33:02,80.50,efectivo
14881,702,4,2025-03-04 09:33:40,22.00,efectivo
14882,281,5,2025-03-04 09:34:06,26.95,efectivo
14883,605,2,2025-03-04 09:44:43,32.95,efectivo
14884,976,2,2025-03-04 09:44:46,66.95,tarjeta
14885,27,7,2025-03-04 09:48:13,27.50,tarjeta
14886,457,1,2025-03-04 09:53:16,27.85,efectivo
14887,995,9,2025-03-04 09:56:07,60.45,efectivo
14888,421,2,2025-03-04 09:57:46,127.35,tarjeta
14889,584,10,2025-03-04 10:00:54,51.45,tarjeta
14890,151,10,2025-03-04 10:12:20,155.90,tarjeta
14891,767,1,2025-03-04 10:14:56,24.50,tarjeta
14892,622,8,2025-03-04 10:17:25,63.95,tarjeta
14893,755,6,2025-03-04 10:18:45,22.00,tarjeta
14894,595,10,2025-03-04 10:21:45,44.00,tarjeta
14895,546,10,2025-03-04 10:25:05,109.80,efectivo
14896,33,10,2025-03-04 10:27:33,53.00,tarjeta
14897,376,8,2025-03-04 10:30:24,62.90,tarjeta
14898,104,1,2025-03-04 10:32:47,112.85,efectivo
14899,513,7,2025-03-04 10:37:57,22.95,tarjeta
14900,548,10,2025-03-04 10:38:37,33.45,tarjeta
14901,701,10,2025-03-04 10:41:21,63.95,efectivo
14902,733,8,2025-03-04 10:47:18,35.00,efectivo
14903,510,1,2025-03-04 10:48:55,30.90,tarjeta
14904,749,7,2025-03-04 10:50:51,22.00,efectivo
14905,4,10,2025-03-04 11:09:15,61.85,efectivo
14906,924,6,2025-03-04 11:10:59,135.70,tarjeta
14907,398,3,2025-03-04 11:15:22,94.90,efectivo
14908,340,1,2025-03-04 11:33:03,48.50,tarjeta
14909,393,8,2025-03-04 12:03:01,42.95,efectivo
14910,473,4,2025-03-04 12:11:45,222.70,tarjeta
14911,573,3,2025-03-04 12:28:02,171.00,tarjeta
14912,771,9,2025-03-04 12:33:46,136.80,efectivo
14913,887,3,2025-03-04 12:39:45,77.80,tarjeta
14914,373,5,2025-03-04 13:02:18,26.00,tarjeta
14915,523,1,2025-03-04 13:11:22,57.95,efectivo
14916,404,2,2025-03-04 13:19:05,63.50,tarjeta
14917,834,3,2025-03-04 13:47:36,46.50,efectivo
14918,458,9,2025-03-04 13:49:52,58.00,efectivo
14919,451,6,2025-03-04 13:51:19,112.90,efectivo
14920,389,1,2025-03-04 13:55:51,159.50,efectivo
14921,698,9,2025-03-04 13:57:25,52.35,tarjeta
14922,825,4,2025-03-04 13:59:57,58.00,tarjeta
14923,640,3,2025-03-04 14:13:51,106.00,tarjeta
14924,723,10,2025-03-04 14:22:25,76.50,tarjeta
14925,77,3,2025-03-04 14:29:42,62.00,tarjeta
14926,243,6,2025-03-04 14:38:04,75.00,efectivo
14927,50,3,2025-03-04 14:43:17,85.40,efectivo
14928,627,7,2025-03-04 14:53:58,70.95,tarjeta
14929,887,2,2025-03-04 14:58:08,85.80,tarjeta
14930,619,1,2025-03-04 15:10:09,97.90,efectivo
14931,150,5,2025-03-04 15:13:08,89.95,tarjeta
14932,641,8,2025-03-04 15:15:15,119.50,efectivo
14933,66,7,2025-03-04 15:25:43,131.90,efectivo
14934,919,2,2025-03-04 15:37:12,92.85,efectivo
14935,490,5,2025-03-04 15:37:20,119.90,tarjeta
14936,655,3,2025-03-04 15:47:44,170.95,efectivo
14937,301,4,2025-03-04 15:48:00,28.50,tarjeta
14938,729,9,2025-03-04 16:08:40,138.70,tarjeta
14939,653,10,2025-03-04 16:32:08,22.00,efectivo
14940,892,6,2025-03-04 16:35:45,75.95,tarjeta
14941,661,6,2025-03-04 16:38:32,178.20,tarjeta
14942,66,7,2025-03-04 16:39:37,59.30,efectivo
14943,440,2,2025-03-04 16:41:46,122.95,efectivo
14944,94,10,2025-03-04 16:43:03,19.95,tarjeta
14945,956,9,2025-03-04 16:47:08,152.65,efectivo
14946,556,8,2025-03-04 16:50:27,131.80,tarjeta
14947,205,1,2025-03-04 16:50:45,42.00,tarjeta
14948,367,5,2025-03-04 17:03:50,52.80,efectivo
14949,811,7,2025-03-04 17:11:17,16.00,tarjeta
14950,805,1,2025-03-04 17:17:58,29.50,tarjeta
14951,239,2,2025-03-04 17:29:32,135.45,efectivo
14952,661,7,2025-03-04 17:39:07,174.80,efectivo
14953,416,8,2025-03-04 17:42:48,134.95,efectivo
14954,905,4,2025-03-04 17:48:47,95.50,efectivo
14955,175,4,2025-03-04 17:55:43,60.00,efectivo
14956,47,9,2025-03-04 18:15:34,18.00,tarjeta
14957,995,4,2025-03-04 18:16:32,131.50,tarjeta
14958,283,7,2025-03-04 18:25:58,94.70,tarjeta
14959,234,9,2025-03-04 18:28:21,105.90,efectivo
14960,240,2,2025-03-04 18:40:07,75.45,tarjeta
14961,965,10,2025-03-04 18:42:23,128.45,tarjeta
14962,994,7,2025-03-04 18:45:33,86.00,tarjeta
14963,372,4,2025-03-04 18:45:53,83.35,tarjeta
14964,933,9,2025-03-04 18:53:16,79.90,tarjeta
14965,715,5,2025-03-04 18:55:51,81.50,tarjeta
14966,109,8,2025-03-04 19:21:11,81.95,efectivo
14967,898,10,2025-03-04 19:37:56,51.25,efectivo
14968,333,3,2025-03-04 19:47:11,96.80,efectivo
14969,996,6,2025-03-04 19:59:05,50.00,efectivo
14970,865,6,2025-03-04 20:02:59,130.80,tarjeta
14971,550,5,2025-03-04 20:09:39,111.30,tarjeta
14972,318,4,2025-03-04 20:12:19,18.00,efectivo
14973,208,1,2025-03-04 20:17:02,102.30,efectivo
14974,694,10,2025-03-04 20:21:30,58.85,efectivo
14975,607,5,2025-03-04 20:22:30,123.80,efectivo
14976,619,10,2025-03-04 20:27:20,103.40,efectivo
14977,511,5,2025-03-04 21:21:47,135.85,tarjeta
14978,522,10,2025-03-04 21:25:51,88.35,tarjeta
14979,151,3,2025-03-04 21:26:23,242.20,tarjeta
14980,826,10,2025-03-04 21:49:51,85.90,tarjeta
14981,720,3,2025-03-04 22:01:55,46.95,tarjeta
14982,33,7,2025-03-04 22:05:12,37.90,efectivo
14983,192,3,2025-03-04 22:07:04,178.80,efectivo
14984,458,10,2025-03-04 22:12:04,85.00,tarjeta
14985,546,4,2025-03-04 22:24:28,112.30,tarjeta
14986,659,7,2025-03-04 22:32:26,176.45,tarjeta
14987,189,1,2025-03-04 22:43:15,90.50,tarjeta
14988,486,10,2025-03-04 22:46:31,12.35,tarjeta
14989,248,3,2025-03-04 22:54:06,70.40,tarjeta
14990,597,1,2025-03-05 06:00:01,58.95,tarjeta
14991,356,8,2025-03-05 06:06:50,26.45,efectivo
14992,437,6,2025-03-05 06:11:08,66.90,tarjeta
14993,846,8,2025-03-05 06:12:40,53.00,efectivo
14994,270,4,2025-03-05 06:20:00,48.95,tarjeta
14995,189,6,2025-03-05 06:25:14,71.90,tarjeta
14996,406,9,2025-03-05 06:26:16,22.00,efectivo
14997,544,5,2025-03-05 06:28:33,34.95,tarjeta
14998,599,7,2025-03-05 06:30:36,51.45,tarjeta
14999,184,3,2025-03-05 06:32:57,124.00,tarjeta
15000,417,8,2025-03-05 06:39:08,24.50,tarjeta
15001,895,6,2025-03-05 06:45:33,57.00,efectivo
15002,927,10,2025-03-05 06:47:15,120.40,tarjeta
15003,920,9,2025-03-05 06:55:44,65.50,efectivo
15004,846,2,2025-03-05 06:56:31,146.50,tarjeta
15005,765,5,2025-03-05 07:02:41,26.95,tarjeta
15006,85,1,2025-03-05 07:03:32,26.95,tarjeta
15007,773,10,2025-03-05 07:05:54,34.50,efectivo
15008,313,4,2025-03-05 07:13:21,56.50,tarjeta
15009,158,5,2025-03-05 07:15:51,32.00,tarjeta
15010,568,7,2025-03-05 07:19:23,38.00,efectivo
15011,818,4,2025-03-05 07:28:00,29.50,tarjeta
15012,183,8,2025-03-05 07:28:21,50.90,efectivo
15013,740,4,2025-03-05 07:34:06,18.00,tarjeta
15014,691,7,2025-03-05 07:41:41,41.00,tarjeta
15015,818,3,2025-03-05 07:42:45,26.00,efectivo
15016,376,8,2025-03-05 07:42:48,48.95,efectivo
15017,481,3,2025-03-05 07:46:51,40.00,efectivo
15018,161,1,2025-03-05 07:47:31,24.50,efectivo
15019,71,7,2025-03-05 07:49:31,115.00,efectivo
15020,513,9,2025-03-05 07:51:14,53.00,tarjeta
15021,995,2,2025-03-05 07:51:19,72.90,efectivo
15022,892,3,2025-03-05 07:52:02,161.30,tarjeta
15023,606,7,2025-03-05 08:07:50,12.35,tarjeta
15024,755,7,2025-03-05 08:09:27,56.90,efectivo
15025,161,4,2025-03-05 08:12:39,62.40,tarjeta
15026,207,2,2025-03-05 08:12:44,87.45,tarjeta
15027,113,2,2025-03-05 08:18:07,66.00,efectivo
15028,45,7,2025-03-05 08:21:41,24.50,tarjeta
15029,283,1,2025-03-05 08:25:49,83.80,efectivo
15030,808,7,2025-03-05 08:28:21,20.95,efectivo
15031,460,9,2025-03-05 08:28:29,50.95,tarjeta
15032,689,9,2025-03-05 08:35:51,44.00,efectivo
15033,605,9,2025-03-05 08:38:05,49.45,efectivo
15034,379,10,2025-03-05 08:43:36,128.80,tarjeta
15035,803,10,2025-03-05 08:43:55,47.00,efectivo
15036,915,7,2025-03-05 08:44:08,10.95,tarjeta
15037,773,3,2025-03-05 08:51:17,24.50,tarjeta
15038,571,3,2025-03-05 08:55:16,34.00,efectivo
15039,606,4,2025-03-05 08:56:54,40.00,efectivo
15040,297,4,2025-03-05 08:59:57,100.90,efectivo
15041,520,1,2025-03-05 08:59:58,82.90,efectivo
15042,773,1,2025-03-05 09:00:21,10.95,tarjeta
15043,93,4,2025-03-05 09:01:52,15.50,efectivo
15044,189,8,2025-03-05 09:02:12,150.75,tarjeta
15045,257,7,2025-03-05 09:04:02,55.50,tarjeta
15046,573,10,2025-03-05 09:07:36,32.00,tarjeta
15047,109,9,2025-03-05 09:10:38,124.30,efectivo
15048,65,4,2025-03-05 09:15:11,35.00,efectivo
15049,533,2,2025-03-05 09:17:36,57.00,tarjeta
15050,379,7,2025-03-05 09:18:01,90.50,tarjeta
15051,167,7,2025-03-05 09:24:59,40.00,tarjeta
15052,974,6,2025-03-05 09:36:29,62.50,efectivo
15053,842,3,2025-03-05 09:38:39,24.50,tarjeta
15054,394,10,2025-03-05 09:39:26,68.50,tarjeta
15055,890,9,2025-03-05 09:39:51,10.95,tarjeta
15056,742,4,2025-03-05 09:42:30,151.90,efectivo
15057,954,5,2025-03-05 09:43:50,22.00,tarjeta
15058,962,1,2025-03-05 09:45:02,12.00,tarjeta
15059,177,8,2025-03-05 09:49:17,27.50,efectivo
15060,452,8,2025-03-05 10:04:51,12.00,tarjeta
15061,902,1,2025-03-05 10:05:39,110.40,efectivo
15062,128,10,2025-03-05 10:06:23,22.00,tarjeta
15063,152,3,2025-03-05 10:08:38,64.50,efectivo
15064,348,10,2025-03-05 10:08:47,63.00,efectivo
15065,317,7,2025-03-05 10:10:21,49.50,efectivo
15066,834,5,2025-03-05 10:14:13,42.50,efectivo
15067,607,8,2025-03-05 10:19:13,113.60,tarjeta
15068,677,5,2025-03-05 10:19:44,24.50,tarjeta
15069,873,7,2025-03-05 10:20:14,49.00,efectivo
15070,292,4,2025-03-05 10:21:40,94.40,efectivo
15071,270,7,2025-03-05 10:23:21,46.95,efectivo
15072,962,6,2025-03-05 10:28:17,15.50,efectivo
15073,783,3,2025-03-05 10:30:05,26.95,tarjeta
15074,476,4,2025-03-05 10:30:18,127.95,efectivo
15075,548,8,2025-03-05 10:32:54,20.95,efectivo
15076,295,1,2025-03-05 10:33:34,49.90,efectivo
15077,402,7,2025-03-05 10:36:22,26.95,tarjeta
15078,437,3,2025-03-05 10:38:20,26.95,efectivo
15079,738,6,2025-03-05 10:42:26,105.85,tarjeta
15080,753,7,2025-03-05 10:48:18,22.00,tarjeta
15081,145,2,2025-03-05 10:56:30,55.00,tarjeta
15082,64,4,2025-03-05 10:57:33,22.00,efectivo
15083,356,6,2025-03-05 10:59:50,40.00,efectivo
15084,187,10,2025-03-05 11:09:38,123.25,efectivo
15085,752,1,2025-03-05 11:13:41,73.95,tarjeta
15086,277,2,2025-03-05 11:16:59,35.00,tarjeta
15087,239,5,2025-03-05 11:18:20,81.50,efectivo
15088,893,8,2025-03-05 11:29:36,34.00,efectivo
15089,994,5,2025-03-05 11:57:05,85.80,efectivo
15090,179,10,2025-03-05 11:57:11,110.35,tarjeta
15091,189,2,2025-03-05 12:05:44,130.50,tarjeta
15092,398,7,2025-03-05 12:05:59,101.90,tarjeta
15093,600,2,2025-03-05 12:13:58,85.30,efectivo
15094,998,6,2025-03-05 12:15:10,32.00,tarjeta
15095,332,1,2025-03-05 12:17:42,107.40,efectivo
15096,331,6,2025-03-05 12:18:22,92.00,efectivo
15097,851,7,2025-03-05 12:18:26,103.35,efectivo
15098,378,10,2025-03-05 12:19:02,112.40,tarjeta
15099,806,5,2025-03-05 12:29:50,70.45,efectivo
15100,430,4,2025-03-05 12:38:07,80.90,efectivo
15101,348,8,2025-03-05 12:38:56,171.35,efectivo
15102,524,5,2025-03-05 12:41:36,145.45,efectivo
15103,809,1,2025-03-05 12:44:36,38.90,efectivo
15104,387,5,2025-03-05 13:06:39,133.90,tarjeta
15105,236,6,2025-03-05 13:12:18,154.80,tarjeta
15106,208,4,2025-03-05 13:25:01,42.95,efectivo
15107,524,5,2025-03-05 13:51:53,71.00,efectivo
15108,713,10,2025-03-05 14:24:01,0.00,tarjeta
15109,663,6,2025-03-05 14:26:18,93.15,efectivo
15110,393,10,2025-03-05 14:31:22,125.90,tarjeta
15111,640,1,2025-03-05 14:31:42,141.45,efectivo
15112,686,3,2025-03-05 14:32:33,106.00,tarjeta
15113,453,7,2025-03-05 15:02:52,127.35,efectivo
15114,301,2,2025-03-05 15:03:00,42.95,efectivo
15115,454,4,2025-03-05 15:08:33,88.90,efectivo
15116,991,1,2025-03-05 15:15:41,35.00,tarjeta
15117,692,6,2025-03-05 15:27:01,117.00,efectivo
15118,654,2,2025-03-05 15:27:06,24.50,tarjeta
15119,724,3,2025-03-05 15:27:51,88.45,tarjeta
15120,465,4,2025-03-05 15:27:59,83.00,tarjeta
15121,287,9,2025-03-05 15:28:50,84.45,tarjeta
15122,192,9,2025-03-05 15:30:19,166.70,tarjeta
15123,937,1,2025-03-05 15:32:00,154.20,tarjeta
15124,194,6,2025-03-05 15:39:31,36.95,tarjeta
15125,965,3,2025-03-05 15:39:56,101.50,efectivo
15126,752,2,2025-03-05 15:51:04,209.80,tarjeta
15127,435,9,2025-03-05 15:55:04,12.00,efectivo
15128,181,3,2025-03-05 15:55:40,36.50,efectivo
15129,927,3,2025-03-05 16:00:29,20.00,tarjeta
15130,826,9,2025-03-05 16:00:58,177.40,tarjeta
15131,367,1,2025-03-05 16:03:38,131.90,efectivo
15132,647,2,2025-03-05 16:03:42,24.95,tarjeta
15133,355,6,2025-03-05 16:05:00,15.50,tarjeta
15134,187,5,2025-03-05 16:21:28,132.50,tarjeta
15135,309,3,2025-03-05 16:24:09,69.30,tarjeta
15136,714,3,2025-03-05 16:28:12,56.90,efectivo
15137,827,3,2025-03-05 16:29:20,148.75,efectivo
15138,107,10,2025-03-05 16:45:57,53.90,efectivo
15139,841,3,2025-03-05 17:02:50,77.80,efectivo
15140,809,2,2025-03-05 17:10:42,165.80,efectivo
15141,339,9,2025-03-05 17:16:54,196.20,tarjeta
15142,476,5,2025-03-05 17:19:27,69.00,efectivo
15143,192,7,2025-03-05 17:31:02,84.45,efectivo
15144,416,3,2025-03-05 17:32:45,85.40,tarjeta
15145,454,10,2025-03-05 17:56:38,78.45,tarjeta
15146,835,3,2025-03-05 17:56:44,75.85,efectivo
15147,613,9,2025-03-05 17:58:59,16.50,tarjeta
15148,984,6,2025-03-05 18:16:30,98.85,efectivo
15149,926,9,2025-03-05 18:29:36,115.35,tarjeta
15150,853,10,2025-03-05 18:43:20,36.00,efectivo
15151,55,2,2025-03-05 18:53:40,71.45,tarjeta
15152,337,10,2025-03-05 19:02:22,63.00,tarjeta
15153,415,8,2025-03-05 19:12:57,77.50,tarjeta
15154,590,10,2025-03-05 19:29:05,69.45,tarjeta
15155,179,8,2025-03-05 19:36:04,53.45,tarjeta
15156,524,2,2025-03-05 19:49:01,96.80,efectivo
15157,539,8,2025-03-05 19:53:35,102.85,tarjeta
15158,279,8,2025-03-05 19:59:36,83.30,tarjeta
15159,458,5,2025-03-05 20:12:45,118.85,tarjeta
15160,634,5,2025-03-05 20:15:19,75.40,efectivo
15161,655,10,2025-03-05 20:15:49,64.00,efectivo
15162,812,10,2025-03-05 20:30:08,19.95,efectivo
15163,927,6,2025-03-05 20:38:51,127.30,tarjeta
15164,111,8,2025-03-05 20:43:11,139.00,efectivo
15165,535,8,2025-03-05 20:52:41,81.50,efectivo
15166,822,2,2025-03-05 20:56:35,35.00,efectivo
15167,849,10,2025-03-05 20:57:47,142.95,efectivo
15168,816,3,2025-03-05 21:12:39,241.70,tarjeta
15169,410,3,2025-03-05 21:14:19,117.00,tarjeta
15170,938,8,2025-03-05 21:48:32,30.90,tarjeta
15171,622,7,2025-03-05 22:12:47,159.90,tarjeta
15172,130,6,2025-03-05 22:34:07,85.85,tarjeta
15173,660,4,2025-03-05 22:42:59,107.85,efectivo
15174,297,9,2025-03-05 22:45:15,94.95,tarjeta
15175,505,4,2025-03-06 06:08:48,26.95,tarjeta
15176,148,10,2025-03-06 06:09:59,94.40,tarjeta
15177,536,10,2025-03-06 06:17:06,12.35,efectivo
15178,23,6,2025-03-06 06:23:44,22.50,tarjeta
15179,773,4,2025-03-06 06:24:01,57.45,tarjeta
15180,564,1,2025-03-06 06:24:05,52.00,tarjeta
15181,461,8,2025-03-06 06:33:26,46.50,efectivo
15182,346,7,2025-03-06 06:34:03,31.00,tarjeta
15183,183,2,2025-03-06 06:34:05,37.45,efectivo
15184,739,8,2025-03-06 06:48:38,28.95,tarjeta
15185,168,10,2025-03-06 06:50:39,92.50,tarjeta
15186,605,5,2025-03-06 06:53:12,93.90,tarjeta
15187,706,10,2025-03-06 06:58:04,33.45,efectivo
15188,476,6,2025-03-06 07:00:56,107.90,tarjeta
15189,133,6,2025-03-06 07:02:07,26.95,efectivo
15190,611,4,2025-03-06 07:04:27,10.00,efectivo
15191,323,8,2025-03-06 07:12:33,105.90,tarjeta
15192,767,5,2025-03-06 07:15:10,12.00,efectivo
15193,377,1,2025-03-06 07:15:18,82.45,tarjeta
15194,39,6,2025-03-06 07:15:34,27.50,tarjeta
15195,250,10,2025-03-06 07:16:20,42.50,efectivo
15196,109,3,2025-03-06 07:17:32,94.40,tarjeta
15197,712,2,2025-03-06 07:18:56,62.95,tarjeta
15198,849,10,2025-03-06 07:23:02,83.90,efectivo
15199,582,8,2025-03-06 07:26:00,53.00,efectivo
15200,216,3,2025-03-06 07:26:55,40.00,efectivo
15201,792,4,2025-03-06 07:26:56,54.00,efectivo
15202,976,9,2025-03-06 07:27:54,12.00,tarjeta
15203,410,5,2025-03-06 07:30:49,119.70,tarjeta
15204,321,2,2025-03-06 07:32:16,22.00,tarjeta
15205,89,3,2025-03-06 07:42:28,63.45,efectivo
15206,89,10,2025-03-06 07:44:33,26.95,efectivo
15207,948,10,2025-03-06 07:45:54,0.00,efectivo
15208,520,6,2025-03-06 07:47:57,57.95,tarjeta
15209,96,8,2025-03-06 07:48:16,72.95,efectivo
15210,105,4,2025-03-06 07:51:13,42.45,tarjeta
15211,796,9,2025-03-06 07:59:04,35.45,efectivo
15212,15,2,2025-03-06 08:01:37,53.25,tarjeta
15213,112,7,2025-03-06 08:13:43,10.95,tarjeta
15214,872,6,2025-03-06 08:21:50,83.45,efectivo
15215,104,5,2025-03-06 08:24:50,64.00,efectivo
15216,460,4,2025-03-06 08:25:25,10.00,efectivo
15217,236,5,2025-03-06 08:29:16,128.50,efectivo
15218,872,10,2025-03-06 08:31:00,47.00,efectivo
15219,374,8,2025-03-06 08:33:48,31.00,efectivo
15220,872,5,2025-03-06 08:34:43,22.00,tarjeta
15221,706,7,2025-03-06 08:39:55,55.50,tarjeta
15222,245,2,2025-03-06 08:41:22,0.00,tarjeta
15223,783,6,2025-03-06 08:42:26,22.50,tarjeta
15224,216,10,2025-03-06 08:43:07,12.00,tarjeta
15225,372,4,2025-03-06 08:45:58,80.35,efectivo
15226,234,1,2025-03-06 08:50:11,142.90,tarjeta
15227,890,6,2025-03-06 08:50:39,61.45,efectivo
15228,611,6,2025-03-06 08:54:36,26.95,efectivo
15229,356,3,2025-03-06 09:09:02,15.50,tarjeta
15230,161,10,2025-03-06 09:10:29,22.35,efectivo
15231,235,5,2025-03-06 09:13:46,35.95,efectivo
15232,485,7,2025-03-06 09:15:36,10.00,efectivo
15233,728,6,2025-03-06 09:17:01,26.00,tarjeta
15234,78,2,2025-03-06 09:20:12,36.50,tarjeta
15235,803,5,2025-03-06 09:21:37,61.45,tarjeta
15236,680,2,2025-03-06 09:22:45,87.85,efectivo
15237,633,10,2025-03-06 09:26:49,31.00,efectivo
15238,915,9,2025-03-06 09:26:59,0.00,efectivo
15239,292,2,2025-03-06 09:28:34,62.40,tarjeta
15240,608,4,2025-03-06 09:32:49,168.30,tarjeta
15241,933,6,2025-03-06 09:48:35,46.90,efectivo
15242,945,3,2025-03-06 09:50:43,213.70,efectivo
15243,315,4,2025-03-06 09:55:52,55.50,efectivo
15244,422,1,2025-03-06 10:00:06,47.80,efectivo
15245,540,10,2025-03-06 10:08:27,99.90,efectivo
15246,98,2,2025-03-06 10:11:32,41.95,efectivo
15247,1000,9,2025-03-06 10:14:01,74.85,efectivo
15248,179,6,2025-03-06 10:14:12,64.30,efectivo
15249,358,9,2025-03-06 10:14:25,15.50,tarjeta
15250,548,2,2025-03-06 10:14:29,28.50,efectivo
15251,595,10,2025-03-06 10:16:14,31.00,tarjeta
15252,36,8,2025-03-06 10:17:48,100.95,efectivo
15253,513,10,2025-03-06 10:19:44,35.45,efectivo
15254,834,4,2025-03-06 10:19:55,107.90,tarjeta
15255,243,8,2025-03-06 10:24:21,52.95,tarjeta
15256,876,10,2025-03-06 10:24:27,157.40,efectivo
15257,572,4,2025-03-06 10:25:13,57.00,tarjeta
15258,777,1,2025-03-06 10:28:18,55.50,efectivo
15259,704,5,2025-03-06 10:28:22,82.95,efectivo
15260,826,6,2025-03-06 10:36:24,32.00,efectivo
15261,867,6,2025-03-06 10:37:13,34.00,tarjeta
15262,920,5,2025-03-06 10:37:47,35.00,efectivo
15263,899,6,2025-03-06 10:39:46,38.95,efectivo
15264,377,4,2025-03-06 10:46:11,65.50,tarjeta
15265,682,1,2025-03-06 10:46:22,35.00,efectivo
15266,363,8,2025-03-06 10:51:27,47.00,tarjeta
15267,599,9,2025-03-06 10:54:22,32.00,tarjeta
15268,196,10,2025-03-06 10:56:05,73.45,efectivo
15269,671,5,2025-03-06 11:00:18,194.20,tarjeta
15270,525,7,2025-03-06 11:17:16,89.00,efectivo
15271,175,3,2025-03-06 11:22:09,247.30,efectivo
15272,848,7,2025-03-06 11:43:24,128.30,tarjeta
15273,301,8,2025-03-06 11:44:45,138.90,tarjeta
15274,166,6,2025-03-06 11:51:14,88.40,tarjeta
15275,778,9,2025-03-06 12:11:12,32.50,efectivo
15276,507,10,2025-03-06 12:13:18,103.40,tarjeta
15277,113,9,2025-03-06 12:26:47,109.85,tarjeta
15278,835,8,2025-03-06 12:37:07,55.95,tarjeta
15279,883,7,2025-03-06 12:38:48,74.95,tarjeta
15280,849,8,2025-03-06 12:43:34,88.90,efectivo
15281,598,9,2025-03-06 12:45:23,116.50,tarjeta
15282,933,5,2025-03-06 12:49:24,145.85,efectivo
15283,493,10,2025-03-06 12:55:20,10.95,efectivo
15284,333,2,2025-03-06 13:02:58,79.90,efectivo
15285,846,1,2025-03-06 13:03:26,74.85,tarjeta
15286,331,2,2025-03-06 13:13:22,56.50,efectivo
15287,946,8,2025-03-06 13:16:57,71.20,efectivo
15288,208,4,2025-03-06 13:23:27,15.50,efectivo
15289,659,9,2025-03-06 13:27:02,149.70,tarjeta
15290,882,8,2025-03-06 13:38:40,72.45,efectivo
15291,390,10,2025-03-06 13:42:35,56.90,tarjeta
15292,985,6,2025-03-06 13:48:48,50.35,tarjeta
15293,209,8,2025-03-06 13:50:37,59.95,tarjeta
15294,545,3,2025-03-06 14:01:49,34.50,efectivo
15295,817,8,2025-03-06 14:05:31,18.00,efectivo
15296,809,9,2025-03-06 14:07:06,67.00,tarjeta
15297,905,7,2025-03-06 14:23:09,0.00,efectivo
15298,688,6,2025-03-06 14:38:30,26.00,efectivo
15299,882,7,2025-03-06 14:49:36,46.35,tarjeta
15300,378,9,2025-03-06 14:58:45,125.35,tarjeta
15301,56,10,2025-03-06 15:00:57,19.95,tarjeta
15302,371,7,2025-03-06 15:02:04,59.95,efectivo
15303,994,5,2025-03-06 15:04:00,16.50,tarjeta
15304,518,8,2025-03-06 15:04:44,10.95,tarjeta
15305,31,7,2025-03-06 15:10:43,81.00,efectivo
15306,556,8,2025-03-06 15:16:30,124.90,tarjeta
15307,590,8,2025-03-06 15:18:07,78.90,tarjeta
15308,876,4,2025-03-06 15:18:26,86.00,tarjeta
15309,373,2,2025-03-06 15:23:26,100.45,efectivo
15310,113,9,2025-03-06 15:24:03,79.95,efectivo
15311,853,6,2025-03-06 15:26:58,18.00,efectivo
15312,297,5,2025-03-06 15:31:11,60.90,tarjeta
15313,554,8,2025-03-06 15:36:26,100.95,efectivo
15314,278,5,2025-03-06 15:58:53,113.50,efectivo
15315,434,2,2025-03-06 15:58:56,98.50,efectivo
15316,179,2,2025-03-06 15:59:23,55.95,tarjeta
15317,500,5,2025-03-06 16:09:56,56.50,efectivo
15318,585,2,2025-03-06 16:16:19,95.80,efectivo
15319,622,7,2025-03-06 16:20:05,46.90,tarjeta
15320,56,2,2025-03-06 16:28:53,53.45,tarjeta
15321,738,7,2025-03-06 16:30:56,116.35,tarjeta
15322,834,2,2025-03-06 16:33:46,202.40,tarjeta
15323,339,9,2025-03-06 16:35:43,176.20,tarjeta
15324,933,5,2025-03-06 16:44:38,99.45,tarjeta
15325,926,5,2025-03-06 16:47:50,92.85,tarjeta
15326,955,2,2025-03-06 16:51:25,16.50,tarjeta
15327,414,6,2025-03-06 16:53:26,50.50,efectivo
15328,931,5,2025-03-06 17:00:57,53.00,efectivo
15329,561,2,2025-03-06 17:05:05,178.80,efectivo
15330,414,3,2025-03-06 17:06:57,106.85,efectivo
15331,391,10,2025-03-06 17:09:58,36.00,tarjeta
15332,55,5,2025-03-06 17:11:12,86.90,tarjeta
15333,659,5,2025-03-06 17:13:12,149.80,tarjeta
15334,51,6,2025-03-06 17:13:43,81.50,efectivo
15335,829,9,2025-03-06 17:29:58,99.45,tarjeta
15336,682,2,2025-03-06 17:33:43,185.75,efectivo
15337,644,8,2025-03-06 17:44:34,10.00,efectivo
15338,500,2,2025-03-06 17:50:06,98.90,tarjeta
15339,455,4,2025-03-06 18:04:01,37.95,efectivo
15340,994,10,2025-03-06 18:32:06,119.00,tarjeta
15341,663,7,2025-03-06 18:53:08,71.90,efectivo
15342,65,2,2025-03-06 19:09:16,69.40,efectivo
15343,151,1,2025-03-06 19:22:57,157.30,efectivo
15344,681,5,2025-03-06 19:22:58,35.00,tarjeta
15345,798,5,2025-03-06 20:01:01,35.00,efectivo
15346,42,8,2025-03-06 20:12:27,126.90,tarjeta
15347,472,7,2025-03-06 20:38:08,99.45,tarjeta
15348,870,3,2025-03-06 20:38:34,149.70,tarjeta
15349,433,5,2025-03-06 20:39:43,226.95,tarjeta
15350,65,7,2025-03-06 20:52:30,115.95,tarjeta
15351,55,10,2025-03-06 20:54:27,81.95,tarjeta
15352,283,1,2025-03-06 21:09:04,132.95,tarjeta
15353,641,10,2025-03-06 21:12:21,166.90,efectivo
15354,524,7,2025-03-06 21:12:35,72.50,tarjeta
15355,342,9,2025-03-06 21:49:55,24.50,efectivo
15356,672,5,2025-03-06 21:50:46,67.95,efectivo
15357,58,1,2025-03-06 21:52:17,26.95,efectivo
15358,532,2,2025-03-06 21:59:29,145.75,tarjeta
15359,681,10,2025-03-06 22:03:22,80.00,tarjeta
15360,395,4,2025-03-06 22:23:30,128.85,efectivo
15361,429,8,2025-03-06 22:28:37,50.00,tarjeta
15362,371,2,2025-03-06 22:41:03,78.90,tarjeta
15363,410,4,2025-03-06 22:41:53,85.85,tarjeta
15364,273,2,2025-03-06 22:45:03,56.50,efectivo
15365,378,2,2025-03-06 22:59:21,131.50,tarjeta
15366,588,10,2025-03-07 06:01:38,32.00,tarjeta
15367,197,1,2025-03-07 06:07:47,22.00,efectivo
15368,854,7,2025-03-07 06:09:47,31.00,efectivo
15369,606,9,2025-03-07 06:11:55,37.50,efectivo
15370,368,2,2025-03-07 06:19:10,10.95,efectivo
15371,586,1,2025-03-07 06:24:12,22.50,tarjeta
15372,328,3,2025-03-07 06:25:24,121.35,efectivo
15373,749,9,2025-03-07 06:26:57,56.50,efectivo
15374,860,1,2025-03-07 06:31:28,151.65,tarjeta
15375,962,10,2025-03-07 06:32:25,12.00,efectivo
15376,362,8,2025-03-07 06:40:26,41.50,tarjeta
15377,796,9,2025-03-07 06:42:19,28.00,efectivo
15378,362,4,2025-03-07 06:45:13,57.95,efectivo
15379,561,5,2025-03-07 06:47:46,108.95,efectivo
15380,524,8,2025-03-07 06:48:29,52.45,efectivo
15381,344,4,2025-03-07 06:58:44,26.95,efectivo
15382,630,3,2025-03-07 06:59:22,83.00,tarjeta
15383,363,7,2025-03-07 07:06:21,105.95,efectivo
15384,753,4,2025-03-07 07:06:30,24.50,tarjeta
15385,733,1,2025-03-07 07:10:27,60.95,tarjeta
15386,875,4,2025-03-07 07:12:13,164.80,efectivo
15387,412,10,2025-03-07 07:12:50,76.45,efectivo
15388,370,7,2025-03-07 07:15:25,26.95,tarjeta
15389,2,1,2025-03-07 07:17:44,22.00,efectivo
15390,328,10,2025-03-07 07:21:09,67.15,tarjeta
15391,392,9,2025-03-07 07:27:03,25.50,tarjeta
15392,885,5,2025-03-07 07:34:56,37.50,tarjeta
15393,716,7,2025-03-07 07:37:22,46.50,tarjeta
15394,767,7,2025-03-07 07:40:32,26.95,tarjeta
15395,185,5,2025-03-07 07:40:41,43.00,tarjeta
15396,842,3,2025-03-07 07:41:15,51.45,efectivo
15397,24,1,2025-03-07 07:46:54,102.40,efectivo
15398,847,2,2025-03-07 07:47:48,48.95,tarjeta
15399,217,5,2025-03-07 07:48:41,15.50,tarjeta
15400,927,2,2025-03-07 07:52:25,33.45,tarjeta
15401,977,1,2025-03-07 07:54:40,126.50,tarjeta
15402,728,3,2025-03-07 07:55:41,55.50,efectivo
15403,660,10,2025-03-07 08:04:59,74.90,tarjeta
15404,902,4,2025-03-07 08:05:09,10.00,efectivo
15405,574,3,2025-03-07 08:08:09,0.00,tarjeta
15406,677,1,2025-03-07 08:11:09,55.50,tarjeta
15407,763,2,2025-03-07 08:11:36,26.95,efectivo
15408,582,6,2025-03-07 08:12:51,36.50,tarjeta
15409,177,5,2025-03-07 08:15:04,10.00,tarjeta
15410,739,10,2025-03-07 08:15:31,47.45,tarjeta
15411,406,1,2025-03-07 08:17:05,63.85,efectivo
15412,697,9,2025-03-07 08:18:17,44.00,tarjeta
15413,689,2,2025-03-07 08:28:22,68.90,tarjeta
15414,733,1,2025-03-07 08:29:24,89.90,tarjeta
15415,494,1,2025-03-07 08:31:41,22.00,tarjeta
15416,250,8,2025-03-07 08:33:54,10.00,tarjeta
15417,839,1,2025-03-07 08:42:23,68.95,efectivo
15418,245,9,2025-03-07 08:43:27,37.50,tarjeta
15419,921,10,2025-03-07 08:43:45,55.50,tarjeta
15420,104,9,2025-03-07 08:47:20,64.90,tarjeta
15421,161,5,2025-03-07 08:54:43,31.00,efectivo
15422,428,2,2025-03-07 08:55:13,62.40,efectivo
15423,924,2,2025-03-07 09:03:46,166.30,efectivo
15424,680,8,2025-03-07 09:05:55,34.50,efectivo
15425,38,8,2025-03-07 09:09:36,27.50,efectivo
15426,977,7,2025-03-07 09:31:50,65.00,tarjeta
15427,892,8,2025-03-07 09:32:05,71.90,efectivo
15428,984,8,2025-03-07 09:33:55,87.20,efectivo
15429,335,9,2025-03-07 09:34:09,26.95,efectivo
15430,606,5,2025-03-07 09:35:12,24.50,tarjeta
15431,890,7,2025-03-07 09:45:30,26.95,tarjeta
15432,180,5,2025-03-07 09:46:19,129.90,efectivo
15433,383,7,2025-03-07 09:48:05,34.50,tarjeta
15434,245,7,2025-03-07 09:48:27,0.00,efectivo
15435,359,4,2025-03-07 09:48:46,65.50,tarjeta
15436,760,8,2025-03-07 09:51:16,26.95,tarjeta
15437,464,9,2025-03-07 09:51:17,57.95,tarjeta
15438,448,2,2025-03-07 09:51:30,42.45,tarjeta
15439,957,4,2025-03-07 09:56:48,89.95,efectivo
15440,921,6,2025-03-07 10:03:11,27.50,tarjeta
15441,314,3,2025-03-07 10:04:27,22.00,tarjeta
15442,172,5,2025-03-07 10:09:26,10.00,efectivo
15443,270,6,2025-03-07 10:17:30,24.50,efectivo
15444,793,10,2025-03-07 10:18:47,26.95,efectivo
15445,882,4,2025-03-07 10:19:00,62.95,efectivo
15446,572,2,2025-03-07 10:32:31,32.95,efectivo
15447,359,8,2025-03-07 10:36:45,45.95,tarjeta
15448,55,10,2025-03-07 10:37:17,208.40,efectivo
15449,969,1,2025-03-07 10:39:41,57.95,efectivo
15450,923,1,2025-03-07 10:41:55,36.95,efectivo
15451,833,4,2025-03-07 10:42:47,58.45,efectivo
15452,430,8,2025-03-07 10:49:19,67.95,tarjeta
15453,477,1,2025-03-07 10:50:21,24.50,tarjeta
15454,69,10,2025-03-07 10:53:10,10.95,tarjeta
15455,507,2,2025-03-07 11:22:07,61.95,efectivo
15456,146,7,2025-03-07 12:06:22,124.95,efectivo
15457,831,2,2025-03-07 12:10:37,70.00,tarjeta
15458,780,9,2025-03-07 12:19:32,159.30,efectivo
15459,81,9,2025-03-07 12:45:00,93.95,efectivo
15460,186,4,2025-03-07 12:52:36,230.35,efectivo
15461,524,5,2025-03-07 12:52:41,83.90,tarjeta
15462,797,6,2025-03-07 13:06:59,147.95,efectivo
15463,498,6,2025-03-07 13:26:51,75.95,tarjeta
15464,107,4,2025-03-07 13:44:58,138.35,efectivo
15465,519,8,2025-03-07 14:14:05,38.90,efectivo
15466,57,7,2025-03-07 14:20:39,117.45,tarjeta
15467,686,1,2025-03-07 14:23:12,113.95,tarjeta
15468,994,2,2025-03-07 14:45:54,128.85,efectivo
15469,919,10,2025-03-07 14:54:10,207.50,efectivo
15470,6,10,2025-03-07 15:00:38,12.35,tarjeta
15471,820,7,2025-03-07 15:05:03,27.45,tarjeta
15472,840,6,2025-03-07 15:06:43,96.80,tarjeta
15473,283,8,2025-03-07 15:06:46,65.95,tarjeta
15474,978,8,2025-03-07 15:14:14,70.30,efectivo
15475,125,9,2025-03-07 15:21:42,22.50,efectivo
15476,143,2,2025-03-07 15:23:24,42.45,efectivo
15477,640,1,2025-03-07 15:31:00,137.90,tarjeta
15478,926,10,2025-03-07 15:31:46,51.95,efectivo
15479,381,10,2025-03-07 15:35:34,82.90,tarjeta
15480,166,7,2025-03-07 15:40:38,83.00,efectivo
15481,486,10,2025-03-07 15:49:19,0.00,efectivo
15482,300,4,2025-03-07 15:57:01,33.50,tarjeta
15483,81,3,2025-03-07 16:00:13,142.25,efectivo
15484,248,10,2025-03-07 16:03:22,107.90,tarjeta
15485,247,8,2025-03-07 16:05:49,20.35,efectivo
15486,404,2,2025-03-07 16:11:46,186.50,efectivo
15487,546,9,2025-03-07 16:17:14,141.40,efectivo
15488,546,4,2025-03-07 16:28:38,46.50,tarjeta
15489,283,1,2025-03-07 16:29:08,112.90,tarjeta
15490,655,6,2025-03-07 16:36:34,36.45,tarjeta
15491,412,9,2025-03-07 16:37:02,125.85,efectivo
15492,3,4,2025-03-07 16:45:41,162.80,efectivo
15493,367,2,2025-03-07 16:51:58,144.20,efectivo
15494,795,8,2025-03-07 17:01:59,35.95,tarjeta
15495,404,5,2025-03-07 17:07:07,22.50,efectivo
15496,248,5,2025-03-07 17:08:17,118.45,tarjeta
15497,348,6,2025-03-07 17:08:27,85.00,efectivo
15498,780,2,2025-03-07 17:09:37,62.00,efectivo
15499,275,6,2025-03-07 17:19:15,133.90,tarjeta
15500,24,10,2025-03-07 17:22:46,110.50,tarjeta
15501,806,9,2025-03-07 17:26:02,28.50,efectivo
15502,243,6,2025-03-07 17:31:00,133.75,tarjeta
15503,846,8,2025-03-07 17:34:28,156.75,efectivo
15504,410,4,2025-03-07 17:34:46,88.90,efectivo
15505,202,9,2025-03-07 17:39:21,10.95,tarjeta
15506,165,8,2025-03-07 17:50:10,56.90,tarjeta
15507,837,4,2025-03-07 18:07:32,75.50,tarjeta
15508,367,1,2025-03-07 18:11:47,38.95,efectivo
15509,148,2,2025-03-07 18:33:14,15.50,efectivo
15510,451,9,2025-03-07 18:33:23,56.90,efectivo
15511,184,10,2025-03-07 18:47:22,135.80,efectivo
15512,157,10,2025-03-07 18:56:04,115.25,efectivo
15513,259,8,2025-03-07 19:19:53,48.35,tarjeta
15514,273,7,2025-03-07 19:24:57,133.30,efectivo
15515,876,8,2025-03-07 19:28:20,87.00,tarjeta
15516,822,8,2025-03-07 19:30:11,106.00,efectivo
15517,17,6,2025-03-07 19:34:04,83.95,tarjeta
15518,660,1,2025-03-07 20:09:46,82.35,efectivo
15519,322,8,2025-03-07 20:18:51,45.45,tarjeta
15520,156,7,2025-03-07 20:27:23,18.00,tarjeta
15521,451,2,2025-03-07 20:32:36,54.70,efectivo
15522,426,6,2025-03-07 20:35:58,168.70,tarjeta
15523,66,9,2025-03-07 20:46:35,189.60,efectivo
15524,634,4,2025-03-07 20:49:37,152.35,efectivo
15525,268,7,2025-03-07 20:57:05,38.90,tarjeta
15526,692,8,2025-03-07 21:35:03,178.85,efectivo
15527,266,9,2025-03-07 21:35:17,10.00,tarjeta
15528,378,9,2025-03-07 21:47:18,59.70,efectivo
15529,642,8,2025-03-07 21:47:48,74.85,efectivo
15530,471,5,2025-03-07 22:00:20,184.40,tarjeta
15531,811,10,2025-03-07 22:09:35,82.95,efectivo
15532,566,4,2025-03-07 22:37:24,26.95,tarjeta
15533,608,6,2025-03-07 22:52:13,84.45,efectivo
15534,861,4,2025-03-07 22:52:55,38.00,tarjeta
15535,832,8,2025-03-07 22:58:11,79.40,tarjeta
15536,520,5,2025-03-08 06:05:50,22.00,tarjeta
15537,38,6,2025-03-08 06:09:31,62.00,efectivo
15538,881,3,2025-03-08 06:14:13,10.00,efectivo
15539,78,3,2025-03-08 06:15:56,22.00,efectivo
15540,713,1,2025-03-08 06:20:56,36.50,efectivo
15541,608,3,2025-03-08 06:21:48,35.00,tarjeta
15542,464,1,2025-03-08 06:21:54,26.45,efectivo
15543,374,4,2025-03-08 06:22:28,64.45,efectivo
15544,10,4,2025-03-08 06:25:22,24.95,tarjeta
15545,777,2,2025-03-08 06:27:32,60.95,tarjeta
15546,837,8,2025-03-08 06:28:52,121.00,efectivo
15547,464,1,2025-03-08 06:33:30,51.45,efectivo
15548,315,5,2025-03-08 06:37:34,10.95,tarjeta
15549,27,1,2025-03-08 06:38:46,31.00,efectivo
15550,763,5,2025-03-08 06:40:57,12.00,efectivo
15551,961,1,2025-03-08 06:43:38,159.95,tarjeta
15552,570,1,2025-03-08 06:48:52,28.50,efectivo
15553,264,5,2025-03-08 06:49:35,175.30,efectivo
15554,145,7,2025-03-08 06:50:49,214.85,efectivo
15555,851,8,2025-03-08 06:54:18,141.80,tarjeta
15556,605,2,2025-03-08 06:55:50,65.85,tarjeta
15557,917,7,2025-03-08 06:58:36,24.50,tarjeta
15558,792,9,2025-03-08 06:59:35,12.00,tarjeta
15559,41,4,2025-03-08 07:00:28,22.00,tarjeta
15560,361,4,2025-03-08 07:00:54,31.00,tarjeta
15561,292,10,2025-03-08 07:08:50,62.50,tarjeta
15562,290,9,2025-03-08 07:15:33,96.00,tarjeta
15563,586,2,2025-03-08 07:15:49,27.50,tarjeta
15564,130,1,2025-03-08 07:16:12,163.30,efectivo
15565,988,5,2025-03-08 07:19:11,95.90,tarjeta
15566,548,6,2025-03-08 07:20:48,0.00,efectivo
15567,216,4,2025-03-08 07:28:03,57.00,tarjeta
15568,402,4,2025-03-08 07:28:38,20.95,efectivo
15569,187,1,2025-03-08 07:28:45,74.90,tarjeta
15570,931,3,2025-03-08 07:30:59,63.00,efectivo
15571,264,2,2025-03-08 07:33:42,85.50,tarjeta
15572,815,6,2025-03-08 07:42:08,92.00,efectivo
15573,33,10,2025-03-08 07:44:13,31.00,tarjeta
15574,967,1,2025-03-08 07:45:56,51.90,tarjeta
15575,109,8,2025-03-08 07:53:15,18.00,efectivo
15576,76,6,2025-03-08 07:53:18,70.85,efectivo
15577,461,2,2025-03-08 08:00:40,95.45,efectivo
15578,446,2,2025-03-08 08:07:09,26.00,tarjeta
15579,666,1,2025-03-08 08:07:15,27.50,efectivo
15580,287,1,2025-03-08 08:09:17,78.60,efectivo
15581,2,2,2025-03-08 08:11:41,19.95,efectivo
15582,95,1,2025-03-08 08:13:13,36.00,tarjeta
15583,112,10,2025-03-08 08:14:45,46.35,efectivo
15584,112,5,2025-03-08 08:18:00,22.00,efectivo
15585,380,4,2025-03-08 08:28:56,22.00,tarjeta
15586,728,10,2025-03-08 08:36:02,15.50,tarjeta
15587,135,5,2025-03-08 08:39:12,120.90,tarjeta
15588,112,2,2025-03-08 08:50:03,51.95,efectivo
15589,50,6,2025-03-08 08:51:23,72.95,tarjeta
15590,374,7,2025-03-08 08:52:33,0.00,tarjeta
15591,76,2,2025-03-08 08:52:41,53.45,efectivo
15592,514,1,2025-03-08 08:55:49,154.80,tarjeta
15593,853,10,2025-03-08 08:56:19,52.25,efectivo
15594,315,4,2025-03-08 08:57:26,42.30,tarjeta
15595,949,1,2025-03-08 09:02:16,82.45,tarjeta
15596,850,5,2025-03-08 09:05:34,55.50,tarjeta
15597,972,1,2025-03-08 09:09:48,26.95,tarjeta
15598,957,1,2025-03-08 09:16:41,48.95,tarjeta
15599,753,7,2025-03-08 09:16:59,46.50,efectivo
15600,250,1,2025-03-08 09:19:38,40.00,tarjeta
15601,383,7,2025-03-08 09:20:12,12.00,tarjeta
15602,469,4,2025-03-08 09:20:28,26.95,efectivo
15603,697,4,2025-03-08 09:25:13,22.95,efectivo
15604,843,10,2025-03-08 09:40:33,41.95,tarjeta
15605,664,7,2025-03-08 09:41:37,22.95,tarjeta
15606,109,5,2025-03-08 09:44:28,134.35,efectivo
15607,28,10,2025-03-08 09:51:58,50.95,tarjeta
15608,961,5,2025-03-08 09:55:50,74.90,efectivo
15609,69,6,2025-03-08 10:08:23,10.00,efectivo
15610,81,9,2025-03-08 10:08:35,61.00,efectivo
15611,793,4,2025-03-08 10:12:14,42.45,tarjeta
15612,370,7,2025-03-08 10:13:35,10.95,efectivo
15613,682,1,2025-03-08 10:14:54,116.45,efectivo
15614,406,9,2025-03-08 10:16:08,15.50,tarjeta
15615,562,6,2025-03-08 10:26:25,63.00,efectivo
15616,477,5,2025-03-08 10:28:40,22.00,efectivo
15617,250,4,2025-03-08 10:33:35,57.45,efectivo
15618,513,8,2025-03-08 10:35:04,12.00,efectivo
15619,494,9,2025-03-08 10:36:20,52.45,efectivo
15620,50,10,2025-03-08 10:39:42,80.95,tarjeta
15621,713,2,2025-03-08 10:41:43,33.50,efectivo
15622,123,4,2025-03-08 10:45:02,83.90,efectivo
15623,469,5,2025-03-08 10:53:01,31.00,efectivo
15624,218,3,2025-03-08 10:53:15,22.95,tarjeta
15625,924,7,2025-03-08 10:53:29,130.50,tarjeta
15626,739,2,2025-03-08 10:54:24,53.00,tarjeta
15627,513,10,2025-03-08 10:56:47,55.50,tarjeta
15628,794,5,2025-03-08 10:56:53,45.45,tarjeta
15629,186,1,2025-03-08 11:00:15,104.40,efectivo
15630,472,9,2025-03-08 11:00:27,73.90,efectivo
15631,585,7,2025-03-08 11:12:30,89.00,efectivo
15632,39,1,2025-03-08 11:17:21,31.00,tarjeta
15633,451,7,2025-03-08 11:17:55,132.20,efectivo
15634,634,10,2025-03-08 11:19:32,174.95,efectivo
15635,30,5,2025-03-08 11:22:02,75.45,tarjeta
15636,318,2,2025-03-08 11:26:36,47.00,tarjeta
15637,451,4,2025-03-08 11:50:24,81.35,efectivo
15638,851,7,2025-03-08 11:50:55,170.00,tarjeta
15639,671,9,2025-03-08 11:53:31,50.00,tarjeta
15640,931,9,2025-03-08 11:55:41,42.70,efectivo
15641,318,5,2025-03-08 12:16:08,162.75,efectivo
15642,339,4,2025-03-08 12:22:31,44.00,tarjeta
15643,907,5,2025-03-08 12:46:58,148.80,efectivo
15644,395,8,2025-03-08 12:58:06,88.80,tarjeta
15645,186,10,2025-03-08 13:01:32,77.00,efectivo
15646,130,7,2025-03-08 13:23:29,91.40,efectivo
15647,785,3,2025-03-08 13:26:32,28.00,tarjeta
15648,698,6,2025-03-08 13:35:09,193.05,tarjeta
15649,121,8,2025-03-08 13:35:29,12.00,tarjeta
15650,578,7,2025-03-08 13:36:34,35.00,efectivo
15651,710,1,2025-03-08 13:38:18,10.00,tarjeta
15652,687,10,2025-03-08 13:41:37,126.90,efectivo
15653,50,4,2025-03-08 13:50:16,0.00,tarjeta
15654,184,2,2025-03-08 13:51:11,102.25,efectivo
15655,816,4,2025-03-08 13:52:26,183.35,efectivo
15656,193,4,2025-03-08 13:52:54,135.00,efectivo
15657,387,7,2025-03-08 13:53:20,141.10,tarjeta
15658,180,5,2025-03-08 13:56:21,120.45,tarjeta
15659,806,10,2025-03-08 13:58:03,137.00,tarjeta
15660,809,2,2025-03-08 14:01:33,122.45,tarjeta
15661,949,6,2025-03-08 14:03:16,169.95,tarjeta
15662,24,10,2025-03-08 14:03:29,79.35,efectivo
15663,701,6,2025-03-08 14:04:13,53.00,efectivo
15664,24,5,2025-03-08 14:13:58,150.55,efectivo
15665,433,2,2025-03-08 14:20:11,199.80,tarjeta
15666,134,7,2025-03-08 14:33:29,10.95,tarjeta
15667,333,2,2025-03-08 14:43:18,89.90,tarjeta
15668,157,4,2025-03-08 15:15:56,63.95,efectivo
15669,892,3,2025-03-08 15:16:03,94.60,tarjeta
15670,956,8,2025-03-08 15:18:41,64.15,efectivo
15671,113,8,2025-03-08 15:27:11,122.40,efectivo
15672,640,5,2025-03-08 15:34:31,162.45,efectivo
15673,381,4,2025-03-08 16:06:40,109.80,tarjeta
15674,158,5,2025-03-08 16:09:06,68.00,tarjeta
15675,627,6,2025-03-08 16:19:13,112.45,efectivo
15676,13,2,2025-03-08 16:29:00,173.95,efectivo
15677,251,6,2025-03-08 16:43:34,46.90,efectivo
15678,919,4,2025-03-08 16:43:35,79.35,efectivo
15679,139,8,2025-03-08 16:48:06,22.50,tarjeta
15680,911,7,2025-03-08 16:54:04,170.65,tarjeta
15681,239,10,2025-03-08 16:55:19,118.50,tarjeta
15682,67,5,2025-03-08 17:01:22,10.00,tarjeta
15683,434,5,2025-03-08 17:13:39,118.95,tarjeta
15684,726,1,2025-03-08 17:17:08,157.25,efectivo
15685,701,5,2025-03-08 17:20:12,79.40,efectivo
15686,806,1,2025-03-08 17:26:06,77.45,efectivo
15687,275,8,2025-03-08 17:26:39,101.90,efectivo
15688,132,8,2025-03-08 17:36:25,59.95,tarjeta
15689,414,4,2025-03-08 17:38:48,131.85,efectivo
15690,189,1,2025-03-08 17:43:28,63.50,tarjeta
15691,926,5,2025-03-08 17:52:05,122.35,tarjeta
15692,162,3,2025-03-08 17:57:36,84.00,tarjeta
15693,926,7,2025-03-08 18:04:07,133.85,efectivo
15694,274,2,2025-03-08 18:08:11,22.35,tarjeta
15695,158,3,2025-03-08 18:14:12,40.00,tarjeta
15696,714,2,2025-03-08 18:18:53,19.95,tarjeta
15697,661,7,2025-03-08 18:31:29,93.45,tarjeta
15698,570,3,2025-03-08 19:01:44,124.90,tarjeta
15699,189,4,2025-03-08 19:11:20,93.80,tarjeta
15700,111,2,2025-03-08 19:24:41,105.95,efectivo
15701,458,1,2025-03-08 19:29:35,143.70,efectivo
15702,694,2,2025-03-08 19:36:28,145.75,efectivo
15703,429,9,2025-03-08 19:36:52,18.00,efectivo
15704,189,2,2025-03-08 19:55:46,146.90,tarjeta
15705,319,9,2025-03-08 19:56:01,31.95,efectivo
15706,282,8,2025-03-08 20:09:22,39.45,tarjeta
15707,752,6,2025-03-08 20:29:17,93.00,tarjeta
15708,342,10,2025-03-08 21:02:53,38.90,efectivo
15709,935,1,2025-03-08 21:10:30,10.95,efectivo
15710,876,1,2025-03-08 21:13:15,36.00,efectivo
15711,15,7,2025-03-08 21:25:20,135.40,tarjeta
15712,892,7,2025-03-08 21:29:59,62.95,efectivo
15713,249,5,2025-03-08 21:34:55,34.50,efectivo
15714,892,4,2025-03-08 21:40:01,89.45,tarjeta
15715,427,1,2025-03-08 22:19:03,18.00,tarjeta
15716,569,4,2025-03-08 22:21:17,22.00,efectivo
15717,945,3,2025-03-08 22:29:43,84.90,efectivo
15718,239,7,2025-03-08 22:41:55,75.95,tarjeta
15719,362,6,2025-03-08 22:45:45,22.00,tarjeta
15720,468,7,2025-03-09 06:00:42,57.95,tarjeta
15721,872,2,2025-03-09 06:05:09,31.00,tarjeta
15722,54,6,2025-03-09 06:10:51,29.50,tarjeta
15723,302,6,2025-03-09 06:11:37,26.95,efectivo
15724,749,5,2025-03-09 06:14:03,10.00,efectivo
15725,69,6,2025-03-09 06:14:38,53.00,efectivo
15726,757,2,2025-03-09 06:16:47,74.85,efectivo
15727,959,7,2025-03-09 06:28:07,110.85,efectivo
15728,675,9,2025-03-09 06:30:20,178.20,tarjeta
15729,933,9,2025-03-09 06:33:56,119.45,tarjeta
15730,81,8,2025-03-09 06:35:06,103.45,efectivo
15731,196,9,2025-03-09 06:42:47,30.00,tarjeta
15732,9,8,2025-03-09 06:43:52,15.50,tarjeta
15733,36,6,2025-03-09 06:49:01,167.35,efectivo
15734,363,4,2025-03-09 06:51:47,218.20,tarjeta
15735,660,4,2025-03-09 07:00:42,92.00,efectivo
15736,781,6,2025-03-09 07:02:53,10.95,efectivo
15737,878,8,2025-03-09 07:05:29,26.95,efectivo
15738,585,8,2025-03-09 07:08:33,117.60,tarjeta
15739,280,9,2025-03-09 07:09:34,49.90,efectivo
15740,614,9,2025-03-09 07:12:59,47.00,efectivo
15741,562,7,2025-03-09 07:18:40,72.50,efectivo
15742,954,4,2025-03-09 07:19:50,89.95,tarjeta
15743,748,4,2025-03-09 07:21:20,80.45,efectivo
15744,234,10,2025-03-09 07:27:52,129.85,efectivo
15745,209,7,2025-03-09 07:31:54,131.00,tarjeta
15746,292,9,2025-03-09 07:33:33,10.95,efectivo
15747,851,10,2025-03-09 07:34:08,178.25,tarjeta
15748,885,5,2025-03-09 07:34:56,15.50,efectivo
15749,792,8,2025-03-09 07:37:34,12.00,efectivo
15750,350,7,2025-03-09 07:40:30,26.95,tarjeta
15751,725,10,2025-03-09 07:41:38,50.50,tarjeta
15752,567,7,2025-03-09 07:44:34,28.00,tarjeta
15753,664,8,2025-03-09 07:44:59,73.45,efectivo
15754,133,7,2025-03-09 07:45:56,24.50,efectivo
15755,881,9,2025-03-09 07:46:30,51.45,tarjeta
15756,662,7,2025-03-09 07:48:10,163.85,efectivo
15757,379,7,2025-03-09 07:54:13,133.80,tarjeta
15758,15,9,2025-03-09 08:08:08,76.65,efectivo
15759,416,6,2025-03-09 08:11:07,187.65,efectivo
15760,449,7,2025-03-09 08:12:07,114.35,tarjeta
15761,749,9,2025-03-09 08:15:00,62.90,tarjeta
15762,372,5,2025-03-09 08:16:01,105.00,tarjeta
15763,787,1,2025-03-09 08:20:31,10.00,efectivo
15764,116,1,2025-03-09 08:23:25,50.95,efectivo
15765,362,1,2025-03-09 08:24:51,105.95,efectivo
15766,207,2,2025-03-09 08:28:54,22.00,efectivo
15767,42,5,2025-03-09 08:30:22,124.85,efectivo
15768,10,5,2025-03-09 08:37:46,37.50,efectivo
15769,314,3,2025-03-09 08:41:22,46.50,tarjeta
15770,489,5,2025-03-09 08:42:58,18.95,efectivo
15771,193,10,2025-03-09 08:45:25,85.80,tarjeta
15772,112,4,2025-03-09 08:47:18,33.50,tarjeta
15773,970,2,2025-03-09 08:56:55,163.45,tarjeta
15774,842,7,2025-03-09 09:03:58,53.00,tarjeta
15775,838,9,2025-03-09 09:07:35,89.95,efectivo
15776,544,7,2025-03-09 09:09:21,22.00,tarjeta
15777,548,6,2025-03-09 09:13:55,27.45,efectivo
15778,363,9,2025-03-09 09:16:13,26.00,efectivo
15779,561,6,2025-03-09 09:18:37,148.80,tarjeta
15780,809,7,2025-03-09 09:19:52,149.85,tarjeta
15781,195,3,2025-03-09 09:22:04,69.45,efectivo
15782,374,5,2025-03-09 09:22:21,22.00,tarjeta
15783,183,6,2025-03-09 09:30:30,15.50,tarjeta
15784,976,8,2025-03-09 09:32:46,44.95,efectivo
15785,847,3,2025-03-09 09:36:26,10.00,tarjeta
15786,405,9,2025-03-09 09:42:49,69.95,tarjeta
15787,975,10,2025-03-09 09:44:41,26.45,tarjeta
15788,562,2,2025-03-09 09:50:05,22.00,efectivo
15789,217,6,2025-03-09 09:57:22,24.50,efectivo
15790,757,4,2025-03-09 09:57:56,150.00,efectivo
15791,196,9,2025-03-09 10:03:02,10.95,efectivo
15792,18,6,2025-03-09 10:05:05,54.50,efectivo
15793,2,4,2025-03-09 10:10:59,59.90,tarjeta
15794,377,6,2025-03-09 10:11:13,49.85,tarjeta
15795,105,8,2025-03-09 10:16:30,77.95,tarjeta
15796,423,2,2025-03-09 10:19:19,24.50,efectivo
15797,962,9,2025-03-09 10:21:11,36.95,tarjeta
15798,476,4,2025-03-09 10:22:31,53.45,tarjeta
15799,682,9,2025-03-09 10:25:17,89.95,efectivo
15800,562,6,2025-03-09 10:27:11,31.00,tarjeta
15801,391,5,2025-03-09 10:32:25,64.90,efectivo
15802,39,2,2025-03-09 10:34:23,43.00,tarjeta
15803,27,1,2025-03-09 10:39:09,66.45,tarjeta
15804,917,4,2025-03-09 10:40:31,24.50,tarjeta
15805,206,1,2025-03-09 10:41:39,77.50,efectivo
15806,803,1,2025-03-09 10:42:22,63.00,tarjeta
15807,426,9,2025-03-09 10:47:33,56.90,tarjeta
15808,680,7,2025-03-09 10:54:59,24.50,tarjeta
15809,755,6,2025-03-09 10:58:38,35.45,efectivo
15810,769,8,2025-03-09 11:04:44,42.00,tarjeta
15811,385,2,2025-03-09 11:06:08,47.35,tarjeta
15812,619,9,2025-03-09 11:16:30,89.95,tarjeta
15813,475,1,2025-03-09 11:27:57,26.95,tarjeta
15814,55,9,2025-03-09 11:33:56,77.50,efectivo
15815,660,5,2025-03-09 11:36:50,136.85,tarjeta
15816,550,6,2025-03-09 11:44:23,152.00,efectivo
15817,50,10,2025-03-09 11:49:07,148.95,efectivo
15818,458,10,2025-03-09 11:55:57,89.95,tarjeta
15819,345,7,2025-03-09 12:00:14,0.00,tarjeta
15820,861,2,2025-03-09 12:02:10,100.85,tarjeta
15821,8,5,2025-03-09 12:03:01,76.00,tarjeta
15822,620,5,2025-03-09 12:21:56,26.00,tarjeta
15823,87,5,2025-03-09 12:45:09,62.90,tarjeta
15824,835,6,2025-03-09 12:50:24,68.50,tarjeta
15825,382,3,2025-03-09 13:01:00,185.70,efectivo
15826,76,3,2025-03-09 13:08:14,86.00,tarjeta
15827,752,10,2025-03-09 13:12:57,124.30,tarjeta
15828,125,7,2025-03-09 13:13:35,63.95,tarjeta
15829,345,1,2025-03-09 13:16:21,47.35,efectivo
15830,839,10,2025-03-09 13:24:29,150.75,efectivo
15831,211,2,2025-03-09 13:45:06,89.50,tarjeta
15832,92,6,2025-03-09 14:05:39,28.50,efectivo
15833,331,5,2025-03-09 14:07:08,113.80,efectivo
15834,675,7,2025-03-09 14:45:21,131.75,tarjeta
15835,178,7,2025-03-09 14:55:39,24.50,efectivo
15836,780,9,2025-03-09 15:09:47,93.90,tarjeta
15837,546,7,2025-03-09 15:10:41,114.90,efectivo
15838,211,4,2025-03-09 15:11:11,79.35,efectivo
15839,332,5,2025-03-09 15:31:02,141.85,tarjeta
15840,51,7,2025-03-09 15:36:49,42.70,tarjeta
15841,146,3,2025-03-09 15:37:15,99.00,tarjeta
15842,554,9,2025-03-09 15:37:51,69.95,tarjeta
15843,167,5,2025-03-09 15:38:01,109.90,tarjeta
15844,367,10,2025-03-09 15:41:58,132.45,efectivo
15845,821,7,2025-03-09 15:59:01,70.45,efectivo
15846,395,9,2025-03-09 16:01:09,110.85,tarjeta
15847,927,10,2025-03-09 16:13:08,175.80,tarjeta
15848,924,7,2025-03-09 16:16:39,208.00,tarjeta
15849,865,2,2025-03-09 16:17:27,99.50,tarjeta
15850,191,8,2025-03-09 16:17:48,22.50,tarjeta
15851,416,3,2025-03-09 16:20:28,28.35,efectivo
15852,318,1,2025-03-09 16:21:34,30.35,efectivo
15853,546,3,2025-03-09 16:47:19,102.00,tarjeta
15854,733,3,2025-03-09 16:47:44,153.90,efectivo
15855,193,1,2025-03-09 16:48:21,102.00,tarjeta
15856,864,8,2025-03-09 16:54:22,49.00,efectivo
15857,123,8,2025-03-09 17:01:31,136.90,tarjeta
15858,145,2,2025-03-09 17:04:21,88.80,efectivo
15859,234,9,2025-03-09 17:12:47,161.40,efectivo
15860,447,10,2025-03-09 17:18:29,32.50,tarjeta
15861,627,2,2025-03-09 17:20:28,183.50,efectivo
15862,879,3,2025-03-09 17:24:55,94.45,tarjeta
15863,484,5,2025-03-09 17:31:57,12.00,efectivo
15864,80,10,2025-03-09 17:39:25,99.90,efectivo
15865,882,10,2025-03-09 18:02:23,113.75,tarjeta
15866,970,5,2025-03-09 18:07:15,177.65,tarjeta
15867,831,9,2025-03-09 18:12:31,57.50,efectivo
15868,3,10,2025-03-09 18:26:03,144.80,efectivo
15869,107,8,2025-03-09 18:37:10,122.00,efectivo
15870,174,1,2025-03-09 19:04:41,15.50,tarjeta
15871,416,8,2025-03-09 19:07:28,175.75,tarjeta
15872,318,5,2025-03-09 19:13:54,147.80,tarjeta
15873,806,7,2025-03-09 19:34:56,47.45,efectivo
15874,822,4,2025-03-09 19:36:31,188.75,efectivo
15875,77,8,2025-03-09 19:49:42,110.85,efectivo
15876,848,4,2025-03-09 20:11:15,84.50,tarjeta
15877,236,3,2025-03-09 20:19:52,77.95,efectivo
15878,570,7,2025-03-09 20:21:23,123.95,tarjeta
15879,37,10,2025-03-09 20:32:27,103.35,tarjeta
15880,714,2,2025-03-09 20:34:51,138.35,efectivo
15881,996,3,2025-03-09 20:46:26,58.50,efectivo
15882,714,9,2025-03-09 20:48:19,99.85,tarjeta
15883,622,6,2025-03-09 21:04:07,74.90,efectivo
15884,607,3,2025-03-09 21:08:55,79.60,tarjeta
15885,501,8,2025-03-09 21:11:03,95.90,efectivo
15886,540,5,2025-03-09 21:20:18,187.95,tarjeta
15887,101,7,2025-03-09 21:31:35,63.40,efectivo
15888,109,1,2025-03-09 21:40:03,94.85,tarjeta
15889,752,3,2025-03-09 21:45:07,95.80,efectivo
15890,228,10,2025-03-09 21:47:04,67.90,efectivo
15891,430,7,2025-03-09 21:51:59,89.95,efectivo
15892,51,5,2025-03-09 21:58:11,98.50,efectivo
15893,257,10,2025-03-09 21:58:33,18.00,efectivo
15894,619,2,2025-03-09 22:00:34,78.40,tarjeta
15895,501,2,2025-03-09 22:09:02,159.00,efectivo
15896,490,2,2025-03-09 22:11:40,145.85,efectivo
15897,278,4,2025-03-09 22:14:38,108.90,efectivo
15898,797,10,2025-03-09 22:17:44,124.00,efectivo
15899,31,3,2025-03-09 22:26:58,24.95,tarjeta
15900,640,2,2025-03-09 22:36:18,128.40,tarjeta
15901,931,4,2025-03-09 22:39:07,8.00,efectivo
15902,236,7,2025-03-10 06:00:04,68.50,efectivo
15903,281,9,2025-03-10 06:00:04,55.50,tarjeta
15904,359,9,2025-03-10 06:06:13,22.00,tarjeta
15905,881,4,2025-03-10 06:06:39,36.95,tarjeta
15906,469,3,2025-03-10 06:08:44,28.95,efectivo
15907,471,1,2025-03-10 06:09:03,97.90,tarjeta
15908,321,5,2025-03-10 06:16:51,26.95,tarjeta
15909,368,8,2025-03-10 06:27:00,31.00,efectivo
15910,975,10,2025-03-10 06:28:47,42.45,efectivo
15911,11,8,2025-03-10 06:37:42,94.40,tarjeta
15912,749,2,2025-03-10 06:38:04,25.50,efectivo
15913,484,3,2025-03-10 06:38:31,154.85,efectivo
15914,368,9,2025-03-10 06:38:35,41.00,efectivo
15915,410,5,2025-03-10 06:40:45,231.85,tarjeta
15916,263,8,2025-03-10 06:41:03,38.90,tarjeta
15917,579,8,2025-03-10 06:46:57,32.95,tarjeta
15918,544,2,2025-03-10 06:47:40,88.85,efectivo
15919,148,6,2025-03-10 06:48:12,18.00,efectivo
15920,597,10,2025-03-10 06:56:00,24.95,efectivo
15921,739,2,2025-03-10 07:00:52,43.00,efectivo
15922,257,6,2025-03-10 07:03:30,66.95,efectivo
15923,962,1,2025-03-10 07:03:40,57.95,efectivo
15924,760,4,2025-03-10 07:10:41,55.50,tarjeta
15925,295,4,2025-03-10 07:14:03,22.00,efectivo
15926,796,2,2025-03-10 07:14:08,59.50,tarjeta
15927,187,6,2025-03-10 07:18:12,62.90,efectivo
15928,794,7,2025-03-10 07:22:31,26.95,tarjeta
15929,437,5,2025-03-10 07:23:30,67.50,tarjeta
15930,553,5,2025-03-10 07:30:21,85.95,tarjeta
15931,65,3,2025-03-10 07:30:57,149.85,efectivo
15932,288,8,2025-03-10 07:34:04,22.00,tarjeta
15933,172,8,2025-03-10 07:36:20,26.95,tarjeta
15934,278,1,2025-03-10 07:44:48,53.50,efectivo
15935,796,2,2025-03-10 07:56:48,53.00,tarjeta
15936,771,6,2025-03-10 07:57:39,138.95,efectivo
15937,2,7,2025-03-10 07:59:47,39.50,tarjeta
15938,544,5,2025-03-10 08:00:36,48.45,tarjeta
15939,160,4,2025-03-10 08:01:17,22.00,efectivo
15940,45,3,2025-03-10 08:06:17,54.00,tarjeta
15941,728,8,2025-03-10 08:11:39,42.50,tarjeta
15942,652,9,2025-03-10 08:11:55,54.45,tarjeta
15943,232,7,2025-03-10 08:15:13,26.95,efectivo
15944,781,2,2025-03-10 08:15:37,31.00,efectivo
15945,183,8,2025-03-10 08:18:31,22.00,efectivo
15946,755,2,2025-03-10 08:20:57,34.00,tarjeta
15947,150,6,2025-03-10 08:24:52,100.95,efectivo
15948,476,10,2025-03-10 08:26:06,67.35,efectivo
15949,902,9,2025-03-10 08:26:23,35.45,efectivo
15950,803,9,2025-03-10 08:36:58,10.95,tarjeta
15951,506,7,2025-03-10 08:38:58,69.45,tarjeta
15952,607,5,2025-03-10 08:47:33,105.50,efectivo
15953,318,6,2025-03-10 08:52:08,122.95,efectivo
15954,777,7,2025-03-10 08:54:55,37.90,tarjeta
15955,184,7,2025-03-10 08:57:14,87.00,tarjeta
15956,815,3,2025-03-10 08:59:14,117.50,efectivo
15957,725,5,2025-03-10 09:02:38,94.40,tarjeta
15958,177,2,2025-03-10 09:04:11,53.00,tarjeta
15959,322,4,2025-03-10 09:08:07,31.00,tarjeta
15960,67,9,2025-03-10 09:09:25,44.00,efectivo
15961,586,2,2025-03-10 09:15:30,62.90,tarjeta
15962,261,4,2025-03-10 09:17:28,35.95,tarjeta
15963,640,5,2025-03-10 09:19:03,148.00,tarjeta
15964,633,10,2025-03-10 09:22:05,32.95,tarjeta
15965,394,9,2025-03-10 09:24:09,10.00,tarjeta
15966,268,8,2025-03-10 09:25:54,53.95,tarjeta
15967,391,6,2025-03-10 09:32:38,64.50,efectivo
15968,133,4,2025-03-10 09:33:17,24.50,efectivo
15969,148,5,2025-03-10 09:35:33,12.00,tarjeta
15970,394,5,2025-03-10 09:36:42,55.50,efectivo
15971,606,5,2025-03-10 09:39:42,22.00,tarjeta
15972,170,2,2025-03-10 09:47:57,0.00,tarjeta
15973,698,8,2025-03-10 09:48:17,59.50,efectivo
15974,437,9,2025-03-10 09:48:30,10.00,efectivo
15975,957,7,2025-03-10 09:49:02,10.95,tarjeta
15976,119,7,2025-03-10 09:55:31,65.00,tarjeta
15977,664,5,2025-03-10 09:56:08,66.95,efectivo
15978,878,5,2025-03-10 09:56:29,12.00,efectivo
15979,113,8,2025-03-10 09:58:18,177.75,tarjeta
15980,383,1,2025-03-10 10:01:46,24.50,efectivo
15981,391,10,2025-03-10 10:04:24,108.85,efectivo
15982,128,8,2025-03-10 10:09:52,41.50,efectivo
15983,74,3,2025-03-10 10:11:48,77.50,efectivo
15984,41,5,2025-03-10 10:14:39,71.50,efectivo
15985,383,4,2025-03-10 10:15:39,26.95,efectivo
15986,822,2,2025-03-10 10:16:12,81.00,tarjeta
15987,849,8,2025-03-10 10:19:29,149.75,tarjeta
15988,314,7,2025-03-10 10:27:45,61.45,tarjeta
15989,200,1,2025-03-10 10:30:50,24.50,efectivo
15990,103,8,2025-03-10 10:32:12,56.45,efectivo
15991,725,6,2025-03-10 10:36:11,40.00,tarjeta
15992,287,9,2025-03-10 10:44:55,109.35,tarjeta
15993,849,5,2025-03-10 10:53:49,122.70,tarjeta
15994,328,10,2025-03-10 10:56:05,175.90,efectivo
15995,811,9,2025-03-10 11:05:09,132.85,tarjeta
15996,559,9,2025-03-10 11:53:23,44.35,tarjeta
15997,208,1,2025-03-10 11:54:01,32.95,efectivo
15998,367,9,2025-03-10 12:00:16,88.45,efectivo
15999,853,10,2025-03-10 12:10:25,30.35,efectivo
16000,913,4,2025-03-10 12:24:15,12.35,tarjeta
16001,701,9,2025-03-10 12:35:06,55.45,tarjeta
16002,467,9,2025-03-10 12:41:26,110.95,efectivo
16003,410,1,2025-03-10 13:07:26,221.25,tarjeta
16004,269,8,2025-03-10 13:11:15,78.00,tarjeta
16005,167,7,2025-03-10 13:20:06,149.85,efectivo
16006,113,1,2025-03-10 13:31:41,62.00,efectivo
16007,924,3,2025-03-10 13:41:26,146.90,tarjeta
16008,490,3,2025-03-10 13:48:41,0.00,efectivo
16009,809,2,2025-03-10 13:58:12,169.25,efectivo
16010,151,6,2025-03-10 14:01:45,156.90,tarjeta
16011,926,3,2025-03-10 14:02:49,104.75,efectivo
16012,823,2,2025-03-10 14:02:51,173.50,tarjeta
16013,373,9,2025-03-10 14:03:03,80.85,efectivo
16014,827,7,2025-03-10 14:03:48,91.90,tarjeta
16015,879,3,2025-03-10 14:11:44,99.95,tarjeta
16016,681,7,2025-03-10 14:30:08,85.85,tarjeta
16017,440,4,2025-03-10 14:34:53,63.50,efectivo
16018,81,3,2025-03-10 14:46:19,95.95,efectivo
16019,716,1,2025-03-10 14:48:56,18.00,tarjeta
16020,359,1,2025-03-10 14:52:21,55.50,efectivo
16021,81,2,2025-03-10 14:53:40,127.70,efectivo
16022,926,6,2025-03-10 14:53:44,115.00,tarjeta
16023,421,4,2025-03-10 14:57:54,79.95,tarjeta
16024,589,9,2025-03-10 15:01:09,10.95,tarjeta
16025,189,6,2025-03-10 15:11:46,60.85,tarjeta
16026,77,5,2025-03-10 15:14:06,75.00,efectivo
16027,937,6,2025-03-10 15:14:43,86.90,efectivo
16028,391,4,2025-03-10 15:30:51,115.90,tarjeta
16029,51,6,2025-03-10 15:38:38,113.40,efectivo
16030,275,7,2025-03-10 15:39:08,175.40,tarjeta
16031,887,7,2025-03-10 15:45:24,85.40,efectivo
16032,933,4,2025-03-10 15:57:29,98.60,tarjeta
16033,339,3,2025-03-10 16:01:44,131.50,efectivo
16034,696,4,2025-03-10 16:06:16,61.00,efectivo
16035,733,6,2025-03-10 16:08:21,174.25,efectivo
16036,713,9,2025-03-10 16:08:45,12.00,efectivo
16037,532,6,2025-03-10 16:08:46,124.40,tarjeta
16038,62,4,2025-03-10 16:08:58,34.00,tarjeta
16039,811,9,2025-03-10 16:14:08,91.50,tarjeta
16040,499,6,2025-03-10 16:24:55,28.50,efectivo
16041,363,8,2025-03-10 16:25:28,119.85,efectivo
16042,179,7,2025-03-10 16:30:06,54.00,efectivo
16043,926,10,2025-03-10 16:31:12,70.00,efectivo
16044,984,8,2025-03-10 16:32:52,112.40,tarjeta
16045,393,8,2025-03-10 16:33:24,46.50,tarjeta
16046,771,1,2025-03-10 16:40:06,98.50,efectivo
16047,267,10,2025-03-10 16:41:59,95.85,efectivo
16048,970,1,2025-03-10 16:44:53,89.90,tarjeta
16049,493,4,2025-03-10 16:49:47,48.45,tarjeta
16050,957,9,2025-03-10 16:49:54,15.50,tarjeta
16051,892,5,2025-03-10 16:58:06,57.95,efectivo
16052,418,3,2025-03-10 16:58:18,152.50,efectivo
16053,849,10,2025-03-10 16:59:22,78.90,efectivo
16054,189,7,2025-03-10 17:09:10,87.00,efectivo
16055,671,1,2025-03-10 17:13:14,194.00,efectivo
16056,268,8,2025-03-10 17:13:58,64.00,tarjeta
16057,690,10,2025-03-10 17:27:36,108.90,tarjeta
16058,104,9,2025-03-10 17:33:25,191.90,tarjeta
16059,146,3,2025-03-10 17:33:53,127.95,tarjeta
16060,675,2,2025-03-10 17:36:14,196.30,tarjeta
16061,193,4,2025-03-10 17:43:11,204.40,tarjeta
16062,829,5,2025-03-10 17:44:33,120.40,efectivo
16063,692,1,2025-03-10 17:45:16,82.40,tarjeta
16064,440,10,2025-03-10 17:51:53,193.45,efectivo
16065,961,2,2025-03-10 18:03:30,24.70,tarjeta
16066,426,1,2025-03-10 18:09:07,28.95,efectivo
16067,223,2,2025-03-10 18:35:21,135.80,tarjeta
16068,834,2,2025-03-10 18:42:31,62.95,efectivo
16069,715,4,2025-03-10 18:46:28,80.65,tarjeta
16070,490,4,2025-03-10 18:59:24,158.95,efectivo
16071,963,4,2025-03-10 19:07:01,18.00,efectivo
16072,104,3,2025-03-10 19:07:39,116.70,efectivo
16073,627,10,2025-03-10 19:16:07,139.00,efectivo
16074,823,8,2025-03-10 19:29:33,60.85,tarjeta
16075,111,8,2025-03-10 19:57:32,185.75,tarjeta
16076,283,9,2025-03-10 20:06:34,71.90,tarjeta
16077,76,5,2025-03-10 20:15:40,71.90,efectivo
16078,853,5,2025-03-10 20:20:05,131.75,tarjeta
16079,13,4,2025-03-10 20:27:40,19.95,tarjeta
16080,367,4,2025-03-10 20:32:31,47.35,efectivo
16081,272,6,2025-03-10 20:46:52,0.00,efectivo
16082,42,5,2025-03-10 21:01:36,64.00,efectivo
16083,31,9,2025-03-10 21:26:28,92.85,tarjeta
16084,273,2,2025-03-10 21:28:31,103.90,tarjeta
16085,528,7,2025-03-10 21:36:28,84.95,tarjeta
16086,927,2,2025-03-10 22:10:26,87.00,tarjeta
16087,924,8,2025-03-10 22:14:32,127.25,tarjeta
16088,65,6,2025-03-10 22:19:57,138.50,tarjeta
16089,192,10,2025-03-10 22:38:20,66.95,efectivo
16090,208,10,2025-03-10 22:53:31,117.50,tarjeta
16091,818,1,2025-03-11 06:01:34,67.45,tarjeta
16092,697,2,2025-03-11 06:02:08,40.00,efectivo
16093,686,4,2025-03-11 06:02:33,93.95,efectivo
16094,767,5,2025-03-11 06:03:24,37.90,efectivo
16095,983,5,2025-03-11 06:06:27,37.50,efectivo
16096,917,8,2025-03-11 06:07:13,46.90,efectivo
16097,797,3,2025-03-11 06:11:10,68.95,efectivo
16098,302,4,2025-03-11 06:16:27,0.00,tarjeta
16099,974,1,2025-03-11 06:24:52,26.95,tarjeta
16100,207,4,2025-03-11 06:26:10,26.95,tarjeta
16101,293,10,2025-03-11 06:29:22,57.95,tarjeta
16102,96,10,2025-03-11 06:32:25,10.00,tarjeta
16103,579,6,2025-03-11 06:32:36,51.45,efectivo
16104,744,10,2025-03-11 06:34:12,53.00,efectivo
16105,293,8,2025-03-11 06:34:23,75.40,efectivo
16106,161,2,2025-03-11 06:35:26,52.45,tarjeta
16107,728,5,2025-03-11 06:38:58,0.00,tarjeta
16108,969,3,2025-03-11 06:41:24,60.90,efectivo
16109,197,2,2025-03-11 06:41:46,15.50,tarjeta
16110,841,7,2025-03-11 06:48:06,167.45,tarjeta
16111,691,3,2025-03-11 06:54:18,48.95,tarjeta
16112,29,4,2025-03-11 06:55:36,10.95,tarjeta
16113,895,7,2025-03-11 06:58:32,37.50,efectivo
16114,207,8,2025-03-11 06:58:41,20.95,efectivo
16115,170,6,2025-03-11 07:04:21,84.40,tarjeta
16116,377,3,2025-03-11 07:07:02,61.30,efectivo
16117,856,9,2025-03-11 07:07:03,110.90,efectivo
16118,595,1,2025-03-11 07:11:26,53.95,efectivo
16119,120,9,2025-03-11 07:12:44,22.00,tarjeta
16120,392,10,2025-03-11 07:15:29,0.00,efectivo
16121,410,6,2025-03-11 07:18:00,71.90,efectivo
16122,445,9,2025-03-11 07:19:37,37.90,efectivo
16123,803,5,2025-03-11 07:21:19,61.00,tarjeta
16124,31,5,2025-03-11 07:21:31,69.85,efectivo
16125,292,5,2025-03-11 07:23:10,37.90,efectivo
16126,216,10,2025-03-11 07:23:13,10.95,tarjeta
16127,143,3,2025-03-11 07:23:37,53.00,efectivo
16128,526,9,2025-03-11 07:28:46,47.45,tarjeta
16129,633,8,2025-03-11 07:33:18,22.00,efectivo
16130,175,7,2025-03-11 07:42:17,46.50,tarjeta
16131,242,9,2025-03-11 07:46:03,26.95,efectivo
16132,452,5,2025-03-11 07:47:56,20.95,efectivo
16133,150,8,2025-03-11 07:49:16,109.80,efectivo
16134,464,10,2025-03-11 07:50:11,26.95,tarjeta
16135,568,4,2025-03-11 07:50:13,30.00,efectivo
16136,837,4,2025-03-11 07:51:25,101.00,efectivo
16137,448,7,2025-03-11 07:52:24,10.00,tarjeta
16138,680,7,2025-03-11 07:54:10,25.50,tarjeta
16139,26,1,2025-03-11 07:57:11,18.00,efectivo
16140,344,3,2025-03-11 07:57:45,31.00,tarjeta
16141,7,3,2025-03-11 08:00:23,32.30,efectivo
16142,105,9,2025-03-11 08:01:04,22.00,efectivo
16143,434,7,2025-03-11 08:05:12,35.00,tarjeta
16144,422,3,2025-03-11 08:09:35,10.95,tarjeta
16145,199,7,2025-03-11 08:11:05,22.50,tarjeta
16146,39,9,2025-03-11 08:12:58,22.00,tarjeta
16147,12,7,2025-03-11 08:17:09,53.00,efectivo
16148,572,10,2025-03-11 08:24:10,18.00,efectivo
16149,757,3,2025-03-11 08:24:10,35.95,efectivo
16150,691,4,2025-03-11 08:28:17,15.50,efectivo
16151,185,3,2025-03-11 08:30:09,35.45,tarjeta
16152,793,1,2025-03-11 08:30:37,42.90,efectivo
16153,765,9,2025-03-11 08:38:11,22.00,efectivo
16154,280,9,2025-03-11 08:44:45,22.00,tarjeta
16155,167,3,2025-03-11 08:45:27,54.95,tarjeta
16156,288,8,2025-03-11 08:50:39,50.50,tarjeta
16157,368,2,2025-03-11 08:52:35,48.95,tarjeta
16158,85,9,2025-03-11 08:55:23,66.45,efectivo
16159,605,6,2025-03-11 09:02:43,47.90,tarjeta
16160,586,4,2025-03-11 09:03:27,41.95,tarjeta
16161,728,1,2025-03-11 09:09:08,26.95,efectivo
16162,287,1,2025-03-11 09:10:38,113.90,efectivo
16163,206,6,2025-03-11 09:15:02,31.00,efectivo
16164,130,2,2025-03-11 09:15:06,60.00,efectivo
16165,783,7,2025-03-11 09:15:40,36.95,tarjeta
16166,927,7,2025-03-11 09:16:27,90.45,tarjeta
16167,713,10,2025-03-11 09:17:12,48.95,efectivo
16168,739,4,2025-03-11 09:23:42,15.50,efectivo
16169,95,4,2025-03-11 09:28:26,22.00,tarjeta
16170,630,8,2025-03-11 09:29:21,48.95,efectivo
16171,803,7,2025-03-11 09:29:27,27.50,efectivo
16172,217,7,2025-03-11 09:29:47,34.35,tarjeta
16173,749,7,2025-03-11 09:31:00,12.00,tarjeta
16174,321,6,2025-03-11 09:42:55,53.00,efectivo
16175,315,6,2025-03-11 09:48:15,10.00,tarjeta
16176,421,4,2025-03-11 09:55:13,171.55,tarjeta
16177,753,7,2025-03-11 09:55:44,60.95,tarjeta
16178,318,4,2025-03-11 10:01:23,59.70,tarjeta
16179,713,10,2025-03-11 10:07:08,32.50,efectivo
16180,697,1,2025-03-11 10:07:44,12.00,tarjeta
16181,250,1,2025-03-11 10:09:17,47.50,efectivo
16182,346,10,2025-03-11 10:15:16,55.50,efectivo
16183,290,8,2025-03-11 10:16:54,117.45,efectivo
16184,899,10,2025-03-11 10:17:07,22.95,tarjeta
16185,122,3,2025-03-11 10:17:24,12.00,tarjeta
16186,185,9,2025-03-11 10:19:17,10.95,efectivo
16187,783,8,2025-03-11 10:23:22,36.50,efectivo
16188,446,7,2025-03-11 10:25:10,0.00,efectivo
16189,280,2,2025-03-11 10:27:25,20.95,efectivo
16190,899,10,2025-03-11 10:29:06,15.50,efectivo
16191,109,5,2025-03-11 10:31:04,82.45,efectivo
16192,217,1,2025-03-11 10:34:20,24.95,efectivo
16193,281,4,2025-03-11 10:34:48,31.00,tarjeta
16194,69,6,2025-03-11 10:35:18,12.00,tarjeta
16195,931,2,2025-03-11 10:35:46,73.25,efectivo
16196,554,8,2025-03-11 10:36:55,42.50,efectivo
16197,744,4,2025-03-11 10:37:22,36.95,efectivo
16198,611,9,2025-03-11 10:38:13,64.50,efectivo
16199,333,1,2025-03-11 10:38:26,148.80,tarjeta
16200,755,3,2025-03-11 10:40:43,22.95,efectivo
16201,260,5,2025-03-11 10:46:18,31.00,efectivo
16202,890,10,2025-03-11 10:47:13,36.95,tarjeta
16203,281,9,2025-03-11 10:47:14,10.00,efectivo
16204,189,10,2025-03-11 10:51:12,35.00,tarjeta
16205,405,2,2025-03-11 10:51:42,90.00,efectivo
16206,133,2,2025-03-11 10:55:45,45.95,efectivo
16207,2,3,2025-03-11 10:56:27,8.00,efectivo
16208,421,1,2025-03-11 11:10:29,54.95,tarjeta
16209,443,9,2025-03-11 11:15:42,36.50,efectivo
16210,186,5,2025-03-11 11:16:53,99.90,tarjeta
16211,751,9,2025-03-11 11:21:06,51.85,efectivo
16212,106,9,2025-03-11 11:31:57,15.50,efectivo
16213,158,9,2025-03-11 11:34:27,152.45,tarjeta
16214,561,2,2025-03-11 11:46:06,200.90,efectivo
16215,447,8,2025-03-11 11:54:43,18.00,efectivo
16216,809,7,2025-03-11 11:55:20,64.80,tarjeta
16217,829,3,2025-03-11 11:58:15,155.90,efectivo
16218,337,10,2025-03-11 11:58:41,35.00,tarjeta
16219,729,6,2025-03-11 12:09:39,8.00,efectivo
16220,433,6,2025-03-11 12:10:57,58.50,tarjeta
16221,398,6,2025-03-11 12:20:03,102.75,efectivo
16222,933,7,2025-03-11 12:21:58,195.45,efectivo
16223,888,1,2025-03-11 12:53:50,28.00,tarjeta
16224,848,5,2025-03-11 12:58:24,85.90,tarjeta
16225,549,6,2025-03-11 13:00:48,15.50,efectivo
16226,465,5,2025-03-11 13:02:10,118.50,efectivo
16227,107,8,2025-03-11 13:08:25,66.90,efectivo
16228,686,5,2025-03-11 13:13:55,91.40,efectivo
16229,123,8,2025-03-11 13:14:33,57.95,efectivo
16230,257,2,2025-03-11 13:21:48,12.00,efectivo
16231,372,7,2025-03-11 13:31:18,120.90,efectivo
16232,836,1,2025-03-11 13:37:13,105.95,efectivo
16233,187,10,2025-03-11 13:39:39,211.80,tarjeta
16234,393,10,2025-03-11 13:41:25,18.00,tarjeta
16235,834,3,2025-03-11 13:45:46,42.95,tarjeta
16236,328,7,2025-03-11 13:50:12,145.65,tarjeta
16237,472,3,2025-03-11 13:56:11,150.50,tarjeta
16238,287,10,2025-03-11 13:59:01,121.00,tarjeta
16239,55,5,2025-03-11 14:10:20,42.95,tarjeta
16240,116,9,2025-03-11 14:18:19,10.00,tarjeta
16241,663,4,2025-03-11 14:26:04,18.00,efectivo
16242,190,1,2025-03-11 14:28:02,35.00,efectivo
16243,827,1,2025-03-11 14:49:16,146.30,tarjeta
16244,465,7,2025-03-11 14:59:19,28.50,tarjeta
16245,607,2,2025-03-11 15:10:13,80.35,tarjeta
16246,649,2,2025-03-11 15:20:22,44.50,efectivo
16247,363,9,2025-03-11 15:31:14,126.80,tarjeta
16248,236,7,2025-03-11 15:35:10,12.35,tarjeta
16249,500,10,2025-03-11 15:39:54,84.95,tarjeta
16250,389,6,2025-03-11 15:58:28,53.00,tarjeta
16251,860,3,2025-03-11 16:01:37,57.50,tarjeta
16252,687,8,2025-03-11 16:24:24,100.25,efectivo
16253,235,3,2025-03-11 16:28:00,32.50,efectivo
16254,83,7,2025-03-11 16:41:09,90.40,efectivo
16255,67,5,2025-03-11 16:41:38,95.80,tarjeta
16256,870,2,2025-03-11 16:48:03,148.90,tarjeta
16257,717,4,2025-03-11 16:49:24,42.95,tarjeta
16258,424,9,2025-03-11 16:55:48,12.00,efectivo
16259,835,2,2025-03-11 17:00:42,192.50,efectivo
16260,208,2,2025-03-11 17:05:30,39.95,tarjeta
16261,816,7,2025-03-11 17:13:15,67.50,efectivo
16262,268,9,2025-03-11 17:17:04,157.85,tarjeta
16263,348,7,2025-03-11 17:17:44,93.45,efectivo
16264,965,5,2025-03-11 17:19:48,64.00,efectivo
16265,395,4,2025-03-11 17:21:16,146.75,tarjeta
16266,157,1,2025-03-11 17:24:10,40.00,efectivo
16267,660,1,2025-03-11 17:29:45,85.30,tarjeta
16268,248,2,2025-03-11 17:30:25,133.00,efectivo
16269,395,10,2025-03-11 17:35:48,133.70,tarjeta
16270,239,8,2025-03-11 17:40:51,108.90,efectivo
16271,233,3,2025-03-11 17:41:26,24.95,efectivo
16272,175,6,2025-03-11 17:42:36,63.95,tarjeta
16273,267,8,2025-03-11 18:08:41,100.45,efectivo
16274,906,3,2025-03-11 18:09:15,28.50,efectivo
16275,653,9,2025-03-11 18:50:00,160.85,efectivo
16276,102,8,2025-03-11 19:08:16,10.95,efectivo
16277,522,5,2025-03-11 19:18:05,87.90,efectivo
16278,590,10,2025-03-11 19:37:05,130.35,efectivo
16279,79,4,2025-03-11 19:41:31,46.95,efectivo
16280,876,4,2025-03-11 20:16:14,85.45,efectivo
16281,849,5,2025-03-11 20:24:47,82.85,efectivo
16282,550,2,2025-03-11 20:50:56,8.00,tarjeta
16283,507,2,2025-03-11 20:52:47,166.80,tarjeta
16284,984,7,2025-03-11 21:04:43,126.90,efectivo
16285,861,5,2025-03-11 21:13:51,16.50,efectivo
16286,659,6,2025-03-11 21:15:51,141.90,tarjeta
16287,384,3,2025-03-11 21:18:30,22.50,efectivo
16288,21,8,2025-03-11 21:36:09,51.45,efectivo
16289,774,9,2025-03-11 22:04:45,74.85,tarjeta
16290,780,4,2025-03-11 22:12:14,18.00,tarjeta
16291,742,4,2025-03-11 22:14:52,56.90,tarjeta
16292,387,8,2025-03-11 22:22:00,242.20,efectivo
16293,846,6,2025-03-11 22:26:15,98.50,tarjeta
16294,712,3,2025-03-11 22:35:14,53.00,efectivo
16295,450,10,2025-03-11 22:37:15,89.50,tarjeta
16296,992,5,2025-03-11 22:41:13,58.45,tarjeta
16297,701,8,2025-03-11 22:42:26,116.90,efectivo
16298,402,2,2025-03-12 06:11:24,43.00,efectivo
16299,206,2,2025-03-12 06:11:34,82.45,tarjeta
16300,45,2,2025-03-12 06:13:21,41.95,tarjeta
16301,322,8,2025-03-12 06:14:44,57.95,efectivo
16302,659,5,2025-03-12 06:16:57,18.00,efectivo
16303,697,3,2025-03-12 06:16:59,51.45,tarjeta
16304,501,5,2025-03-12 06:17:50,85.40,efectivo
16305,522,10,2025-03-12 06:18:35,91.70,efectivo
16306,584,4,2025-03-12 06:20:43,26.95,efectivo
16307,108,10,2025-03-12 06:29:30,26.45,tarjeta
16308,446,10,2025-03-12 06:42:29,12.00,tarjeta
16309,677,3,2025-03-12 06:45:40,26.95,tarjeta
16310,822,4,2025-03-12 06:46:29,8.00,efectivo
16311,494,1,2025-03-12 06:50:23,35.95,tarjeta
16312,315,4,2025-03-12 06:50:45,31.00,tarjeta
16313,228,7,2025-03-12 06:50:46,87.20,tarjeta
16314,103,3,2025-03-12 07:00:09,12.00,tarjeta
16315,176,1,2025-03-12 07:00:10,73.45,efectivo
16316,344,4,2025-03-12 07:12:34,26.95,efectivo
16317,124,8,2025-03-12 07:15:03,24.50,efectivo
16318,574,8,2025-03-12 07:15:53,102.45,efectivo
16319,437,3,2025-03-12 07:17:01,12.00,efectivo
16320,630,9,2025-03-12 07:27:04,30.00,efectivo
16321,526,1,2025-03-12 07:29:09,10.95,tarjeta
16322,390,8,2025-03-12 07:30:11,220.35,efectivo
16323,119,2,2025-03-12 07:34:41,10.00,tarjeta
16324,533,5,2025-03-12 07:48:35,66.95,efectivo
16325,445,10,2025-03-12 07:51:45,55.50,efectivo
16326,659,4,2025-03-12 07:53:57,66.85,tarjeta
16327,664,2,2025-03-12 07:57:43,80.90,efectivo
16328,216,8,2025-03-12 08:04:33,29.50,efectivo
16329,160,6,2025-03-12 08:08:03,55.50,efectivo
16330,230,8,2025-03-12 08:11:32,38.00,tarjeta
16331,98,5,2025-03-12 08:15:13,57.50,tarjeta
16332,161,3,2025-03-12 08:16:00,49.00,tarjeta
16333,677,2,2025-03-12 08:16:01,65.00,tarjeta
16334,313,6,2025-03-12 08:18:32,37.90,efectivo
16335,742,9,2025-03-12 08:20:11,125.80,efectivo
16336,760,7,2025-03-12 08:22:33,10.00,tarjeta
16337,161,1,2025-03-12 08:23:51,22.00,efectivo
16338,956,2,2025-03-12 08:24:55,202.40,efectivo
16339,780,1,2025-03-12 08:26:39,134.40,efectivo
16340,755,3,2025-03-12 08:27:56,15.50,tarjeta
16341,433,6,2025-03-12 08:29:38,53.95,tarjeta
16342,588,3,2025-03-12 08:31:34,55.95,efectivo
16343,84,9,2025-03-12 08:38:08,73.45,efectivo
16344,302,3,2025-03-12 08:42:48,53.40,efectivo
16345,964,8,2025-03-12 08:45:42,10.00,tarjeta
16346,873,6,2025-03-12 08:49:44,55.50,tarjeta
16347,27,10,2025-03-12 08:58:38,8.00,efectivo
16348,818,3,2025-03-12 09:01:12,15.50,efectivo
16349,843,7,2025-03-12 09:03:45,26.00,efectivo
16350,789,10,2025-03-12 09:04:08,22.00,efectivo
16351,642,5,2025-03-12 09:06:45,0.00,efectivo
16352,233,1,2025-03-12 09:15:20,10.95,tarjeta
16353,288,8,2025-03-12 09:19:18,75.95,tarjeta
16354,406,3,2025-03-12 09:25:19,46.50,tarjeta
16355,248,5,2025-03-12 09:36:51,107.50,efectivo
16356,643,10,2025-03-12 09:37:44,10.95,tarjeta
16357,915,1,2025-03-12 09:47:40,26.95,efectivo
16358,74,1,2025-03-12 09:48:48,15.50,tarjeta
16359,422,9,2025-03-12 09:50:44,35.45,tarjeta
16360,924,7,2025-03-12 09:54:12,57.90,efectivo
16361,328,6,2025-03-12 09:58:41,0.00,tarjeta
16362,915,7,2025-03-12 10:00:54,35.45,efectivo
16363,446,10,2025-03-12 10:02:50,10.95,tarjeta
16364,372,4,2025-03-12 10:05:29,203.70,tarjeta
16365,193,3,2025-03-12 10:05:52,121.95,tarjeta
16366,280,3,2025-03-12 10:07:07,31.00,efectivo
16367,180,6,2025-03-12 10:16:46,64.45,tarjeta
16368,692,4,2025-03-12 10:24:51,187.90,efectivo
16369,873,2,2025-03-12 10:28:57,53.00,tarjeta
16370,363,8,2025-03-12 10:29:53,111.20,efectivo
16371,28,1,2025-03-12 10:30:21,49.50,tarjeta
16372,605,4,2025-03-12 10:33:02,46.50,efectivo
16373,196,6,2025-03-12 10:36:35,32.95,tarjeta
16374,614,5,2025-03-12 10:39:29,10.00,efectivo
16375,456,10,2025-03-12 10:40:34,25.50,efectivo
16376,370,10,2025-03-12 10:40:50,25.50,tarjeta
16377,687,3,2025-03-12 10:43:10,139.25,tarjeta
16378,10,5,2025-03-12 10:49:37,46.50,tarjeta
16379,288,5,2025-03-12 10:50:54,31.00,efectivo
16380,513,4,2025-03-12 10:55:02,10.00,tarjeta
16381,377,3,2025-03-12 10:58:33,40.00,efectivo
16382,661,2,2025-03-12 10:59:11,102.00,tarjeta
16383,418,3,2025-03-12 11:10:49,138.85,efectivo
16384,639,3,2025-03-12 11:32:13,60.90,tarjeta
16385,430,6,2025-03-12 11:38:40,20.00,efectivo
16386,179,1,2025-03-12 11:40:05,57.00,efectivo
16387,554,2,2025-03-12 11:40:18,35.00,tarjeta
16388,641,6,2025-03-12 12:13:10,89.00,efectivo
16389,622,10,2025-03-12 12:14:30,53.95,tarjeta
16390,672,9,2025-03-12 12:30:00,134.85,efectivo
16391,662,5,2025-03-12 12:41:16,70.85,efectivo
16392,721,9,2025-03-12 12:52:17,70.00,tarjeta
16393,458,10,2025-03-12 12:53:29,111.90,efectivo
16394,372,5,2025-03-12 12:58:34,157.40,tarjeta
16395,301,3,2025-03-12 13:13:57,116.80,tarjeta
16396,333,8,2025-03-12 13:28:42,150.40,efectivo
16397,127,8,2025-03-12 13:28:58,39.00,efectivo
16398,76,2,2025-03-12 13:35:54,103.40,tarjeta
16399,883,8,2025-03-12 13:54:37,70.00,tarjeta
16400,365,8,2025-03-12 13:59:16,22.95,tarjeta
16401,297,9,2025-03-12 14:09:52,49.90,efectivo
16402,189,10,2025-03-12 14:26:48,112.80,tarjeta
16403,809,4,2025-03-12 14:44:40,86.30,efectivo
16404,895,9,2025-03-12 14:52:27,71.00,efectivo
16405,860,3,2025-03-12 14:57:40,86.80,tarjeta
16406,51,1,2025-03-12 14:59:30,116.45,tarjeta
16407,682,4,2025-03-12 15:01:03,135.90,tarjeta
16408,869,7,2025-03-12 15:02:52,10.95,tarjeta
16409,414,10,2025-03-12 15:05:43,0.00,efectivo
16410,933,10,2025-03-12 15:07:22,67.90,efectivo
16411,653,1,2025-03-12 15:09:44,141.00,tarjeta
16412,585,8,2025-03-12 15:11:01,64.00,efectivo
16413,79,7,2025-03-12 15:12:03,24.00,efectivo
16414,80,1,2025-03-12 15:12:33,121.90,tarjeta
16415,398,4,2025-03-12 15:24:35,120.50,efectivo
16416,451,8,2025-03-12 15:28:14,124.00,efectivo
16417,277,8,2025-03-12 15:30:49,22.50,efectivo
16418,372,10,2025-03-12 15:30:49,92.85,efectivo
16419,612,4,2025-03-12 15:58:19,92.85,efectivo
16420,145,8,2025-03-12 15:58:52,63.95,efectivo
16421,834,4,2025-03-12 16:03:44,90.35,efectivo
16422,389,6,2025-03-12 16:04:57,84.85,tarjeta
16423,333,10,2025-03-12 16:07:49,95.95,tarjeta
16424,811,4,2025-03-12 16:22:14,32.00,tarjeta
16425,887,7,2025-03-12 16:24:33,148.25,efectivo
16426,451,3,2025-03-12 16:36:23,202.40,tarjeta
16427,695,9,2025-03-12 16:42:00,10.95,tarjeta
16428,717,9,2025-03-12 16:50:46,119.95,tarjeta
16429,135,6,2025-03-12 16:53:57,194.90,efectivo
16430,451,3,2025-03-12 16:56:14,115.75,efectivo
16431,262,10,2025-03-12 17:08:57,18.00,tarjeta
16432,849,7,2025-03-12 17:09:07,161.20,efectivo
16433,738,7,2025-03-12 17:16:18,126.50,tarjeta
16434,13,5,2025-03-12 17:20:16,139.30,tarjeta
16435,180,5,2025-03-12 17:20:55,42.95,efectivo
16436,278,3,2025-03-12 17:25:55,58.00,efectivo
16437,714,1,2025-03-12 17:31:35,107.00,efectivo
16438,191,1,2025-03-12 17:32:36,8.00,efectivo
16439,554,9,2025-03-12 17:35:16,50.00,efectivo
16440,714,9,2025-03-12 17:36:23,233.80,tarjeta
16441,466,8,2025-03-12 17:39:15,59.95,efectivo
16442,280,4,2025-03-12 17:39:31,77.50,efectivo
16443,628,1,2025-03-12 17:40:39,26.95,efectivo
16444,67,6,2025-03-12 17:53:53,28.50,efectivo
16445,365,8,2025-03-12 18:05:47,68.40,tarjeta
16446,451,7,2025-03-12 18:10:38,135.30,efectivo
16447,714,3,2025-03-12 18:13:08,85.95,efectivo
16448,80,6,2025-03-12 18:18:26,95.80,efectivo
16449,414,10,2025-03-12 18:52:38,132.25,tarjeta
16450,209,6,2025-03-12 18:54:06,138.35,tarjeta
16451,961,4,2025-03-12 19:12:15,52.00,tarjeta
16452,839,7,2025-03-12 19:12:37,158.80,tarjeta
16453,449,1,2025-03-12 19:39:03,96.00,tarjeta
16454,146,1,2025-03-12 20:03:55,153.45,efectivo
16455,267,9,2025-03-12 20:05:21,132.90,efectivo
16456,745,6,2025-03-12 20:09:41,10.00,tarjeta
16457,714,8,2025-03-12 20:18:19,191.65,tarjeta
16458,180,2,2025-03-12 20:27:23,159.85,tarjeta
16459,431,7,2025-03-12 20:30:00,18.00,efectivo
16460,956,4,2025-03-12 20:32:43,60.95,tarjeta
16461,840,2,2025-03-12 20:45:00,78.50,tarjeta
16462,24,3,2025-03-12 21:03:45,59.50,efectivo
16463,771,1,2025-03-12 21:10:50,60.50,tarjeta
16464,797,3,2025-03-12 21:23:03,89.45,efectivo
16465,958,3,2025-03-12 21:35:18,43.00,tarjeta
16466,164,9,2025-03-12 21:49:09,53.95,tarjeta
16467,540,3,2025-03-12 21:52:34,130.40,efectivo
16468,118,3,2025-03-12 21:55:40,38.90,efectivo
16469,590,2,2025-03-12 21:56:27,63.50,tarjeta
16470,158,2,2025-03-12 22:18:11,74.85,tarjeta
16471,742,10,2025-03-12 22:35:10,135.40,tarjeta
16472,239,2,2025-03-12 22:45:00,64.60,efectivo
16473,712,5,2025-03-13 06:01:58,24.50,tarjeta
16474,827,3,2025-03-13 06:04:08,18.00,efectivo
16475,122,8,2025-03-13 06:05:40,12.00,tarjeta
16476,563,4,2025-03-13 06:06:29,10.95,efectivo
16477,664,5,2025-03-13 06:15:15,63.00,tarjeta
16478,532,9,2025-03-13 06:16:11,177.30,efectivo
16479,77,3,2025-03-13 06:19:29,52.90,efectivo
16480,948,9,2025-03-13 06:27:04,0.00,efectivo
16481,873,5,2025-03-13 06:33:50,46.50,efectivo
16482,481,6,2025-03-13 06:33:51,12.00,tarjeta
16483,691,2,2025-03-13 06:35:57,79.95,tarjeta
16484,464,6,2025-03-13 06:38:40,36.00,tarjeta
16485,356,6,2025-03-13 06:38:57,16.50,tarjeta
16486,783,1,2025-03-13 06:45:31,28.50,tarjeta
16487,380,8,2025-03-13 06:46:24,71.00,tarjeta
16488,873,6,2025-03-13 06:48:40,53.00,efectivo
16489,972,10,2025-03-13 06:50:51,31.00,tarjeta
16490,28,7,2025-03-13 06:57:04,31.00,efectivo
16491,64,4,2025-03-13 07:02:03,67.50,tarjeta
16492,381,6,2025-03-13 07:04:09,100.90,tarjeta
16493,302,7,2025-03-13 07:08:05,52.00,tarjeta
16494,520,5,2025-03-13 07:12:13,53.00,efectivo
16495,680,7,2025-03-13 07:12:52,24.50,efectivo
16496,377,5,2025-03-13 07:19:02,85.95,efectivo
16497,520,9,2025-03-13 07:19:29,34.50,tarjeta
16498,575,8,2025-03-13 07:20:43,41.95,efectivo
16499,185,6,2025-03-13 07:27:52,37.50,tarjeta
16500,359,6,2025-03-13 07:29:09,30.00,efectivo
16501,209,3,2025-03-13 07:30:45,75.00,tarjeta
16502,698,4,2025-03-13 07:30:46,103.90,efectivo
16503,329,10,2025-03-13 07:31:12,24.50,efectivo
16504,119,2,2025-03-13 07:34:50,86.95,efectivo
16505,356,1,2025-03-13 07:35:19,48.95,tarjeta
16506,257,10,2025-03-13 07:40:17,57.95,tarjeta
16507,103,9,2025-03-13 07:44:19,48.95,tarjeta
16508,254,9,2025-03-13 07:49:34,31.00,tarjeta
16509,176,10,2025-03-13 07:50:41,31.00,tarjeta
16510,78,4,2025-03-13 07:57:54,57.95,efectivo
16511,490,4,2025-03-13 08:02:22,60.00,tarjeta
16512,405,8,2025-03-13 08:04:08,12.00,tarjeta
16513,116,4,2025-03-13 08:09:03,10.95,tarjeta
16514,242,10,2025-03-13 08:12:20,26.95,efectivo
16515,954,5,2025-03-13 08:16:20,35.45,tarjeta
16516,921,10,2025-03-13 08:32:50,46.50,tarjeta
16517,423,5,2025-03-13 08:36:13,46.50,tarjeta
16518,744,6,2025-03-13 08:56:29,75.35,tarjeta
16519,461,6,2025-03-13 08:59:06,12.00,efectivo
16520,572,1,2025-03-13 09:01:33,51.45,tarjeta
16521,33,7,2025-03-13 09:02:48,31.00,efectivo
16522,428,2,2025-03-13 09:02:51,10.00,tarjeta
16523,854,10,2025-03-13 09:03:44,12.00,tarjeta
16524,128,6,2025-03-13 09:04:47,53.00,tarjeta
16525,921,6,2025-03-13 09:05:54,42.45,efectivo
16526,80,5,2025-03-13 09:09:07,64.85,efectivo
16527,232,2,2025-03-13 09:17:58,72.90,efectivo
16528,657,8,2025-03-13 09:19:53,63.95,efectivo
16529,717,6,2025-03-13 09:22:41,164.15,tarjeta
16530,445,3,2025-03-13 09:22:43,32.00,efectivo
16531,887,5,2025-03-13 09:23:03,101.90,efectivo
16532,242,2,2025-03-13 09:27:05,10.95,tarjeta
16533,766,10,2025-03-13 09:30:38,46.50,tarjeta
16534,39,10,2025-03-13 09:32:49,31.00,tarjeta
16535,915,6,2025-03-13 09:34:41,31.00,efectivo
16536,526,5,2025-03-13 09:36:30,48.95,tarjeta
16537,567,3,2025-03-13 09:43:44,12.00,efectivo
16538,390,3,2025-03-13 09:43:52,95.50,efectivo
16539,317,7,2025-03-13 09:44:30,15.50,tarjeta
16540,178,9,2025-03-13 09:49:43,15.50,tarjeta
16541,664,1,2025-03-13 09:56:40,48.95,tarjeta
16542,78,6,2025-03-13 09:59:04,97.40,efectivo
16543,523,1,2025-03-13 10:00:25,37.90,tarjeta
16544,387,6,2025-03-13 10:02:40,121.90,tarjeta
16545,278,9,2025-03-13 10:02:49,73.90,efectivo
16546,270,4,2025-03-13 10:04:54,36.45,efectivo
16547,418,7,2025-03-13 10:06:32,48.35,efectivo
16548,389,7,2025-03-13 10:19:56,71.00,efectivo
16549,428,4,2025-03-13 10:31:47,48.95,tarjeta
16550,206,8,2025-03-13 10:32:33,22.00,tarjeta
16551,568,3,2025-03-13 10:35:20,22.95,efectivo
16552,975,7,2025-03-13 10:49:13,22.00,efectivo
16553,9,9,2025-03-13 10:49:58,98.95,efectivo
16554,141,4,2025-03-13 10:55:00,74.85,tarjeta
16555,520,1,2025-03-13 10:56:08,90.90,tarjeta
16556,643,5,2025-03-13 10:56:19,35.45,tarjeta
16557,322,1,2025-03-13 10:58:03,55.50,tarjeta
16558,831,1,2025-03-13 11:03:49,134.50,tarjeta
16559,77,6,2025-03-13 11:19:46,68.85,efectivo
16560,351,1,2025-03-13 11:30:48,77.00,tarjeta
16561,430,10,2025-03-13 11:32:08,130.40,tarjeta
16562,573,10,2025-03-13 11:32:31,102.45,efectivo
16563,516,9,2025-03-13 11:51:21,24.95,efectivo
16564,729,8,2025-03-13 12:03:28,190.20,efectivo
16565,3,1,2025-03-13 12:05:09,71.45,tarjeta
16566,839,1,2025-03-13 12:06:53,95.80,efectivo
16567,678,3,2025-03-13 12:06:58,22.00,efectivo
16568,92,8,2025-03-13 12:20:56,83.45,efectivo
16569,942,7,2025-03-13 12:31:31,38.85,tarjeta
16570,465,4,2025-03-13 12:37:39,53.95,tarjeta
16571,816,1,2025-03-13 12:45:23,80.95,tarjeta
16572,490,2,2025-03-13 13:01:28,92.50,efectivo
16573,414,7,2025-03-13 13:07:50,141.80,tarjeta
16574,607,8,2025-03-13 13:16:58,54.00,efectivo
16575,391,10,2025-03-13 13:28:42,45.95,tarjeta
16576,768,9,2025-03-13 13:42:00,101.50,efectivo
16577,403,6,2025-03-13 13:42:30,31.95,efectivo
16578,339,6,2025-03-13 13:56:07,91.00,tarjeta
16579,332,2,2025-03-13 14:24:18,63.00,tarjeta
16580,743,2,2025-03-13 14:40:19,16.50,tarjeta
16581,811,9,2025-03-13 14:48:28,116.85,efectivo
16582,836,10,2025-03-13 14:53:02,188.65,efectivo
16583,617,3,2025-03-13 14:54:37,38.90,efectivo
16584,956,3,2025-03-13 15:03:54,113.80,efectivo
16585,471,10,2025-03-13 15:07:59,127.80,efectivo
16586,13,3,2025-03-13 15:08:08,91.50,efectivo
16587,919,3,2025-03-13 15:10:12,162.80,efectivo
16588,454,6,2025-03-13 15:23:19,119.95,tarjeta
16589,607,5,2025-03-13 15:24:37,66.95,tarjeta
16590,646,3,2025-03-13 15:31:10,47.95,efectivo
16591,607,7,2025-03-13 15:31:23,167.80,tarjeta
16592,827,9,2025-03-13 15:36:37,145.45,tarjeta
16593,67,1,2025-03-13 15:47:12,123.80,tarjeta
16594,63,7,2025-03-13 15:58:41,24.50,efectivo
16595,297,5,2025-03-13 15:59:53,82.80,efectivo
16596,730,9,2025-03-13 16:05:59,94.85,efectivo
16597,738,5,2025-03-13 16:12:15,89.00,efectivo
16598,297,6,2025-03-13 16:13:29,111.45,efectivo
16599,532,1,2025-03-13 16:13:53,106.95,efectivo
16600,282,7,2025-03-13 16:15:17,39.00,efectivo
16601,816,5,2025-03-13 16:18:04,159.00,efectivo
16602,376,5,2025-03-13 16:18:26,41.95,efectivo
16603,42,2,2025-03-13 16:29:23,147.25,tarjeta
16604,358,8,2025-03-13 16:30:37,12.35,efectivo
16605,168,2,2025-03-13 16:30:44,92.50,efectivo
16606,478,6,2025-03-13 16:36:41,63.50,tarjeta
16607,11,1,2025-03-13 16:43:29,76.85,tarjeta
16608,223,5,2025-03-13 16:58:45,72.95,tarjeta
16609,949,8,2025-03-13 16:59:10,139.60,tarjeta
16610,109,4,2025-03-13 17:04:09,62.40,tarjeta
16611,863,7,2025-03-13 17:05:07,48.45,efectivo
16612,834,9,2025-03-13 17:08:13,77.95,tarjeta
16613,283,6,2025-03-13 17:09:42,95.50,tarjeta
16614,926,4,2025-03-13 17:29:27,166.45,tarjeta
16615,840,7,2025-03-13 17:32:47,36.00,efectivo
16616,205,2,2025-03-13 17:42:12,63.90,efectivo
16617,851,1,2025-03-13 17:45:06,132.50,efectivo
16618,811,4,2025-03-13 17:46:05,32.95,tarjeta
16619,83,10,2025-03-13 17:49:08,145.40,tarjeta
16620,71,7,2025-03-13 17:49:23,133.80,tarjeta
16621,135,6,2025-03-13 17:49:29,35.95,efectivo
16622,434,2,2025-03-13 17:55:01,82.00,efectivo
16623,234,3,2025-03-13 18:05:39,92.00,tarjeta
16624,42,7,2025-03-13 18:07:00,24.95,tarjeta
16625,729,8,2025-03-13 18:14:41,66.30,efectivo
16626,294,8,2025-03-13 18:27:54,15.50,efectivo
16627,889,5,2025-03-13 18:52:33,19.95,tarjeta
16628,919,1,2025-03-13 18:56:08,166.30,tarjeta
16629,703,10,2025-03-13 18:58:17,70.90,tarjeta
16630,79,9,2025-03-13 19:04:33,125.70,tarjeta
16631,848,2,2025-03-13 19:28:36,122.90,efectivo
16632,243,2,2025-03-13 19:49:26,54.95,tarjeta
16633,431,1,2025-03-13 20:06:54,28.95,efectivo
16634,395,10,2025-03-13 20:11:03,53.00,efectivo
16635,607,6,2025-03-13 20:35:42,78.00,efectivo
16636,414,6,2025-03-13 20:51:19,212.55,efectivo
16637,55,8,2025-03-13 21:15:12,46.50,tarjeta
16638,480,7,2025-03-13 21:33:33,63.30,tarjeta
16639,66,1,2025-03-13 21:34:40,76.85,tarjeta
16640,323,4,2025-03-13 21:58:55,34.50,efectivo
16641,726,5,2025-03-13 22:00:10,89.90,efectivo
16642,351,8,2025-03-13 22:16:41,108.95,tarjeta
16643,841,10,2025-03-13 22:26:34,123.40,efectivo
16644,203,8,2025-03-13 22:28:56,35.95,tarjeta
16645,248,6,2025-03-13 22:29:58,115.50,tarjeta
16646,887,9,2025-03-13 22:33:23,121.75,efectivo
16647,956,1,2025-03-13 22:40:38,137.85,tarjeta
16648,124,3,2025-03-14 06:00:39,31.00,tarjeta
16649,2,1,2025-03-14 06:01:42,22.00,tarjeta
16650,652,9,2025-03-14 06:02:03,10.95,tarjeta
16651,672,4,2025-03-14 06:05:11,61.45,efectivo
16652,28,7,2025-03-14 06:05:20,12.00,tarjeta
16653,599,5,2025-03-14 06:05:22,31.00,efectivo
16654,161,3,2025-03-14 06:05:53,15.50,efectivo
16655,64,8,2025-03-14 06:10:54,26.95,efectivo
16656,10,4,2025-03-14 06:10:56,10.95,efectivo
16657,666,5,2025-03-14 06:11:54,46.50,efectivo
16658,445,10,2025-03-14 06:16:05,52.95,efectivo
16659,573,4,2025-03-14 06:16:47,128.85,tarjeta
16660,763,8,2025-03-14 06:16:51,55.50,efectivo
16661,818,8,2025-03-14 06:20:36,63.00,efectivo
16662,854,6,2025-03-14 06:24:07,50.00,tarjeta
16663,501,6,2025-03-14 06:24:17,95.80,efectivo
16664,799,6,2025-03-14 06:27:04,0.00,efectivo
16665,172,7,2025-03-14 06:34:22,39.50,efectivo
16666,899,10,2025-03-14 06:37:02,63.90,efectivo
16667,682,8,2025-03-14 06:37:06,79.90,efectivo
16668,995,4,2025-03-14 06:37:59,24.50,efectivo
16669,64,8,2025-03-14 06:43:12,0.00,tarjeta
16670,96,10,2025-03-14 06:49:29,77.45,tarjeta
16671,808,6,2025-03-14 06:49:51,36.95,tarjeta
16672,404,6,2025-03-14 06:50:39,102.95,efectivo
16673,27,5,2025-03-14 06:51:01,0.00,efectivo
16674,691,1,2025-03-14 06:55:45,15.50,tarjeta
16675,362,10,2025-03-14 07:06:33,31.00,efectivo
16676,606,3,2025-03-14 07:07:14,79.95,efectivo
16677,166,1,2025-03-14 07:10:05,43.00,efectivo
16678,41,8,2025-03-14 07:10:48,62.50,tarjeta
16679,614,9,2025-03-14 07:12:07,24.50,efectivo
16680,964,4,2025-03-14 07:15:36,24.50,tarjeta
16681,79,2,2025-03-14 07:15:53,24.95,tarjeta
16682,95,4,2025-03-14 07:27:47,12.00,efectivo
16683,12,6,2025-03-14 07:28:17,69.95,tarjeta
16684,172,7,2025-03-14 07:28:53,73.45,tarjeta
16685,95,6,2025-03-14 07:36:05,35.95,efectivo
16686,302,4,2025-03-14 07:39:44,41.95,tarjeta
16687,245,7,2025-03-14 07:40:46,51.45,tarjeta
16688,548,7,2025-03-14 07:45:27,51.45,efectivo
16689,712,2,2025-03-14 07:48:07,29.50,tarjeta
16690,460,10,2025-03-14 07:49:04,64.50,tarjeta
16691,870,3,2025-03-14 07:54:38,162.90,efectivo
16692,464,5,2025-03-14 07:55:40,40.00,efectivo
16693,318,6,2025-03-14 07:59:11,97.95,efectivo
16694,85,7,2025-03-14 08:01:51,12.00,tarjeta
16695,895,9,2025-03-14 08:02:08,35.00,efectivo
16696,257,5,2025-03-14 08:04:10,38.95,tarjeta
16697,677,6,2025-03-14 08:15:23,31.00,efectivo
16698,368,10,2025-03-14 08:26:29,46.50,tarjeta
16699,588,8,2025-03-14 08:37:14,90.90,tarjeta
16700,90,10,2025-03-14 08:37:37,10.95,efectivo
16701,988,7,2025-03-14 08:38:04,112.40,tarjeta
16702,406,5,2025-03-14 08:50:11,25.50,efectivo
16703,410,2,2025-03-14 08:50:49,35.95,tarjeta
16704,456,3,2025-03-14 08:56:03,30.00,tarjeta
16705,755,3,2025-03-14 08:57:52,12.35,tarjeta
16706,257,10,2025-03-14 08:58:27,46.50,efectivo
16707,671,5,2025-03-14 09:00:22,104.35,tarjeta
16708,10,6,2025-03-14 09:01:54,51.50,tarjeta
16709,257,3,2025-03-14 09:04:39,42.95,efectivo
16710,672,5,2025-03-14 09:04:51,36.00,tarjeta
16711,630,8,2025-03-14 09:05:34,42.95,tarjeta
16712,321,7,2025-03-14 09:12:31,24.50,tarjeta
16713,1000,6,2025-03-14 09:13:35,99.90,efectivo
16714,376,4,2025-03-14 09:18:14,53.00,tarjeta
16715,161,3,2025-03-14 09:19:48,22.00,efectivo
16716,2,1,2025-03-14 09:27:29,50.50,efectivo
16717,452,5,2025-03-14 09:29:40,49.50,efectivo
16718,796,2,2025-03-14 09:30:06,27.45,tarjeta
16719,128,2,2025-03-14 09:33:59,73.45,efectivo
16720,643,6,2025-03-14 09:37:22,31.00,tarjeta
16721,564,10,2025-03-14 09:38:32,0.00,tarjeta
16722,824,8,2025-03-14 09:43:32,165.25,efectivo
16723,128,4,2025-03-14 09:46:17,24.50,efectivo
16724,402,4,2025-03-14 09:47:14,22.00,tarjeta
16725,392,4,2025-03-14 09:49:04,31.00,efectivo
16726,562,2,2025-03-14 09:55:58,117.45,tarjeta
16727,787,5,2025-03-14 10:00:58,63.50,efectivo
16728,760,2,2025-03-14 10:01:02,0.00,efectivo
16729,475,2,2025-03-14 10:02:36,25.50,efectivo
16730,475,3,2025-03-14 10:03:56,38.95,tarjeta
16731,475,4,2025-03-14 10:18:18,35.00,efectivo
16732,827,4,2025-03-14 10:18:49,53.95,efectivo
16733,481,1,2025-03-14 10:21:14,49.50,tarjeta
16734,974,4,2025-03-14 10:26:12,15.50,tarjeta
16735,818,2,2025-03-14 10:31:05,35.00,efectivo
16736,793,8,2025-03-14 10:33:47,24.50,efectivo
16737,843,5,2025-03-14 10:35:12,53.00,tarjeta
16738,196,8,2025-03-14 10:35:18,26.95,efectivo
16739,264,4,2025-03-14 10:39:46,80.95,tarjeta
16740,920,10,2025-03-14 10:42:20,10.95,efectivo
16741,532,10,2025-03-14 10:44:17,169.20,tarjeta
16742,460,1,2025-03-14 10:45:37,48.95,efectivo
16743,484,2,2025-03-14 11:01:41,100.95,tarjeta
16744,157,9,2025-03-14 11:27:41,157.00,tarjeta
16745,463,2,2025-03-14 11:28:32,90.90,efectivo
16746,911,8,2025-03-14 11:30:45,63.85,tarjeta
16747,514,7,2025-03-14 11:32:20,106.35,efectivo
16748,945,8,2025-03-14 11:36:03,94.35,tarjeta
16749,797,2,2025-03-14 11:44:56,36.00,efectivo
16750,187,3,2025-03-14 11:45:21,126.00,efectivo
16751,111,1,2025-03-14 12:01:42,103.80,efectivo
16752,51,3,2025-03-14 12:03:55,79.35,efectivo
16753,827,6,2025-03-14 12:14:05,91.95,tarjeta
16754,111,3,2025-03-14 12:20:21,165.90,efectivo
16755,826,7,2025-03-14 12:23:26,123.95,efectivo
16756,76,8,2025-03-14 12:29:31,184.80,efectivo
16757,797,5,2025-03-14 12:34:16,137.95,tarjeta
16758,543,3,2025-03-14 12:40:42,68.40,tarjeta
16759,641,8,2025-03-14 12:45:40,110.95,efectivo
16760,742,4,2025-03-14 12:56:53,141.85,efectivo
16761,901,3,2025-03-14 13:02:05,10.00,tarjeta
16762,76,1,2025-03-14 13:03:34,34.50,tarjeta
16763,192,1,2025-03-14 13:05:36,150.90,tarjeta
16764,123,2,2025-03-14 13:05:51,35.95,efectivo
16765,640,1,2025-03-14 13:09:59,139.90,tarjeta
16766,641,3,2025-03-14 13:16:39,72.80,tarjeta
16767,301,2,2025-03-14 13:16:41,109.80,efectivo
16768,458,7,2025-03-14 13:17:26,128.90,efectivo
16769,168,5,2025-03-14 13:19:57,107.95,efectivo
16770,959,10,2025-03-14 13:32:06,44.95,tarjeta
16771,501,6,2025-03-14 13:35:58,86.90,tarjeta
16772,323,7,2025-03-14 13:53:23,123.45,efectivo
16773,80,9,2025-03-14 13:56:15,120.00,tarjeta
16774,926,3,2025-03-14 14:17:03,145.80,tarjeta
16775,396,8,2025-03-14 14:17:22,20.95,efectivo
16776,704,2,2025-03-14 14:25:22,121.50,efectivo
16777,752,3,2025-03-14 14:25:54,119.90,efectivo
16778,154,1,2025-03-14 14:28:36,104.90,efectivo
16779,287,2,2025-03-14 14:28:42,91.40,tarjeta
16780,146,10,2025-03-14 14:30:27,203.65,tarjeta
16781,546,7,2025-03-14 14:30:50,211.75,efectivo
16782,816,8,2025-03-14 14:36:07,73.90,tarjeta
16783,849,2,2025-03-14 14:38:56,156.85,tarjeta
16784,933,10,2025-03-14 14:42:57,106.35,tarjeta
16785,827,7,2025-03-14 14:59:09,54.00,efectivo
16786,223,1,2025-03-14 15:02:57,139.90,tarjeta
16787,77,5,2025-03-14 15:04:21,52.85,efectivo
16788,556,1,2025-03-14 15:06:35,98.85,efectivo
16789,416,8,2025-03-14 15:11:42,75.25,tarjeta
16790,934,5,2025-03-14 15:12:28,38.90,tarjeta
16791,558,1,2025-03-14 15:13:37,22.50,tarjeta
16792,831,7,2025-03-14 15:22:44,47.00,tarjeta
16793,410,2,2025-03-14 15:52:37,67.95,efectivo
16794,728,2,2025-03-14 15:54:34,47.00,tarjeta
16795,919,3,2025-03-14 15:57:48,129.80,tarjeta
16796,875,4,2025-03-14 15:59:40,120.40,efectivo
16797,425,8,2025-03-14 16:08:01,145.00,tarjeta
16798,970,5,2025-03-14 16:15:15,51.50,tarjeta
16799,830,9,2025-03-14 16:19:42,24.35,tarjeta
16800,541,2,2025-03-14 16:24:46,61.00,efectivo
16801,86,4,2025-03-14 16:28:04,29.50,efectivo
16802,267,5,2025-03-14 16:40:07,118.00,efectivo
16803,15,10,2025-03-14 16:42:18,92.85,tarjeta
16804,875,4,2025-03-14 16:48:03,40.50,efectivo
16805,453,4,2025-03-14 17:07:49,126.00,efectivo
16806,977,2,2025-03-14 17:08:13,158.85,efectivo
16807,742,5,2025-03-14 17:12:01,60.50,tarjeta
16808,621,2,2025-03-14 17:29:01,34.50,tarjeta
16809,318,4,2025-03-14 17:33:02,93.30,efectivo
16810,228,5,2025-03-14 17:37:15,16.00,tarjeta
16811,660,8,2025-03-14 17:50:14,126.90,efectivo
16812,554,8,2025-03-14 18:00:42,120.45,tarjeta
16813,911,3,2025-03-14 18:26:45,126.90,tarjeta
16814,297,6,2025-03-14 18:40:51,42.95,efectivo
16815,641,1,2025-03-14 18:42:16,71.30,efectivo
16816,556,4,2025-03-14 18:52:56,177.15,tarjeta
16817,166,8,2025-03-14 19:02:32,93.20,efectivo
16818,726,3,2025-03-14 19:04:50,90.50,tarjeta
16819,904,9,2025-03-14 19:09:14,18.00,efectivo
16820,517,3,2025-03-14 19:12:52,96.50,efectivo
16821,107,6,2025-03-14 19:42:45,128.95,efectivo
16822,239,1,2025-03-14 20:03:51,102.95,efectivo
16823,686,4,2025-03-14 20:07:53,91.45,efectivo
16824,592,10,2025-03-14 20:19:10,19.95,tarjeta
16825,813,10,2025-03-14 20:27:47,16.50,efectivo
16826,733,1,2025-03-14 20:38:26,32.00,tarjeta
16827,473,1,2025-03-14 20:40:12,99.85,efectivo
16828,378,10,2025-03-14 20:42:00,201.65,tarjeta
16829,931,8,2025-03-14 21:00:21,217.80,efectivo
16830,515,5,2025-03-14 21:07:38,16.50,tarjeta
16831,453,8,2025-03-14 21:08:24,124.30,tarjeta
16832,453,8,2025-03-14 21:15:34,51.80,efectivo
16833,13,6,2025-03-14 21:30:16,123.90,tarjeta
16834,331,9,2025-03-14 21:35:16,125.00,efectivo
16835,50,5,2025-03-14 21:39:09,92.95,efectivo
16836,301,3,2025-03-14 21:44:44,140.50,efectivo
16837,729,5,2025-03-14 21:56:43,158.80,tarjeta
16838,349,2,2025-03-14 21:59:28,57.50,efectivo
16839,46,4,2025-03-14 22:02:32,12.35,efectivo
16840,717,1,2025-03-14 22:04:24,110.80,efectivo
16841,816,6,2025-03-14 22:10:14,54.40,tarjeta
16842,484,6,2025-03-14 22:13:36,103.45,efectivo
16843,882,8,2025-03-14 22:21:28,106.00,efectivo
16844,412,7,2025-03-14 22:21:33,114.40,tarjeta
16845,660,3,2025-03-14 22:59:36,18.00,tarjeta
16846,586,6,2025-03-15 06:03:31,31.00,efectivo
16847,1,7,2025-03-15 06:11:38,15.50,efectivo
16848,585,3,2025-03-15 06:15:49,75.95,tarjeta
16849,233,8,2025-03-15 06:18:47,26.95,efectivo
16850,598,8,2025-03-15 06:19:30,102.40,efectivo
16851,437,8,2025-03-15 06:19:51,43.00,efectivo
16852,292,8,2025-03-15 06:27:13,46.90,tarjeta
16853,303,9,2025-03-15 06:31:08,29.50,efectivo
16854,161,5,2025-03-15 06:32:13,15.50,efectivo
16855,377,8,2025-03-15 06:32:47,37.50,tarjeta
16856,368,10,2025-03-15 06:33:50,35.00,tarjeta
16857,962,9,2025-03-15 06:36:19,15.50,tarjeta
16858,814,10,2025-03-15 06:38:30,22.00,tarjeta
16859,465,9,2025-03-15 06:43:18,88.55,tarjeta
16860,969,10,2025-03-15 06:43:23,25.50,tarjeta
16861,744,6,2025-03-15 06:44:43,91.45,efectivo
16862,163,3,2025-03-15 06:47:08,58.00,tarjeta
16863,697,8,2025-03-15 06:49:56,41.95,tarjeta
16864,28,9,2025-03-15 06:50:24,36.95,efectivo
16865,370,6,2025-03-15 06:55:02,10.95,tarjeta
16866,122,10,2025-03-15 07:01:50,58.95,tarjeta
16867,839,2,2025-03-15 07:03:53,65.70,tarjeta
16868,753,3,2025-03-15 07:06:06,34.00,tarjeta
16869,423,2,2025-03-15 07:07:08,15.50,efectivo
16870,2,3,2025-03-15 07:11:11,22.00,tarjeta
16871,448,7,2025-03-15 07:11:28,20.95,tarjeta
16872,899,10,2025-03-15 07:12:34,10.00,efectivo
16873,698,8,2025-03-15 07:14:48,172.50,efectivo
16874,446,3,2025-03-15 07:20:50,42.45,tarjeta
16875,664,1,2025-03-15 07:26:13,37.90,efectivo
16876,402,6,2025-03-15 07:32:58,24.50,efectivo
16877,546,9,2025-03-15 07:36:45,31.00,efectivo
16878,850,10,2025-03-15 07:39:53,32.00,efectivo
16879,96,7,2025-03-15 07:42:06,26.45,tarjeta
16880,732,9,2025-03-15 07:47:57,34.50,efectivo
16881,814,1,2025-03-15 07:48:38,44.95,tarjeta
16882,962,1,2025-03-15 07:50:50,53.00,tarjeta
16883,290,1,2025-03-15 07:53:32,38.00,tarjeta
16884,410,7,2025-03-15 07:54:39,119.50,efectivo
16885,841,10,2025-03-15 07:56:16,52.45,tarjeta
16886,753,5,2025-03-15 07:57:33,45.00,efectivo
16887,643,3,2025-03-15 07:58:55,38.95,tarjeta
16888,93,8,2025-03-15 07:59:20,10.95,efectivo
16889,446,7,2025-03-15 07:59:42,38.95,efectivo
16890,476,9,2025-03-15 08:16:09,169.40,tarjeta
16891,765,6,2025-03-15 08:16:50,27.50,efectivo
16892,605,10,2025-03-15 08:17:52,15.50,efectivo
16893,287,2,2025-03-15 08:29:35,36.00,efectivo
16894,829,2,2025-03-15 08:34:43,139.00,tarjeta
16895,729,5,2025-03-15 08:35:31,101.45,efectivo
16896,11,1,2025-03-15 08:35:49,149.40,tarjeta
16897,392,5,2025-03-15 08:45:16,24.50,tarjeta
16898,691,8,2025-03-15 08:45:32,26.95,efectivo
16899,513,1,2025-03-15 08:59:58,48.95,tarjeta
16900,460,1,2025-03-15 09:01:32,55.50,efectivo
16901,245,1,2025-03-15 09:03:16,22.00,efectivo
16902,642,10,2025-03-15 09:03:23,141.50,efectivo
16903,749,4,2025-03-15 09:03:36,36.95,tarjeta
16904,389,10,2025-03-15 09:03:49,109.45,tarjeta
16905,976,10,2025-03-15 09:04:17,55.00,tarjeta
16906,959,7,2025-03-15 09:06:19,133.50,tarjeta
16907,661,7,2025-03-15 09:12:46,59.85,tarjeta
16908,763,3,2025-03-15 09:14:40,37.50,efectivo
16909,760,6,2025-03-15 09:15:50,53.00,efectivo
16910,151,7,2025-03-15 09:17:14,124.35,tarjeta
16911,239,4,2025-03-15 09:21:38,18.00,efectivo
16912,178,10,2025-03-15 09:26:49,42.45,efectivo
16913,197,2,2025-03-15 09:28:12,36.95,efectivo
16914,359,1,2025-03-15 09:30:16,24.50,efectivo
16915,448,6,2025-03-15 09:36:13,38.95,efectivo
16916,19,3,2025-03-15 09:37:39,56.00,tarjeta
16917,875,1,2025-03-15 09:40:32,67.00,efectivo
16918,899,6,2025-03-15 09:40:32,22.00,tarjeta
16919,152,3,2025-03-15 09:47:59,46.50,tarjeta
16920,242,1,2025-03-15 09:48:34,10.95,tarjeta
16921,161,7,2025-03-15 09:59:25,31.00,tarjeta
16922,222,1,2025-03-15 10:00:00,24.50,efectivo
16923,64,6,2025-03-15 10:08:57,33.50,efectivo
16924,1000,6,2025-03-15 10:10:23,0.00,efectivo
16925,437,7,2025-03-15 10:10:29,24.50,efectivo
16926,956,6,2025-03-15 10:13:32,138.40,efectivo
16927,380,2,2025-03-15 10:20:01,12.00,tarjeta
16928,119,4,2025-03-15 10:32:50,73.45,efectivo
16929,460,2,2025-03-15 10:33:12,41.95,efectivo
16930,599,9,2025-03-15 10:35:28,22.95,efectivo
16931,356,1,2025-03-15 10:37:16,0.00,efectivo
16932,196,9,2025-03-15 10:37:45,48.95,tarjeta
16933,346,7,2025-03-15 10:38:59,34.50,efectivo
16934,228,7,2025-03-15 10:47:15,71.00,efectivo
16935,196,6,2025-03-15 10:50:07,10.00,tarjeta
16936,588,2,2025-03-15 10:51:17,18.00,tarjeta
16937,33,2,2025-03-15 10:53:49,26.00,efectivo
16938,430,4,2025-03-15 11:14:10,128.30,tarjeta
16939,426,10,2025-03-15 11:16:31,108.90,tarjeta
16940,66,3,2025-03-15 11:23:15,106.50,efectivo
16941,76,2,2025-03-15 11:23:41,221.65,efectivo
16942,499,9,2025-03-15 11:28:03,81.85,tarjeta
16943,484,9,2025-03-15 11:42:31,110.85,efectivo
16944,994,6,2025-03-15 11:43:07,107.90,tarjeta
16945,642,5,2025-03-15 11:45:59,105.85,efectivo
16946,525,10,2025-03-15 11:46:19,61.95,tarjeta
16947,853,3,2025-03-15 11:54:07,105.00,tarjeta
16948,738,6,2025-03-15 12:01:23,137.95,tarjeta
16949,532,10,2025-03-15 12:05:56,56.90,efectivo
16950,851,9,2025-03-15 12:15:49,89.90,efectivo
16951,239,8,2025-03-15 12:17:47,118.90,efectivo
16952,267,1,2025-03-15 12:28:21,79.50,tarjeta
16953,339,10,2025-03-15 12:37:40,181.25,efectivo
16954,109,3,2025-03-15 12:53:53,66.75,tarjeta
16955,183,4,2025-03-15 13:02:03,40.00,efectivo
16956,395,10,2025-03-15 13:12:36,178.10,efectivo
16957,875,2,2025-03-15 13:26:56,139.40,tarjeta
16958,673,10,2025-03-15 13:42:09,10.95,tarjeta
16959,465,3,2025-03-15 13:47:01,177.45,efectivo
16960,837,9,2025-03-15 13:48:10,110.90,efectivo
16961,823,4,2025-03-15 14:15:52,18.00,efectivo
16962,837,7,2025-03-15 14:22:07,46.90,tarjeta
16963,275,7,2025-03-15 14:35:29,44.00,efectivo
16964,94,8,2025-03-15 14:52:42,27.50,efectivo
16965,77,3,2025-03-15 15:01:03,55.45,tarjeta
16966,49,10,2025-03-15 15:05:12,12.00,tarjeta
16967,945,1,2025-03-15 15:13:11,58.00,tarjeta
16968,839,10,2025-03-15 15:26:50,131.50,tarjeta
16969,192,6,2025-03-15 15:32:57,121.30,tarjeta
16970,378,7,2025-03-15 15:34:45,123.85,efectivo
16971,157,1,2025-03-15 15:49:45,142.30,tarjeta
16972,269,8,2025-03-15 16:05:40,12.00,efectivo
16973,977,10,2025-03-15 16:09:43,57.90,efectivo
16974,598,10,2025-03-15 16:16:23,110.85,tarjeta
16975,113,3,2025-03-15 16:22:48,93.95,efectivo
16976,15,10,2025-03-15 16:33:40,48.00,efectivo
16977,894,7,2025-03-15 16:36:53,22.00,tarjeta
16978,879,7,2025-03-15 16:45:42,110.40,efectivo
16979,992,2,2025-03-15 16:47:28,19.95,tarjeta
16980,55,4,2025-03-15 16:53:35,136.80,tarjeta
16981,367,7,2025-03-15 17:02:45,142.85,efectivo
16982,671,3,2025-03-15 17:05:34,72.85,efectivo
16983,534,6,2025-03-15 17:09:05,47.45,tarjeta
16984,297,5,2025-03-15 17:09:21,105.80,efectivo
16985,809,3,2025-03-15 17:10:56,56.90,tarjeta
16986,727,1,2025-03-15 17:16:04,50.50,tarjeta
16987,395,4,2025-03-15 17:18:46,8.00,efectivo
16988,686,2,2025-03-15 17:24:39,105.80,tarjeta
16989,166,9,2025-03-15 17:38:37,82.00,tarjeta
16990,472,5,2025-03-15 17:43:02,147.80,efectivo
16991,554,8,2025-03-15 17:48:48,126.90,tarjeta
16992,622,1,2025-03-15 17:49:31,120.50,tarjeta
16993,994,3,2025-03-15 17:49:33,123.90,efectivo
16994,810,5,2025-03-15 17:57:09,46.50,tarjeta
16995,545,6,2025-03-15 17:59:51,15.50,efectivo
16996,937,3,2025-03-15 18:01:13,29.50,efectivo
16997,65,7,2025-03-15 18:08:35,107.90,efectivo
16998,256,3,2025-03-15 18:16:47,0.00,efectivo
16999,824,5,2025-03-15 18:17:32,53.95,efectivo
17000,550,6,2025-03-15 18:21:41,73.90,efectivo
17001,672,1,2025-03-15 18:24:37,178.70,efectivo
17002,924,9,2025-03-15 19:11:00,145.80,tarjeta
17003,426,3,2025-03-15 19:20:15,44.45,tarjeta
17004,892,10,2025-03-15 19:35:13,92.90,efectivo
17005,594,1,2025-03-15 20:05:05,58.45,tarjeta
17006,608,6,2025-03-15 20:16:31,63.85,efectivo
17007,149,10,2025-03-15 20:46:18,10.95,tarjeta
17008,193,9,2025-03-15 20:46:49,177.00,tarjeta
17009,706,7,2025-03-15 20:57:46,49.50,efectivo
17010,849,4,2025-03-15 21:02:13,101.90,efectivo
17011,135,3,2025-03-15 21:05:51,238.40,tarjeta
17012,585,1,2025-03-15 21:07:21,160.80,efectivo
17013,752,4,2025-03-15 21:14:41,145.80,efectivo
17014,393,4,2025-03-15 21:26:32,153.40,efectivo
17015,51,5,2025-03-15 21:28:19,54.50,efectivo
17016,835,8,2025-03-15 21:42:30,159.35,tarjeta
17017,687,1,2025-03-15 21:45:37,101.35,efectivo
17018,267,5,2025-03-15 21:46:10,132.85,tarjeta
17019,846,6,2025-03-15 21:54:17,39.00,efectivo
17020,231,4,2025-03-15 21:57:35,16.50,efectivo
17021,634,3,2025-03-15 22:01:25,162.85,efectivo
17022,931,8,2025-03-15 22:03:25,53.45,efectivo
17023,236,6,2025-03-15 22:09:52,213.80,efectivo
17024,996,7,2025-03-15 22:14:11,47.35,efectivo
17025,876,5,2025-03-15 22:23:44,145.80,efectivo
17026,71,8,2025-03-15 22:47:49,153.00,tarjeta
17027,318,6,2025-03-15 22:51:49,39.90,tarjeta
17028,60,4,2025-03-15 22:55:07,63.95,tarjeta
17029,465,9,2025-03-15 22:58:32,60.00,tarjeta
17030,691,6,2025-03-16 06:01:37,95.95,tarjeta
17031,873,5,2025-03-16 06:04:36,32.00,efectivo
17032,748,3,2025-03-16 06:06:23,24.50,efectivo
17033,794,10,2025-03-16 06:07:29,35.95,efectivo
17034,633,3,2025-03-16 06:16:11,57.95,efectivo
17035,932,6,2025-03-16 06:18:00,36.50,efectivo
17036,749,1,2025-03-16 06:18:01,53.00,efectivo
17037,873,9,2025-03-16 06:20:08,24.50,efectivo
17038,872,4,2025-03-16 06:20:49,12.00,tarjeta
17039,468,1,2025-03-16 06:27:54,22.00,efectivo
17040,321,6,2025-03-16 06:29:04,82.45,efectivo
17041,554,1,2025-03-16 06:29:28,71.85,efectivo
17042,3,4,2025-03-16 06:32:54,68.00,tarjeta
17043,391,4,2025-03-16 06:32:55,12.00,efectivo
17044,28,1,2025-03-16 06:33:44,62.00,efectivo
17045,799,1,2025-03-16 06:38:19,94.45,tarjeta
17046,563,5,2025-03-16 06:38:32,55.50,efectivo
17047,96,6,2025-03-16 06:39:52,12.00,efectivo
17048,363,3,2025-03-16 06:46:39,161.90,efectivo
17049,642,2,2025-03-16 06:49:37,160.75,efectivo
17050,975,9,2025-03-16 06:57:28,37.50,efectivo
17051,777,4,2025-03-16 07:00:57,32.00,efectivo
17052,145,1,2025-03-16 07:10:01,127.90,tarjeta
17053,725,9,2025-03-16 07:12:04,32.95,efectivo
17054,292,6,2025-03-16 07:15:10,44.00,tarjeta
17055,650,7,2025-03-16 07:16:21,31.00,efectivo
17056,295,3,2025-03-16 07:20:50,38.90,tarjeta
17057,712,10,2025-03-16 07:22:03,67.50,tarjeta
17058,570,1,2025-03-16 07:25:43,68.00,efectivo
17059,533,3,2025-03-16 07:36:45,49.85,efectivo
17060,195,4,2025-03-16 07:38:28,73.45,tarjeta
17061,346,9,2025-03-16 07:39:06,10.00,tarjeta
17062,218,4,2025-03-16 07:46:52,31.00,tarjeta
17063,712,9,2025-03-16 07:53:53,48.45,efectivo
17064,680,1,2025-03-16 07:57:47,10.00,tarjeta
17065,377,2,2025-03-16 07:58:43,65.50,tarjeta
17066,501,3,2025-03-16 08:05:10,44.50,tarjeta
17067,948,9,2025-03-16 08:05:52,10.95,tarjeta
17068,697,10,2025-03-16 08:09:35,44.95,efectivo
17069,69,6,2025-03-16 08:11:04,45.00,efectivo
17070,41,3,2025-03-16 08:19:57,15.50,efectivo
17071,448,3,2025-03-16 08:20:28,40.00,tarjeta
17072,513,4,2025-03-16 08:30:38,22.00,efectivo
17073,379,3,2025-03-16 08:37:03,131.85,efectivo
17074,232,3,2025-03-16 08:37:39,12.00,tarjeta
17075,763,6,2025-03-16 08:39:35,46.50,tarjeta
17076,604,4,2025-03-16 08:43:26,57.95,tarjeta
17077,526,7,2025-03-16 08:43:54,15.50,efectivo
17078,739,7,2025-03-16 08:46:23,47.45,efectivo
17079,513,5,2025-03-16 08:53:29,47.00,efectivo
17080,98,10,2025-03-16 08:53:42,79.95,tarjeta
17081,796,10,2025-03-16 08:54:24,25.50,efectivo
17082,383,9,2025-03-16 08:58:08,46.50,efectivo
17083,284,5,2025-03-16 08:58:49,41.50,tarjeta
17084,250,8,2025-03-16 09:01:11,28.00,tarjeta
17085,544,9,2025-03-16 09:04:21,67.95,efectivo
17086,961,1,2025-03-16 09:04:29,103.45,tarjeta
17087,525,6,2025-03-16 09:11:10,102.40,efectivo
17088,605,5,2025-03-16 09:15:23,26.95,tarjeta
17089,796,6,2025-03-16 09:22:16,77.45,tarjeta
17090,757,8,2025-03-16 09:25:39,58.95,tarjeta
17091,976,10,2025-03-16 09:28:30,22.00,tarjeta
17092,760,10,2025-03-16 09:29:01,39.00,tarjeta
17093,362,9,2025-03-16 09:30:03,55.45,efectivo
17094,236,1,2025-03-16 09:36:46,111.50,efectivo
17095,222,6,2025-03-16 09:38:37,24.50,efectivo
17096,575,4,2025-03-16 09:38:54,26.95,tarjeta
17097,690,10,2025-03-16 09:40:12,113.00,tarjeta
17098,739,3,2025-03-16 09:54:25,10.00,efectivo
17099,740,1,2025-03-16 09:56:28,10.95,efectivo
17100,564,4,2025-03-16 10:03:12,34.00,efectivo
17101,232,2,2025-03-16 10:07:30,22.00,tarjeta
17102,105,8,2025-03-16 10:09:40,24.50,efectivo
17103,51,5,2025-03-16 10:11:13,110.85,tarjeta
17104,64,6,2025-03-16 10:11:34,31.00,tarjeta
17105,780,4,2025-03-16 10:12:57,70.00,tarjeta
17106,377,5,2025-03-16 10:17:19,22.00,tarjeta
17107,232,10,2025-03-16 10:19:00,55.50,tarjeta
17108,540,5,2025-03-16 10:23:18,65.95,tarjeta
17109,823,4,2025-03-16 10:24:10,95.90,efectivo
17110,284,2,2025-03-16 10:26:08,10.95,efectivo
17111,160,5,2025-03-16 10:27:34,33.50,tarjeta
17112,216,5,2025-03-16 10:40:03,64.45,tarjeta
17113,917,7,2025-03-16 10:46:09,31.00,efectivo
17114,12,3,2025-03-16 10:47:31,24.50,tarjeta
17115,740,6,2025-03-16 10:49:31,41.00,efectivo
17116,64,6,2025-03-16 10:51:31,10.95,efectivo
17117,926,7,2025-03-16 10:52:05,0.00,efectivo
17118,744,2,2025-03-16 10:54:18,39.50,tarjeta
17119,260,1,2025-03-16 10:54:48,37.50,tarjeta
17120,161,5,2025-03-16 10:56:18,24.50,efectivo
17121,38,10,2025-03-16 10:57:06,35.45,tarjeta
17122,901,9,2025-03-16 10:57:46,0.00,tarjeta
17123,81,1,2025-03-16 11:06:13,83.85,efectivo
17124,451,9,2025-03-16 11:14:13,93.45,tarjeta
17125,653,3,2025-03-16 11:17:26,111.45,efectivo
17126,672,3,2025-03-16 11:17:28,77.80,tarjeta
17127,192,2,2025-03-16 11:31:29,140.40,tarjeta
17128,158,8,2025-03-16 11:39:22,32.50,tarjeta
17129,504,2,2025-03-16 11:50:13,0.00,efectivo
17130,453,4,2025-03-16 11:57:44,197.90,efectivo
17131,653,4,2025-03-16 12:03:31,38.90,efectivo
17132,692,10,2025-03-16 12:09:17,95.40,tarjeta
17133,905,8,2025-03-16 12:09:49,70.90,efectivo
17134,742,2,2025-03-16 12:20:10,87.00,efectivo
17135,797,3,2025-03-16 12:22:50,54.00,efectivo
17136,430,4,2025-03-16 12:41:44,163.95,efectivo
17137,882,6,2025-03-16 12:49:58,88.95,efectivo
17138,273,8,2025-03-16 12:50:45,139.25,efectivo
17139,827,9,2025-03-16 12:51:54,192.80,tarjeta
17140,466,4,2025-03-16 12:54:04,141.90,tarjeta
17141,893,3,2025-03-16 12:57:39,59.95,efectivo
17142,977,5,2025-03-16 13:04:51,102.75,efectivo
17143,367,9,2025-03-16 13:06:50,146.80,tarjeta
17144,827,10,2025-03-16 13:23:45,114.60,efectivo
17145,642,6,2025-03-16 13:29:46,78.00,efectivo
17146,730,10,2025-03-16 13:30:20,81.85,efectivo
17147,239,6,2025-03-16 13:43:29,160.60,efectivo
17148,52,6,2025-03-16 13:49:50,16.50,tarjeta
17149,440,2,2025-03-16 13:52:29,50.50,tarjeta
17150,926,2,2025-03-16 13:55:26,24.00,tarjeta
17151,532,9,2025-03-16 13:57:37,122.50,efectivo
17152,107,3,2025-03-16 13:59:01,93.80,efectivo
17153,835,7,2025-03-16 14:09:23,64.00,tarjeta
17154,661,5,2025-03-16 14:51:53,59.00,efectivo
17155,653,4,2025-03-16 15:14:53,104.70,tarjeta
17156,991,1,2025-03-16 15:15:51,60.40,tarjeta
17157,810,5,2025-03-16 15:20:32,150.90,efectivo
17158,50,3,2025-03-16 15:22:24,58.50,efectivo
17159,988,9,2025-03-16 15:32:08,64.00,tarjeta
17160,659,4,2025-03-16 15:38:31,36.00,efectivo
17161,931,5,2025-03-16 15:46:21,142.90,efectivo
17162,347,7,2025-03-16 15:53:55,45.00,tarjeta
17163,373,3,2025-03-16 16:01:40,8.00,efectivo
17164,590,6,2025-03-16 16:10:28,43.00,tarjeta
17165,524,5,2025-03-16 16:15:51,55.95,tarjeta
17166,65,4,2025-03-16 16:21:47,84.95,efectivo
17167,927,6,2025-03-16 16:23:44,136.30,tarjeta
17168,265,1,2025-03-16 16:29:10,24.95,tarjeta
17169,822,2,2025-03-16 16:43:03,30.00,efectivo
17170,995,4,2025-03-16 16:44:46,68.50,tarjeta
17171,390,8,2025-03-16 16:46:27,138.45,tarjeta
17172,61,3,2025-03-16 16:58:23,70.00,tarjeta
17173,919,1,2025-03-16 17:06:05,81.50,tarjeta
17174,742,8,2025-03-16 17:16:49,92.85,tarjeta
17175,833,4,2025-03-16 17:31:05,80.45,tarjeta
17176,752,2,2025-03-16 17:35:29,114.40,efectivo
17177,54,8,2025-03-16 17:40:11,38.90,efectivo
17178,205,9,2025-03-16 17:40:55,204.45,tarjeta
17179,416,10,2025-03-16 17:42:10,95.80,efectivo
17180,243,1,2025-03-16 17:50:20,133.90,tarjeta
17181,150,7,2025-03-16 17:52:15,179.35,tarjeta
17182,791,5,2025-03-16 17:55:57,40.45,tarjeta
17183,31,1,2025-03-16 18:02:46,90.85,efectivo
17184,311,6,2025-03-16 18:05:18,18.00,tarjeta
17185,891,6,2025-03-16 18:43:32,104.35,efectivo
17186,655,8,2025-03-16 18:58:18,108.90,efectivo
17187,620,2,2025-03-16 19:01:53,54.00,tarjeta
17188,862,4,2025-03-16 19:05:44,15.50,efectivo
17189,271,10,2025-03-16 19:06:56,42.50,tarjeta
17190,203,2,2025-03-16 19:12:31,88.90,tarjeta
17191,382,1,2025-03-16 19:26:52,50.50,efectivo
17192,393,8,2025-03-16 19:32:45,175.85,tarjeta
17193,717,7,2025-03-16 19:36:12,16.50,tarjeta
17194,363,5,2025-03-16 19:39:01,107.85,tarjeta
17195,484,9,2025-03-16 19:54:07,121.00,efectivo
17196,843,3,2025-03-16 20:11:40,10.95,tarjeta
17197,66,1,2025-03-16 20:13:43,106.60,efectivo
17198,561,7,2025-03-16 20:22:54,94.80,efectivo
17199,671,9,2025-03-16 20:31:07,158.60,efectivo
17200,258,4,2025-03-16 20:43:28,38.90,tarjeta
17201,327,5,2025-03-16 20:48:36,47.00,tarjeta
17202,780,5,2025-03-16 20:53:19,138.90,efectivo
17203,239,5,2025-03-16 21:07:55,99.95,efectivo
17204,471,6,2025-03-16 21:14:22,194.40,efectivo
17205,367,4,2025-03-16 21:27:54,62.50,tarjeta
17206,145,9,2025-03-16 21:45:39,65.95,tarjeta
17207,672,10,2025-03-16 21:57:58,105.35,tarjeta
17208,672,3,2025-03-16 22:00:59,64.45,efectivo
17209,81,4,2025-03-16 22:01:30,35.95,tarjeta
17210,224,2,2025-03-16 22:06:33,36.45,efectivo
17211,742,7,2025-03-16 22:06:35,118.50,efectivo
17212,324,10,2025-03-16 22:07:18,22.00,tarjeta
17213,391,1,2025-03-16 22:17:15,60.90,tarjeta
17214,189,1,2025-03-16 22:33:52,89.95,efectivo
17215,834,9,2025-03-16 22:34:06,89.00,efectivo
17216,988,3,2025-03-16 22:41:01,28.00,efectivo
17217,179,4,2025-03-16 22:42:12,50.00,efectivo
17218,81,3,2025-03-16 22:42:27,38.90,efectivo
17219,709,6,2025-03-16 22:43:45,29.50,efectivo
17220,615,5,2025-03-16 22:52:45,22.50,efectivo
17221,995,8,2025-03-16 22:55:57,121.90,efectivo
17222,180,8,2025-03-17 06:05:56,106.40,efectivo
17223,662,8,2025-03-17 06:07:05,89.35,tarjeta
17224,177,10,2025-03-17 06:09:41,57.95,efectivo
17225,42,6,2025-03-17 06:14:41,115.85,efectivo
17226,953,3,2025-03-17 06:14:43,24.35,efectivo
17227,619,10,2025-03-17 06:15:06,130.70,efectivo
17228,814,5,2025-03-17 06:17:00,46.50,efectivo
17229,595,5,2025-03-17 06:26:21,53.00,tarjeta
17230,706,8,2025-03-17 06:31:44,0.00,efectivo
17231,513,9,2025-03-17 06:35:06,48.95,tarjeta
17232,232,5,2025-03-17 06:37:19,12.00,efectivo
17233,967,1,2025-03-17 06:38:35,59.45,efectivo
17234,489,1,2025-03-17 06:50:37,12.00,tarjeta
17235,867,6,2025-03-17 06:55:23,24.50,tarjeta
17236,10,10,2025-03-17 06:59:06,10.95,tarjeta
17237,920,8,2025-03-17 07:00:34,24.50,efectivo
17238,773,9,2025-03-17 07:01:27,10.95,efectivo
17239,932,10,2025-03-17 07:09:42,51.45,efectivo
17240,398,1,2025-03-17 07:11:42,46.90,tarjeta
17241,702,2,2025-03-17 07:13:36,24.50,tarjeta
17242,257,1,2025-03-17 07:19:19,24.50,efectivo
17243,818,4,2025-03-17 07:20:24,82.45,efectivo
17244,967,3,2025-03-17 07:21:35,22.00,efectivo
17245,923,5,2025-03-17 07:26:40,60.45,efectivo
17246,113,3,2025-03-17 07:31:41,143.85,tarjeta
17247,120,8,2025-03-17 07:32:48,24.50,tarjeta
17248,433,7,2025-03-17 07:32:50,154.85,tarjeta
17249,217,6,2025-03-17 07:38:31,15.50,tarjeta
17250,623,1,2025-03-17 07:40:08,29.50,tarjeta
17251,755,3,2025-03-17 07:40:50,10.00,tarjeta
17252,157,10,2025-03-17 07:46:59,146.30,tarjeta
17253,228,4,2025-03-17 07:56:05,138.40,efectivo
17254,588,1,2025-03-17 08:01:26,50.90,efectivo
17255,69,9,2025-03-17 08:02:21,38.45,efectivo
17256,415,9,2025-03-17 08:04:04,45.00,efectivo
17257,689,4,2025-03-17 08:11:14,63.00,efectivo
17258,356,4,2025-03-17 08:12:35,55.00,tarjeta
17259,371,8,2025-03-17 08:17:52,121.80,efectivo
17260,883,7,2025-03-17 08:22:07,162.20,tarjeta
17261,361,7,2025-03-17 08:22:18,22.00,efectivo
17262,250,5,2025-03-17 08:27:03,46.50,efectivo
17263,956,2,2025-03-17 08:27:04,120.00,efectivo
17264,259,8,2025-03-17 08:30:10,169.40,tarjeta
17265,872,9,2025-03-17 08:35:44,53.00,tarjeta
17266,806,9,2025-03-17 08:38:35,69.95,tarjeta
17267,717,3,2025-03-17 08:38:50,78.50,tarjeta
17268,634,3,2025-03-17 08:51:28,72.00,efectivo
17269,712,5,2025-03-17 08:53:55,62.00,efectivo
17270,177,9,2025-03-17 08:55:57,27.45,efectivo
17271,677,7,2025-03-17 08:56:59,25.50,tarjeta
17272,84,8,2025-03-17 08:57:27,22.00,efectivo
17273,321,3,2025-03-17 09:01:03,22.00,efectivo
17274,335,7,2025-03-17 09:04:44,37.50,tarjeta
17275,870,2,2025-03-17 09:05:03,121.40,efectivo
17276,740,10,2025-03-17 09:10:08,34.50,efectivo
17277,707,10,2025-03-17 09:12:09,10.00,tarjeta
17278,128,8,2025-03-17 09:14:34,78.45,tarjeta
17279,579,10,2025-03-17 09:18:14,38.95,tarjeta
17280,192,6,2025-03-17 09:24:44,87.85,efectivo
17281,38,3,2025-03-17 09:34:08,63.40,efectivo
17282,78,7,2025-03-17 09:38:31,10.00,tarjeta
17283,89,3,2025-03-17 09:39:26,67.50,efectivo
17284,582,2,2025-03-17 09:42:41,41.50,tarjeta
17285,437,3,2025-03-17 09:49:25,0.00,tarjeta
17286,840,3,2025-03-17 09:59:34,135.70,efectivo
17287,913,5,2025-03-17 09:59:49,115.30,efectivo
17288,507,10,2025-03-17 10:02:33,73.45,efectivo
17289,661,5,2025-03-17 10:06:43,138.30,tarjeta
17290,899,3,2025-03-17 10:08:21,36.50,tarjeta
17291,917,3,2025-03-17 10:14:02,26.95,efectivo
17292,98,9,2025-03-17 10:15:13,46.50,tarjeta
17293,854,10,2025-03-17 10:17:14,55.50,tarjeta
17294,777,10,2025-03-17 10:25:31,20.95,tarjeta
17295,284,6,2025-03-17 10:27:23,54.45,tarjeta
17296,356,7,2025-03-17 10:27:55,46.50,tarjeta
17297,630,6,2025-03-17 10:28:56,48.95,efectivo
17298,446,9,2025-03-17 10:30:53,15.50,efectivo
17299,712,4,2025-03-17 10:32:08,27.50,efectivo
17300,728,3,2025-03-17 10:32:48,67.95,efectivo
17301,506,4,2025-03-17 10:43:55,46.50,efectivo
17302,158,6,2025-03-17 10:46:31,83.30,efectivo
17303,445,3,2025-03-17 10:47:42,51.45,efectivo
17304,707,8,2025-03-17 10:48:15,65.85,efectivo
17305,11,9,2025-03-17 10:49:54,203.60,tarjeta
17306,445,2,2025-03-17 10:50:30,35.00,efectivo
17307,280,7,2025-03-17 10:56:14,24.50,tarjeta
17308,345,10,2025-03-17 11:09:51,60.45,tarjeta
17309,484,5,2025-03-17 11:15:57,69.00,efectivo
17310,410,3,2025-03-17 11:16:21,153.95,tarjeta
17311,189,2,2025-03-17 11:20:11,78.00,tarjeta
17312,730,10,2025-03-17 11:28:17,119.70,tarjeta
17313,927,8,2025-03-17 11:30:08,85.40,tarjeta
17314,471,1,2025-03-17 11:39:35,60.95,efectivo
17315,507,1,2025-03-17 11:44:59,32.00,tarjeta
17316,323,6,2025-03-17 11:54:55,42.50,tarjeta
17317,882,7,2025-03-17 12:01:27,114.40,efectivo
17318,11,3,2025-03-17 12:02:51,97.85,tarjeta
17319,822,6,2025-03-17 12:17:43,113.25,efectivo
17320,386,3,2025-03-17 12:39:58,34.00,tarjeta
17321,381,9,2025-03-17 12:41:35,107.00,efectivo
17322,111,10,2025-03-17 12:42:48,88.00,efectivo
17323,13,5,2025-03-17 12:49:12,74.50,tarjeta
17324,451,10,2025-03-17 12:50:09,36.00,efectivo
17325,179,8,2025-03-17 12:55:10,0.00,efectivo
17326,11,7,2025-03-17 13:02:38,90.95,efectivo
17327,681,1,2025-03-17 13:12:53,158.40,tarjeta
17328,585,3,2025-03-17 13:13:29,78.95,tarjeta
17329,810,1,2025-03-17 13:23:24,141.90,tarjeta
17330,714,1,2025-03-17 13:26:31,175.30,tarjeta
17331,956,4,2025-03-17 13:29:09,44.00,tarjeta
17332,809,7,2025-03-17 13:32:08,12.35,tarjeta
17333,860,10,2025-03-17 13:33:13,92.95,efectivo
17334,540,2,2025-03-17 13:38:07,110.85,tarjeta
17335,807,10,2025-03-17 13:38:27,55.50,tarjeta
17336,3,7,2025-03-17 13:38:35,63.35,tarjeta
17337,307,9,2025-03-17 13:41:08,65.85,tarjeta
17338,822,3,2025-03-17 13:49:47,297.60,efectivo
17339,210,8,2025-03-17 13:49:48,59.25,efectivo
17340,607,10,2025-03-17 13:56:06,61.50,efectivo
17341,379,9,2025-03-17 14:19:51,84.85,efectivo
17342,157,9,2025-03-17 14:54:59,105.00,efectivo
17343,687,2,2025-03-17 14:59:32,96.95,efectivo
17344,294,8,2025-03-17 15:03:35,35.95,efectivo
17345,782,6,2025-03-17 15:32:20,10.95,tarjeta
17346,372,1,2025-03-17 16:06:21,86.95,efectivo
17347,297,7,2025-03-17 16:06:37,94.50,efectivo
17348,138,9,2025-03-17 16:17:07,24.50,tarjeta
17349,387,6,2025-03-17 16:21:01,78.50,tarjeta
17350,603,3,2025-03-17 16:23:01,82.45,tarjeta
17351,189,2,2025-03-17 16:30:25,165.80,tarjeta
17352,880,7,2025-03-17 16:35:14,70.75,efectivo
17353,580,2,2025-03-17 16:42:38,74.95,tarjeta
17354,275,8,2025-03-17 16:44:01,20.35,efectivo
17355,924,4,2025-03-17 16:45:55,141.35,efectivo
17356,416,1,2025-03-17 16:46:35,67.00,tarjeta
17357,827,7,2025-03-17 16:52:01,71.00,tarjeta
17358,715,6,2025-03-17 17:04:16,126.50,efectivo
17359,113,5,2025-03-17 17:06:37,118.75,tarjeta
17360,473,4,2025-03-17 17:07:27,18.00,efectivo
17361,882,4,2025-03-17 17:19:09,125.90,efectivo
17362,553,7,2025-03-17 17:20:05,26.00,tarjeta
17363,158,1,2025-03-17 17:30:50,163.30,efectivo
17364,956,8,2025-03-17 17:32:11,147.40,efectivo
17365,393,3,2025-03-17 17:52:24,58.00,tarjeta
17366,608,6,2025-03-17 17:53:22,113.80,efectivo
17367,367,3,2025-03-17 17:59:55,53.95,efectivo
17368,331,8,2025-03-17 18:15:51,118.95,tarjeta
17369,273,10,2025-03-17 18:18:08,32.00,efectivo
17370,240,5,2025-03-17 18:20:41,74.85,tarjeta
17371,561,9,2025-03-17 18:22:00,76.95,efectivo
17372,924,8,2025-03-17 18:22:58,68.95,tarjeta
17373,65,7,2025-03-17 18:24:16,68.95,efectivo
17374,829,8,2025-03-17 18:27:56,101.90,tarjeta
17375,573,10,2025-03-17 18:36:58,36.50,efectivo
17376,171,10,2025-03-17 18:37:38,10.95,tarjeta
17377,893,10,2025-03-17 18:40:28,29.50,tarjeta
17378,179,1,2025-03-17 19:31:52,74.85,tarjeta
17379,268,10,2025-03-17 19:41:42,88.95,tarjeta
17380,434,7,2025-03-17 19:42:51,56.90,efectivo
17381,208,9,2025-03-17 20:03:42,182.20,efectivo
17382,100,5,2025-03-17 20:08:04,96.45,tarjeta
17383,627,1,2025-03-17 20:14:20,78.95,efectivo
17384,234,3,2025-03-17 20:35:16,158.75,efectivo
17385,687,5,2025-03-17 20:54:56,94.80,tarjeta
17386,995,8,2025-03-17 21:04:34,87.40,efectivo
17387,332,6,2025-03-17 21:17:26,22.50,efectivo
17388,839,7,2025-03-17 21:29:42,146.75,tarjeta
17389,449,6,2025-03-17 21:38:09,91.50,tarjeta
17390,565,4,2025-03-17 21:43:28,36.85,tarjeta
17391,687,10,2025-03-17 21:50:51,189.40,efectivo
17392,682,6,2025-03-17 21:51:21,107.85,efectivo
17393,834,5,2025-03-17 21:54:48,8.00,efectivo
17394,833,4,2025-03-17 22:05:58,50.00,efectivo
17395,3,9,2025-03-17 22:06:51,80.30,efectivo
17396,745,1,2025-03-17 22:11:43,73.00,tarjeta
17397,816,5,2025-03-17 22:13:54,129.50,efectivo
17398,573,3,2025-03-17 22:23:06,116.50,efectivo
17399,409,8,2025-03-17 22:26:42,35.95,efectivo
17400,83,2,2025-03-17 22:31:42,85.40,tarjeta
17401,146,9,2025-03-17 22:34:37,139.40,efectivo
17402,168,5,2025-03-17 22:40:32,61.50,efectivo
17403,410,1,2025-03-17 22:42:43,110.80,tarjeta
17404,630,9,2025-03-18 06:01:50,53.00,tarjeta
17405,766,7,2025-03-18 06:03:05,55.50,tarjeta
17406,671,8,2025-03-18 06:07:21,170.90,efectivo
17407,873,8,2025-03-18 06:08:53,22.00,tarjeta
17408,321,4,2025-03-18 06:10:32,15.50,tarjeta
17409,356,5,2025-03-18 06:11:47,10.95,efectivo
17410,98,10,2025-03-18 06:13:00,10.95,efectivo
17411,185,8,2025-03-18 06:15:22,36.45,efectivo
17412,902,9,2025-03-18 06:19:02,22.95,tarjeta
17413,885,10,2025-03-18 06:20:57,41.95,efectivo
17414,428,6,2025-03-18 06:26:41,24.35,tarjeta
17415,777,7,2025-03-18 06:27:36,46.50,tarjeta
17416,339,3,2025-03-18 06:30:35,76.40,tarjeta
17417,494,6,2025-03-18 06:34:28,73.50,tarjeta
17418,344,7,2025-03-18 06:38:22,36.50,efectivo
17419,953,1,2025-03-18 06:51:40,12.00,efectivo
17420,924,1,2025-03-18 06:51:44,62.35,efectivo
17421,571,3,2025-03-18 06:53:57,16.50,efectivo
17422,276,2,2025-03-18 06:54:27,41.95,efectivo
17423,760,6,2025-03-18 06:55:51,28.00,efectivo
17424,33,3,2025-03-18 07:05:22,54.00,tarjeta
17425,793,7,2025-03-18 07:16:50,40.00,tarjeta
17426,921,7,2025-03-18 07:37:25,15.50,tarjeta
17427,28,6,2025-03-18 07:43:33,22.00,efectivo
17428,717,8,2025-03-18 07:44:15,70.95,efectivo
17429,474,5,2025-03-18 07:45:37,15.50,efectivo
17430,315,4,2025-03-18 07:46:19,26.95,tarjeta
17431,598,6,2025-03-18 07:46:20,74.50,tarjeta
17432,423,10,2025-03-18 07:51:46,68.90,efectivo
17433,185,10,2025-03-18 07:54:57,63.95,tarjeta
17434,748,5,2025-03-18 07:55:51,63.45,tarjeta
17435,572,7,2025-03-18 08:13:26,15.50,efectivo
17436,451,8,2025-03-18 08:13:53,161.80,tarjeta
17437,917,9,2025-03-18 08:17:52,10.00,tarjeta
17438,814,8,2025-03-18 08:21:31,27.50,efectivo
17439,777,8,2025-03-18 08:21:52,46.50,efectivo
17440,828,1,2025-03-18 08:24:46,22.50,efectivo
17441,548,6,2025-03-18 08:25:13,20.00,efectivo
17442,250,4,2025-03-18 08:25:48,32.00,tarjeta
17443,677,8,2025-03-18 08:26:46,82.45,efectivo
17444,633,2,2025-03-18 08:26:48,33.50,tarjeta
17445,976,10,2025-03-18 08:31:18,99.40,efectivo
17446,680,6,2025-03-18 08:31:21,66.95,efectivo
17447,730,5,2025-03-18 08:31:39,98.35,efectivo
17448,755,7,2025-03-18 08:33:55,48.45,efectivo
17449,161,8,2025-03-18 08:39:06,46.95,efectivo
17450,540,7,2025-03-18 08:39:23,189.50,efectivo
17451,994,7,2025-03-18 08:41:35,118.30,tarjeta
17452,386,3,2025-03-18 08:47:03,8.00,efectivo
17453,448,1,2025-03-18 08:49:56,40.00,tarjeta
17454,128,5,2025-03-18 08:50:38,43.00,tarjeta
17455,178,9,2025-03-18 08:54:41,10.00,tarjeta
17456,659,7,2025-03-18 08:55:49,122.40,efectivo
17457,98,9,2025-03-18 08:58:18,28.00,efectivo
17458,128,10,2025-03-18 09:05:10,10.95,efectivo
17459,484,5,2025-03-18 09:06:41,92.35,tarjeta
17460,104,1,2025-03-18 09:12:11,167.35,efectivo
17461,423,4,2025-03-18 09:20:59,10.00,tarjeta
17462,348,5,2025-03-18 09:22:33,92.85,tarjeta
17463,69,3,2025-03-18 09:22:46,36.50,tarjeta
17464,763,10,2025-03-18 09:28:48,15.50,tarjeta
17465,962,2,2025-03-18 09:30:56,10.95,tarjeta
17466,33,9,2025-03-18 09:32:46,53.00,efectivo
17467,331,7,2025-03-18 09:33:42,89.90,efectivo
17468,93,4,2025-03-18 09:34:03,10.00,efectivo
17469,629,10,2025-03-18 09:36:22,67.95,tarjeta
17470,178,10,2025-03-18 09:41:12,0.00,efectivo
17471,69,1,2025-03-18 09:42:45,55.50,efectivo
17472,714,4,2025-03-18 09:43:14,59.95,efectivo
17473,428,4,2025-03-18 09:46:56,46.50,tarjeta
17474,152,5,2025-03-18 09:49:22,36.50,tarjeta
17475,104,9,2025-03-18 09:52:59,16.00,efectivo
17476,881,1,2025-03-18 09:57:46,24.50,tarjeta
17477,932,9,2025-03-18 10:02:22,12.35,tarjeta
17478,344,6,2025-03-18 10:08:47,26.00,efectivo
17479,755,8,2025-03-18 10:10:34,79.95,efectivo
17480,67,8,2025-03-18 10:13:28,45.00,tarjeta
17481,562,1,2025-03-18 10:17:27,0.00,efectivo
17482,742,8,2025-03-18 10:19:32,147.40,tarjeta
17483,953,2,2025-03-18 10:28:51,47.00,tarjeta
17484,380,9,2025-03-18 10:31:26,53.00,efectivo
17485,605,5,2025-03-18 10:38:03,10.95,tarjeta
17486,218,7,2025-03-18 10:38:05,48.95,efectivo
17487,983,5,2025-03-18 10:39:42,44.95,efectivo
17488,707,8,2025-03-18 10:40:48,46.50,tarjeta
17489,245,7,2025-03-18 10:45:20,12.00,tarjeta
17490,984,6,2025-03-18 10:47:35,67.40,efectivo
17491,872,7,2025-03-18 10:47:48,36.95,tarjeta
17492,172,5,2025-03-18 10:49:05,22.95,tarjeta
17493,233,9,2025-03-18 10:50:38,68.50,efectivo
17494,152,10,2025-03-18 10:56:03,38.35,tarjeta
17495,739,4,2025-03-18 10:58:54,53.00,efectivo
17496,660,6,2025-03-18 11:02:23,147.75,efectivo
17497,287,3,2025-03-18 11:11:46,177.80,tarjeta
17498,186,8,2025-03-18 11:15:14,106.95,efectivo
17499,208,6,2025-03-18 11:23:39,87.25,efectivo
17500,379,6,2025-03-18 11:33:06,153.00,efectivo
17501,104,4,2025-03-18 11:33:28,80.50,efectivo
17502,848,4,2025-03-18 12:13:05,67.00,efectivo
17503,466,7,2025-03-18 12:25:54,86.40,efectivo
17504,607,6,2025-03-18 12:30:12,64.85,efectivo
17505,806,2,2025-03-18 12:37:56,70.90,tarjeta
17506,395,1,2025-03-18 12:40:42,138.85,efectivo
17507,764,1,2025-03-18 12:48:46,24.50,tarjeta
17508,892,4,2025-03-18 12:54:14,116.35,tarjeta
17509,168,8,2025-03-18 13:02:28,131.85,tarjeta
17510,109,7,2025-03-18 13:07:16,79.35,efectivo
17511,372,10,2025-03-18 13:09:53,53.50,tarjeta
17512,581,3,2025-03-18 13:25:06,12.35,efectivo
17513,331,6,2025-03-18 13:26:58,62.90,tarjeta
17514,742,10,2025-03-18 13:30:23,86.40,efectivo
17515,273,2,2025-03-18 13:50:16,19.95,tarjeta
17516,590,2,2025-03-18 14:01:40,75.50,efectivo
17517,275,9,2025-03-18 14:17:15,64.45,efectivo
17518,440,10,2025-03-18 14:24:16,128.80,tarjeta
17519,762,4,2025-03-18 14:39:07,24.35,tarjeta
17520,100,7,2025-03-18 14:44:51,24.50,tarjeta
17521,236,2,2025-03-18 14:46:42,159.80,tarjeta
17522,556,1,2025-03-18 14:48:05,35.00,tarjeta
17523,355,7,2025-03-18 14:50:15,28.50,tarjeta
17524,13,3,2025-03-18 14:58:47,155.00,tarjeta
17525,514,10,2025-03-18 15:10:12,63.95,tarjeta
17526,378,1,2025-03-18 15:12:51,141.80,tarjeta
17527,797,5,2025-03-18 15:18:24,88.00,tarjeta
17528,956,1,2025-03-18 15:22:05,87.80,efectivo
17529,418,6,2025-03-18 15:24:23,20.00,tarjeta
17530,995,3,2025-03-18 15:34:35,108.50,tarjeta
17531,89,8,2025-03-18 15:49:49,102.50,efectivo
17532,729,4,2025-03-18 15:51:37,143.40,tarjeta
17533,848,3,2025-03-18 15:55:29,60.00,efectivo
17534,238,5,2025-03-18 16:01:19,12.00,efectivo
17535,157,3,2025-03-18 16:17:51,50.00,tarjeta
17536,472,7,2025-03-18 16:23:57,59.00,tarjeta
17537,209,8,2025-03-18 16:26:16,86.50,efectivo
17538,76,1,2025-03-18 16:29:09,46.95,efectivo
17539,871,1,2025-03-18 16:36:09,55.50,efectivo
17540,108,3,2025-03-18 16:36:29,36.95,tarjeta
17541,158,1,2025-03-18 16:43:35,92.85,tarjeta
17542,585,5,2025-03-18 16:43:35,159.85,tarjeta
17543,157,6,2025-03-18 16:43:39,82.90,efectivo
17544,193,10,2025-03-18 16:50:58,136.50,tarjeta
17545,418,2,2025-03-18 16:53:54,35.00,efectivo
17546,645,8,2025-03-18 16:56:24,70.95,efectivo
17547,757,2,2025-03-18 16:57:39,38.90,tarjeta
17548,184,5,2025-03-18 17:01:35,176.40,tarjeta
17549,243,9,2025-03-18 17:35:36,128.75,efectivo
17550,234,6,2025-03-18 17:39:29,56.50,efectivo
17551,131,5,2025-03-18 17:48:17,73.90,tarjeta
17552,738,9,2025-03-18 17:54:17,182.00,tarjeta
17553,729,3,2025-03-18 18:03:06,126.40,tarjeta
17554,637,9,2025-03-18 18:18:06,105.30,efectivo
17555,846,2,2025-03-18 18:24:03,74.85,efectivo
17556,684,4,2025-03-18 18:30:35,54.50,efectivo
17557,933,4,2025-03-18 18:32:12,110.80,tarjeta
17558,167,4,2025-03-18 18:37:29,100.45,efectivo
17559,892,1,2025-03-18 18:42:50,18.00,efectivo
17560,390,5,2025-03-18 18:58:32,40.00,efectivo
17561,681,9,2025-03-18 19:01:12,131.75,efectivo
17562,627,10,2025-03-18 19:05:52,99.50,efectivo
17563,758,5,2025-03-18 19:09:10,46.90,tarjeta
17564,434,10,2025-03-18 19:45:18,77.40,efectivo
17565,692,7,2025-03-18 19:52:46,74.95,efectivo
17566,690,2,2025-03-18 20:17:35,67.00,tarjeta
17567,560,8,2025-03-18 20:25:03,73.50,tarjeta
17568,234,2,2025-03-18 20:32:16,56.90,efectivo
17569,339,3,2025-03-18 20:42:27,97.85,efectivo
17570,16,5,2025-03-18 20:43:14,28.50,efectivo
17571,585,5,2025-03-18 20:46:43,49.90,tarjeta
17572,837,5,2025-03-18 20:53:29,112.80,efectivo
17573,860,4,2025-03-18 21:00:43,61.40,efectivo
17574,661,1,2025-03-18 21:16:03,94.95,tarjeta
17575,360,4,2025-03-18 21:16:46,22.00,efectivo
17576,585,9,2025-03-18 21:17:08,78.00,efectivo
17577,916,7,2025-03-18 21:18:02,43.95,tarjeta
17578,717,9,2025-03-18 21:20:38,79.40,tarjeta
17579,527,4,2025-03-18 21:21:23,79.00,efectivo
17580,83,10,2025-03-18 21:21:51,74.90,tarjeta
17581,675,7,2025-03-18 21:24:12,60.50,efectivo
17582,590,3,2025-03-18 21:25:36,90.00,efectivo
17583,36,10,2025-03-18 21:35:25,66.50,tarjeta
17584,734,1,2025-03-18 22:05:41,28.00,tarjeta
17585,34,2,2025-03-18 22:12:32,0.00,tarjeta
17586,694,7,2025-03-18 22:14:36,123.95,efectivo
17587,449,4,2025-03-18 22:23:52,81.50,efectivo
17588,263,7,2025-03-18 22:35:01,65.50,tarjeta
17589,393,7,2025-03-18 22:41:31,74.90,efectivo
17590,703,2,2025-03-18 22:48:56,105.95,tarjeta
17591,513,5,2025-03-19 06:00:35,91.95,efectivo
17592,983,5,2025-03-19 06:00:36,18.00,tarjeta
17593,535,8,2025-03-19 06:10:41,43.00,efectivo
17594,612,2,2025-03-19 06:18:09,36.00,tarjeta
17595,564,1,2025-03-19 06:21:51,10.95,tarjeta
17596,836,1,2025-03-19 06:24:28,141.80,efectivo
17597,469,1,2025-03-19 06:24:35,71.50,efectivo
17598,143,5,2025-03-19 06:27:54,12.00,tarjeta
17599,368,8,2025-03-19 06:28:38,44.95,tarjeta
17600,544,10,2025-03-19 06:30:00,22.00,efectivo
17601,200,6,2025-03-19 06:30:29,26.95,efectivo
17602,207,5,2025-03-19 06:31:37,35.45,tarjeta
17603,590,10,2025-03-19 06:36:15,130.80,efectivo
17604,185,7,2025-03-19 06:39:39,38.90,tarjeta
17605,957,7,2025-03-19 06:44:04,12.00,efectivo
17606,314,1,2025-03-19 06:51:40,24.50,efectivo
17607,523,5,2025-03-19 06:54:55,22.95,tarjeta
17608,350,6,2025-03-19 07:00:33,15.50,efectivo
17609,714,2,2025-03-19 07:01:22,125.00,efectivo
17610,588,10,2025-03-19 07:04:08,43.00,efectivo
17611,848,4,2025-03-19 07:05:59,182.75,tarjeta
17612,232,5,2025-03-19 07:07:05,28.50,efectivo
17613,428,10,2025-03-19 07:09:28,0.00,efectivo
17614,376,7,2025-03-19 07:10:10,44.00,efectivo
17615,295,7,2025-03-19 07:11:45,63.00,tarjeta
17616,422,8,2025-03-19 07:12:28,65.00,tarjeta
17617,574,1,2025-03-19 07:18:22,28.95,efectivo
17618,681,8,2025-03-19 07:26:37,136.80,tarjeta
17619,926,5,2025-03-19 07:29:56,177.80,tarjeta
17620,753,5,2025-03-19 07:33:11,24.50,tarjeta
17621,27,4,2025-03-19 07:49:16,65.50,efectivo
17622,195,5,2025-03-19 07:50:12,97.40,tarjeta
17623,170,4,2025-03-19 08:12:06,26.95,efectivo
17624,931,9,2025-03-19 08:12:21,98.85,efectivo
17625,548,4,2025-03-19 08:17:49,62.45,tarjeta
17626,765,3,2025-03-19 08:19:49,12.00,tarjeta
17627,206,7,2025-03-19 08:20:43,22.00,efectivo
17628,526,1,2025-03-19 08:23:48,26.45,tarjeta
17629,972,8,2025-03-19 08:24:56,22.00,tarjeta
17630,525,1,2025-03-19 08:34:01,213.35,tarjeta
17631,50,9,2025-03-19 08:37:24,128.50,tarjeta
17632,972,2,2025-03-19 08:40:07,10.95,efectivo
17633,105,9,2025-03-19 08:43:31,44.00,tarjeta
17634,74,5,2025-03-19 08:45:00,10.00,efectivo
17635,445,7,2025-03-19 08:49:11,31.00,efectivo
17636,376,5,2025-03-19 08:52:32,55.50,efectivo
17637,276,3,2025-03-19 08:52:44,30.00,efectivo
17638,650,9,2025-03-19 09:00:33,35.95,efectivo
17639,27,6,2025-03-19 09:08:19,22.00,tarjeta
17640,329,1,2025-03-19 09:11:03,58.95,tarjeta
17641,799,7,2025-03-19 09:25:46,26.95,efectivo
17642,739,4,2025-03-19 09:26:34,48.90,efectivo
17643,18,1,2025-03-19 09:29:05,81.50,efectivo
17644,207,2,2025-03-19 09:29:12,0.00,efectivo
17645,176,2,2025-03-19 09:31:26,10.95,tarjeta
17646,33,10,2025-03-19 09:46:38,0.00,tarjeta
17647,37,10,2025-03-19 10:00:33,154.00,tarjeta
17648,321,3,2025-03-19 10:00:40,26.95,efectivo
17649,104,5,2025-03-19 10:04:45,148.90,tarjeta
17650,318,8,2025-03-19 10:05:00,143.40,efectivo
17651,584,4,2025-03-19 10:05:07,34.00,efectivo
17652,172,10,2025-03-19 10:06:13,36.50,tarjeta
17653,63,7,2025-03-19 10:12:56,10.00,tarjeta
17654,390,5,2025-03-19 10:16:19,40.45,efectivo
17655,29,6,2025-03-19 10:22:59,54.00,tarjeta
17656,573,5,2025-03-19 10:31:47,75.95,tarjeta
17657,415,3,2025-03-19 10:31:54,49.00,efectivo
17658,469,9,2025-03-19 10:31:57,46.50,tarjeta
17659,185,1,2025-03-19 10:49:16,35.45,tarjeta
17660,548,2,2025-03-19 10:54:38,48.95,efectivo
17661,597,7,2025-03-19 10:56:00,0.00,efectivo
17662,469,6,2025-03-19 10:56:47,41.95,efectivo
17663,650,8,2025-03-19 10:57:07,24.50,tarjeta
17664,620,6,2025-03-19 11:02:43,35.95,efectivo
17665,425,7,2025-03-19 11:20:18,74.90,tarjeta
17666,532,3,2025-03-19 11:22:00,117.50,efectivo
17667,77,1,2025-03-19 11:38:40,91.20,efectivo
17668,539,7,2025-03-19 12:02:01,71.00,efectivo
17669,924,4,2025-03-19 12:09:35,85.80,tarjeta
17670,724,3,2025-03-19 12:23:18,60.85,tarjeta
17671,717,9,2025-03-19 12:29:29,154.70,tarjeta
17672,949,1,2025-03-19 12:55:32,105.90,efectivo
17673,919,4,2025-03-19 13:07:48,32.95,efectivo
17674,124,5,2025-03-19 13:12:04,53.00,efectivo
17675,130,5,2025-03-19 13:13:20,69.00,efectivo
17676,363,5,2025-03-19 13:17:04,120.90,tarjeta
17677,841,5,2025-03-19 13:28:02,57.85,efectivo
17678,234,9,2025-03-19 13:34:40,87.40,tarjeta
17679,227,6,2025-03-19 13:44:55,53.95,tarjeta
17680,931,5,2025-03-19 14:09:33,59.95,efectivo
17681,471,8,2025-03-19 14:10:09,112.35,tarjeta
17682,50,1,2025-03-19 14:16:23,97.90,efectivo
17683,318,8,2025-03-19 14:33:15,71.40,efectivo
17684,731,5,2025-03-19 14:42:54,10.95,tarjeta
17685,883,10,2025-03-19 14:43:38,95.95,tarjeta
17686,55,2,2025-03-19 14:45:27,132.30,efectivo
17687,479,1,2025-03-19 14:46:03,19.95,tarjeta
17688,546,5,2025-03-19 14:50:36,77.80,efectivo
17689,387,9,2025-03-19 14:53:17,97.90,efectivo
17690,66,6,2025-03-19 14:57:51,236.80,efectivo
17691,717,3,2025-03-19 15:02:04,135.80,efectivo
17692,561,10,2025-03-19 15:02:46,73.00,efectivo
17693,692,4,2025-03-19 15:04:45,10.95,tarjeta
17694,37,4,2025-03-19 15:07:42,44.50,efectivo
17695,522,9,2025-03-19 15:09:36,64.45,efectivo
17696,373,7,2025-03-19 15:11:07,105.00,efectivo
17697,927,10,2025-03-19 15:12:24,137.85,efectivo
17698,839,3,2025-03-19 15:16:15,52.25,tarjeta
17699,50,9,2025-03-19 15:16:32,103.90,efectivo
17700,332,10,2025-03-19 15:19:22,141.90,tarjeta
17701,8,2,2025-03-19 15:32:31,165.30,tarjeta
17702,351,5,2025-03-19 15:35:58,120.60,tarjeta
17703,412,5,2025-03-19 15:39:04,71.20,efectivo
17704,823,1,2025-03-19 15:39:20,55.95,efectivo
17705,189,6,2025-03-19 15:42:44,63.50,tarjeta
17706,856,9,2025-03-19 15:50:11,66.00,tarjeta
17707,1000,9,2025-03-19 15:58:17,42.45,tarjeta
17708,959,2,2025-03-19 16:07:30,60.50,tarjeta
17709,55,2,2025-03-19 16:11:09,127.85,efectivo
17710,367,6,2025-03-19 16:13:57,19.95,tarjeta
17711,379,6,2025-03-19 16:21:38,60.95,tarjeta
17712,24,5,2025-03-19 16:24:14,130.85,efectivo
17713,158,5,2025-03-19 16:25:53,118.45,efectivo
17714,865,8,2025-03-19 16:34:18,107.30,efectivo
17715,573,1,2025-03-19 16:37:09,147.80,efectivo
17716,522,6,2025-03-19 16:48:55,60.50,tarjeta
17717,187,5,2025-03-19 16:49:52,125.85,efectivo
17718,651,8,2025-03-19 16:52:49,122.50,tarjeta
17719,398,2,2025-03-19 16:55:47,46.90,tarjeta
17720,529,9,2025-03-19 17:05:45,47.50,tarjeta
17721,150,7,2025-03-19 17:08:43,143.90,tarjeta
17722,816,1,2025-03-19 17:11:51,93.45,efectivo
17723,945,5,2025-03-19 17:22:20,24.95,efectivo
17724,107,4,2025-03-19 17:22:49,73.90,tarjeta
17725,507,3,2025-03-19 17:25:27,118.45,efectivo
17726,167,1,2025-03-19 17:27:44,104.25,tarjeta
17727,283,8,2025-03-19 17:30:02,125.75,efectivo
17728,977,2,2025-03-19 17:31:24,141.30,tarjeta
17729,961,1,2025-03-19 17:32:33,153.80,tarjeta
17730,308,2,2025-03-19 17:36:19,8.00,tarjeta
17731,434,1,2025-03-19 17:37:38,235.15,efectivo
17732,931,2,2025-03-19 17:53:07,167.90,tarjeta
17733,145,4,2025-03-19 17:58:18,97.45,efectivo
17734,573,10,2025-03-19 18:01:06,58.00,tarjeta
17735,70,5,2025-03-19 18:14:25,40.00,tarjeta
17736,86,5,2025-03-19 18:17:19,55.50,tarjeta
17737,851,9,2025-03-19 18:24:19,124.30,tarjeta
17738,302,5,2025-03-19 18:32:51,38.90,efectivo
17739,379,5,2025-03-19 18:34:16,156.90,efectivo
17740,884,5,2025-03-19 18:41:13,59.95,efectivo
17741,753,3,2025-03-19 19:00:23,10.00,tarjeta
17742,465,1,2025-03-19 19:00:31,40.85,efectivo
17743,158,7,2025-03-19 19:11:30,103.40,tarjeta
17744,875,6,2025-03-19 19:24:01,35.00,tarjeta
17745,150,6,2025-03-19 19:36:47,149.80,efectivo
17746,332,6,2025-03-19 19:43:00,118.35,efectivo
17747,326,3,2025-03-19 19:44:51,50.00,tarjeta
17748,42,5,2025-03-19 20:01:43,100.85,tarjeta
17749,398,5,2025-03-19 20:16:05,131.00,efectivo
17750,690,9,2025-03-19 20:30:38,8.00,tarjeta
17751,349,1,2025-03-19 20:39:33,56.90,tarjeta
17752,701,5,2025-03-19 20:53:00,59.50,tarjeta
17753,404,6,2025-03-19 20:54:40,36.50,efectivo
17754,907,9,2025-03-19 21:05:40,35.00,tarjeta
17755,367,10,2025-03-19 21:15:49,18.00,efectivo
17756,672,1,2025-03-19 21:28:10,136.00,efectivo
17757,248,8,2025-03-19 21:38:05,20.00,tarjeta
17758,970,2,2025-03-19 21:39:04,108.90,efectivo
17759,110,3,2025-03-19 21:41:36,35.00,tarjeta
17760,839,6,2025-03-19 21:54:36,123.65,tarjeta
17761,653,4,2025-03-19 21:55:53,127.50,efectivo
17762,634,3,2025-03-19 21:58:40,95.95,efectivo
17763,714,6,2025-03-19 21:58:42,83.90,efectivo
17764,67,3,2025-03-19 22:03:48,163.25,efectivo
17765,848,2,2025-03-19 22:06:45,79.20,tarjeta
17766,453,5,2025-03-19 22:09:10,126.90,efectivo
17767,490,4,2025-03-19 22:14:13,54.50,tarjeta
17768,301,3,2025-03-19 22:14:18,79.50,tarjeta
17769,833,5,2025-03-19 22:25:53,87.30,tarjeta
17770,41,6,2025-03-20 06:03:00,36.50,efectivo
17771,362,4,2025-03-20 06:12:13,65.75,tarjeta
17772,393,3,2025-03-20 06:14:54,149.50,tarjeta
17773,29,7,2025-03-20 06:16:37,78.00,efectivo
17774,979,1,2025-03-20 06:23:41,24.50,efectivo
17775,41,9,2025-03-20 06:24:11,10.95,tarjeta
17776,964,5,2025-03-20 06:24:56,93.40,efectivo
17777,902,3,2025-03-20 06:25:16,35.45,tarjeta
17778,281,1,2025-03-20 06:26:12,57.95,efectivo
17779,120,1,2025-03-20 06:35:17,22.00,tarjeta
17780,932,8,2025-03-20 06:41:37,10.00,efectivo
17781,124,9,2025-03-20 06:42:59,10.95,tarjeta
17782,923,4,2025-03-20 06:44:56,73.45,efectivo
17783,419,1,2025-03-20 06:48:51,19.95,tarjeta
17784,564,5,2025-03-20 06:50:43,47.00,tarjeta
17785,23,10,2025-03-20 06:50:44,24.50,tarjeta
17786,666,1,2025-03-20 06:53:18,10.95,tarjeta
17787,272,8,2025-03-20 06:53:24,44.50,tarjeta
17788,799,9,2025-03-20 06:56:13,35.00,efectivo
17789,197,4,2025-03-20 07:00:31,15.50,efectivo
17790,196,8,2025-03-20 07:09:25,38.00,tarjeta
17791,777,6,2025-03-20 07:15:25,15.50,tarjeta
17792,574,9,2025-03-20 07:17:45,41.95,efectivo
17793,80,2,2025-03-20 07:20:26,32.70,tarjeta
17794,376,9,2025-03-20 07:20:47,22.00,tarjeta
17795,793,3,2025-03-20 07:21:14,77.50,efectivo
17796,595,1,2025-03-20 07:23:09,30.00,efectivo
17797,712,4,2025-03-20 07:26:29,49.00,efectivo
17798,846,5,2025-03-20 07:27:07,64.90,tarjeta
17799,836,2,2025-03-20 07:27:10,42.95,efectivo
17800,314,10,2025-03-20 07:35:25,24.50,efectivo
17801,197,9,2025-03-20 07:36:25,79.95,tarjeta
17802,927,7,2025-03-20 07:39:55,131.00,efectivo
17803,410,8,2025-03-20 07:41:00,51.00,tarjeta
17804,404,7,2025-03-20 07:41:39,175.45,tarjeta
17805,37,5,2025-03-20 07:44:32,60.95,tarjeta
17806,697,6,2025-03-20 07:52:56,22.00,efectivo
17807,10,8,2025-03-20 08:01:12,10.95,tarjeta
17808,381,10,2025-03-20 08:04:20,44.00,efectivo
17809,2,5,2025-03-20 08:11:54,34.50,efectivo
17810,691,7,2025-03-20 08:12:02,12.00,tarjeta
17811,540,2,2025-03-20 08:14:09,179.50,tarjeta
17812,415,3,2025-03-20 08:14:26,24.95,efectivo
17813,691,2,2025-03-20 08:17:45,63.95,tarjeta
17814,481,4,2025-03-20 08:24:31,0.00,tarjeta
17815,847,8,2025-03-20 08:27:26,46.50,efectivo
17816,377,1,2025-03-20 08:28:05,10.00,tarjeta
17817,103,8,2025-03-20 08:37:22,45.80,tarjeta
17818,437,9,2025-03-20 08:41:06,82.45,efectivo
17819,606,10,2025-03-20 08:41:29,36.50,efectivo
17820,54,8,2025-03-20 08:42:50,46.50,tarjeta
17821,184,4,2025-03-20 08:45:10,16.00,tarjeta
17822,969,4,2025-03-20 08:49:24,37.50,efectivo
17823,394,6,2025-03-20 08:49:32,87.50,efectivo
17824,944,3,2025-03-20 08:50:58,43.00,efectivo
17825,464,7,2025-03-20 09:07:17,31.00,tarjeta
17826,288,6,2025-03-20 09:07:57,37.50,efectivo
17827,574,9,2025-03-20 09:20:08,27.45,tarjeta
17828,605,9,2025-03-20 09:23:20,38.95,tarjeta
17829,974,4,2025-03-20 09:32:32,26.95,efectivo
17830,152,7,2025-03-20 09:34:04,69.00,tarjeta
17831,521,8,2025-03-20 09:34:45,22.50,efectivo
17832,840,10,2025-03-20 09:38:13,156.50,efectivo
17833,2,4,2025-03-20 09:39:16,32.00,efectivo
17834,200,9,2025-03-20 09:43:49,56.50,tarjeta
17835,197,6,2025-03-20 09:44:46,10.95,tarjeta
17836,962,3,2025-03-20 09:51:23,41.00,tarjeta
17837,895,4,2025-03-20 09:52:52,53.40,efectivo
17838,706,8,2025-03-20 10:01:08,56.45,efectivo
17839,586,3,2025-03-20 10:05:26,37.50,efectivo
17840,643,4,2025-03-20 10:10:38,12.00,efectivo
17841,763,9,2025-03-20 10:12:08,48.95,tarjeta
17842,875,6,2025-03-20 10:16:48,192.80,efectivo
17843,571,5,2025-03-20 10:18:57,38.95,efectivo
17844,346,9,2025-03-20 10:20:06,62.40,tarjeta
17845,535,9,2025-03-20 10:23:15,26.95,efectivo
17846,93,6,2025-03-20 10:26:42,34.00,efectivo
17847,954,5,2025-03-20 10:31:25,0.00,tarjeta
17848,588,8,2025-03-20 10:38:07,75.45,efectivo
17849,417,2,2025-03-20 10:39:50,10.95,efectivo
17850,650,9,2025-03-20 10:40:21,60.90,tarjeta
17851,687,8,2025-03-20 10:47:17,108.00,efectivo
17852,445,3,2025-03-20 10:47:59,0.00,tarjeta
17853,766,4,2025-03-20 10:49:34,53.00,efectivo
17854,976,4,2025-03-20 10:53:26,10.95,efectivo
17855,428,1,2025-03-20 10:53:52,31.00,efectivo
17856,875,10,2025-03-20 10:58:52,155.85,tarjeta
17857,83,4,2025-03-20 11:15:11,67.95,tarjeta
17858,332,8,2025-03-20 11:18:07,149.90,tarjeta
17859,414,7,2025-03-20 11:23:04,91.95,tarjeta
17860,627,8,2025-03-20 11:35:26,0.00,tarjeta
17861,608,8,2025-03-20 11:35:56,106.00,tarjeta
17862,378,10,2025-03-20 11:36:11,55.00,tarjeta
17863,393,10,2025-03-20 11:46:03,138.30,tarjeta
17864,414,6,2025-03-20 11:55:56,142.90,tarjeta
17865,24,7,2025-03-20 12:01:22,49.90,efectivo
17866,694,1,2025-03-20 12:08:24,51.50,tarjeta
17867,517,2,2025-03-20 12:10:46,123.45,tarjeta
17868,325,4,2025-03-20 12:28:25,15.50,tarjeta
17869,425,8,2025-03-20 12:35:07,80.00,efectivo
17870,390,10,2025-03-20 12:46:51,71.50,tarjeta
17871,334,2,2025-03-20 12:57:30,50.95,tarjeta
17872,264,7,2025-03-20 13:08:40,71.45,efectivo
17873,273,1,2025-03-20 13:18:59,100.95,efectivo
17874,892,5,2025-03-20 13:21:07,137.50,efectivo
17875,500,6,2025-03-20 13:23:19,60.90,tarjeta
17876,201,2,2025-03-20 13:25:33,27.50,efectivo
17877,882,8,2025-03-20 13:26:44,92.00,efectivo
17878,698,7,2025-03-20 13:29:19,103.00,tarjeta
17879,211,8,2025-03-20 13:36:21,56.00,tarjeta
17880,641,7,2025-03-20 13:40:56,89.90,efectivo
17881,81,1,2025-03-20 13:42:18,132.00,efectivo
17882,179,6,2025-03-20 13:49:19,62.00,tarjeta
17883,846,10,2025-03-20 13:57:11,56.90,efectivo
17884,434,9,2025-03-20 13:58:12,170.45,efectivo
17885,612,5,2025-03-20 14:01:21,154.45,efectivo
17886,822,6,2025-03-20 14:10:57,208.35,efectivo
17887,450,1,2025-03-20 14:11:20,41.85,tarjeta
17888,430,9,2025-03-20 14:29:17,88.00,tarjeta
17889,780,5,2025-03-20 14:31:46,90.95,tarjeta
17890,15,6,2025-03-20 14:32:21,16.00,tarjeta
17891,589,4,2025-03-20 14:52:34,10.95,tarjeta
17892,155,6,2025-03-20 15:08:45,34.85,tarjeta
17893,667,10,2025-03-20 15:12:32,18.00,tarjeta
17894,473,10,2025-03-20 15:14:17,107.30,tarjeta
17895,179,1,2025-03-20 15:22:29,95.50,tarjeta
17896,573,9,2025-03-20 15:31:33,58.85,efectivo
17897,714,6,2025-03-20 15:43:46,75.00,efectivo
17898,887,9,2025-03-20 15:51:26,136.00,efectivo
17899,543,6,2025-03-20 15:52:17,80.45,efectivo
17900,660,6,2025-03-20 15:53:39,158.90,tarjeta
17901,331,2,2025-03-20 15:55:13,118.45,efectivo
17902,962,7,2025-03-20 16:05:56,24.50,efectivo
17903,703,4,2025-03-20 16:16:45,97.95,tarjeta
17904,51,2,2025-03-20 16:25:55,128.90,efectivo
17905,371,4,2025-03-20 16:27:50,133.40,tarjeta
17906,860,3,2025-03-20 16:28:32,54.40,tarjeta
17907,187,2,2025-03-20 16:31:33,64.00,tarjeta
17908,634,4,2025-03-20 16:36:44,135.70,efectivo
17909,114,3,2025-03-20 16:41:00,32.00,tarjeta
17910,690,4,2025-03-20 16:52:37,108.45,tarjeta
17911,653,3,2025-03-20 16:55:34,218.30,efectivo
17912,476,1,2025-03-20 17:08:46,66.45,tarjeta
17913,717,10,2025-03-20 17:17:23,80.50,efectivo
17914,386,5,2025-03-20 17:21:32,62.50,efectivo
17915,236,8,2025-03-20 17:25:33,108.15,tarjeta
17916,965,9,2025-03-20 17:27:35,145.90,tarjeta
17917,682,9,2025-03-20 17:28:12,106.45,efectivo
17918,904,9,2025-03-20 17:29:44,35.00,efectivo
17919,55,8,2025-03-20 17:40:41,145.85,tarjeta
17920,937,4,2025-03-20 17:46:28,126.80,tarjeta
17921,988,4,2025-03-20 18:15:33,27.85,tarjeta
17922,848,2,2025-03-20 18:38:23,217.10,tarjeta
17923,418,2,2025-03-20 18:52:12,60.45,efectivo
17924,546,5,2025-03-20 18:52:28,117.90,efectivo
17925,911,4,2025-03-20 19:22:48,26.00,efectivo
17926,823,7,2025-03-20 19:34:23,114.30,efectivo
17927,145,5,2025-03-20 19:36:02,95.50,efectivo
17928,865,6,2025-03-20 19:38:01,16.50,efectivo
17929,919,8,2025-03-20 19:48:20,10.95,efectivo
17930,476,9,2025-03-20 19:50:44,151.40,tarjeta
17931,573,1,2025-03-20 19:50:47,96.50,tarjeta
17932,675,2,2025-03-20 19:53:23,46.85,tarjeta
17933,278,1,2025-03-20 20:02:00,96.40,tarjeta
17934,984,8,2025-03-20 20:07:11,102.40,tarjeta
17935,601,3,2025-03-20 20:11:29,34.35,efectivo
17936,694,5,2025-03-20 20:21:52,85.45,tarjeta
17937,897,2,2025-03-20 20:23:06,60.90,tarjeta
17938,404,9,2025-03-20 20:28:16,156.90,efectivo
17939,378,7,2025-03-20 20:29:32,125.00,tarjeta
17940,189,3,2025-03-20 20:30:36,80.95,efectivo
17941,694,1,2025-03-20 20:33:15,113.95,tarjeta
17942,482,2,2025-03-20 20:44:27,35.00,efectivo
17943,640,6,2025-03-20 21:01:20,108.40,tarjeta
17944,297,2,2025-03-20 21:06:24,53.95,efectivo
17945,363,3,2025-03-20 21:11:07,85.95,tarjeta
17946,757,2,2025-03-20 21:26:41,12.35,efectivo
17947,36,5,2025-03-20 21:39:25,93.00,efectivo
17948,496,6,2025-03-20 21:50:32,64.50,tarjeta
17949,230,6,2025-03-20 21:52:36,44.45,tarjeta
17950,834,10,2025-03-20 22:00:01,74.85,efectivo
17951,594,8,2025-03-20 22:13:56,8.00,tarjeta
17952,30,3,2025-03-20 22:18:34,90.90,efectivo
17953,273,7,2025-03-20 22:46:56,18.95,efectivo
17954,454,1,2025-03-20 22:46:58,115.45,tarjeta
17955,123,6,2025-03-20 22:53:37,38.90,efectivo
17956,622,10,2025-03-21 06:01:40,231.65,efectivo
17957,867,8,2025-03-21 06:07:55,37.50,efectivo
17958,902,1,2025-03-21 06:10:40,58.95,efectivo
17959,895,10,2025-03-21 06:12:17,22.00,efectivo
17960,150,3,2025-03-21 06:16:47,46.90,efectivo
17961,816,8,2025-03-21 06:22:04,115.40,tarjeta
17962,801,1,2025-03-21 06:22:49,24.50,tarjeta
17963,501,10,2025-03-21 06:23:25,127.00,tarjeta
17964,461,2,2025-03-21 06:26:37,26.95,tarjeta
17965,523,7,2025-03-21 06:28:14,26.95,tarjeta
17966,85,10,2025-03-21 06:33:30,77.90,efectivo
17967,178,5,2025-03-21 06:42:16,51.95,tarjeta
17968,232,2,2025-03-21 06:47:01,24.50,efectivo
17969,760,8,2025-03-21 06:49:52,24.50,efectivo
17970,335,4,2025-03-21 06:51:29,51.45,tarjeta
17971,483,8,2025-03-21 06:51:29,0.00,tarjeta
17972,932,1,2025-03-21 06:56:08,12.00,tarjeta
17973,2,4,2025-03-21 06:57:48,15.50,tarjeta
17974,350,2,2025-03-21 07:00:06,26.95,tarjeta
17975,783,10,2025-03-21 07:07:28,46.50,tarjeta
17976,406,4,2025-03-21 07:07:39,78.45,efectivo
17977,712,9,2025-03-21 07:11:17,64.45,efectivo
17978,571,5,2025-03-21 07:14:41,22.00,tarjeta
17979,405,4,2025-03-21 07:17:45,63.90,tarjeta
17980,901,6,2025-03-21 07:26:37,55.50,tarjeta
17981,732,3,2025-03-21 07:28:30,24.50,tarjeta
17982,767,3,2025-03-21 07:35:28,44.95,efectivo
17983,313,8,2025-03-21 07:38:26,22.00,efectivo
17984,842,6,2025-03-21 07:38:56,26.95,tarjeta
17985,445,9,2025-03-21 07:41:11,65.00,efectivo
17986,105,6,2025-03-21 07:42:29,55.50,efectivo
17987,41,2,2025-03-21 07:43:29,20.95,efectivo
17988,81,7,2025-03-21 07:45:37,35.95,tarjeta
17989,460,1,2025-03-21 07:56:30,12.00,tarjeta
17990,532,1,2025-03-21 08:01:51,199.70,tarjeta
17991,18,6,2025-03-21 08:09:04,22.00,tarjeta
17992,170,9,2025-03-21 08:10:30,111.95,efectivo
17993,205,10,2025-03-21 08:16:05,138.90,tarjeta
17994,10,7,2025-03-21 08:16:48,15.50,efectivo
17995,116,4,2025-03-21 08:18:43,37.50,tarjeta
17996,189,8,2025-03-21 08:18:48,179.80,efectivo
17997,83,2,2025-03-21 08:21:12,26.95,tarjeta
17998,417,2,2025-03-21 08:22:34,34.50,efectivo
17999,111,3,2025-03-21 08:22:49,168.80,efectivo
18000,650,5,2025-03-21 08:25:42,12.00,tarjeta
18001,315,9,2025-03-21 08:32:36,22.00,efectivo
18002,417,9,2025-03-21 08:36:14,38.90,efectivo
18003,803,4,2025-03-21 08:41:40,37.90,tarjeta
18004,195,4,2025-03-21 08:58:03,66.00,efectivo
18005,161,6,2025-03-21 09:02:46,82.45,tarjeta
18006,818,4,2025-03-21 09:05:25,46.50,efectivo
18007,732,7,2025-03-21 09:08:11,79.95,tarjeta
18008,979,1,2025-03-21 09:12:50,20.95,tarjeta
18009,994,8,2025-03-21 09:13:18,24.95,efectivo
18010,944,3,2025-03-21 09:25:44,18.95,efectivo
18011,974,8,2025-03-21 09:32:11,56.50,tarjeta
18012,195,6,2025-03-21 09:44:41,41.00,efectivo
18013,931,7,2025-03-21 09:48:18,101.85,tarjeta
18014,278,1,2025-03-21 09:54:59,128.75,efectivo
18015,542,8,2025-03-21 09:55:26,37.90,tarjeta
18016,392,1,2025-03-21 09:57:03,26.45,efectivo
18017,923,9,2025-03-21 10:06:03,42.95,tarjeta
18018,885,6,2025-03-21 10:16:45,90.50,tarjeta
18019,111,9,2025-03-21 10:17:05,187.00,efectivo
18020,376,6,2025-03-21 10:17:27,15.50,efectivo
18021,176,4,2025-03-21 10:21:38,26.95,efectivo
18022,822,7,2025-03-21 10:27:41,89.95,tarjeta
18023,839,1,2025-03-21 10:28:41,79.00,efectivo
18024,698,2,2025-03-21 10:34:22,71.40,efectivo
18025,988,7,2025-03-21 10:36:34,105.00,tarjeta
18026,575,1,2025-03-21 10:37:20,50.95,tarjeta
18027,870,1,2025-03-21 10:40:46,69.20,tarjeta
18028,469,8,2025-03-21 10:44:07,48.00,tarjeta
18029,457,5,2025-03-21 10:44:35,52.95,tarjeta
18030,69,4,2025-03-21 10:53:19,66.45,efectivo
18031,124,4,2025-03-21 10:56:25,10.95,tarjeta
18032,283,2,2025-03-21 11:02:24,53.95,efectivo
18033,501,2,2025-03-21 11:13:35,132.45,efectivo
18034,926,8,2025-03-21 11:15:26,100.80,tarjeta
18035,8,6,2025-03-21 11:15:54,61.00,efectivo
18036,525,6,2025-03-21 11:16:45,67.00,tarjeta
18037,926,8,2025-03-21 11:20:59,72.50,efectivo
18038,166,7,2025-03-21 11:22:24,42.50,tarjeta
18039,663,2,2025-03-21 11:27:05,81.00,tarjeta
18040,82,4,2025-03-21 11:29:00,35.95,efectivo
18041,434,2,2025-03-21 11:29:59,102.90,efectivo
18042,681,4,2025-03-21 11:35:56,46.00,tarjeta
18043,824,3,2025-03-21 11:36:52,141.90,efectivo
18044,703,9,2025-03-21 11:54:50,16.50,tarjeta
18045,382,10,2025-03-21 12:17:06,77.95,efectivo
18046,453,10,2025-03-21 12:34:17,42.50,tarjeta
18047,467,1,2025-03-21 12:47:26,98.50,tarjeta
18048,209,8,2025-03-21 12:59:50,24.35,efectivo
18049,205,4,2025-03-21 13:03:43,68.40,tarjeta
18050,407,1,2025-03-21 13:27:53,38.90,efectivo
18051,671,7,2025-03-21 13:30:43,137.50,efectivo
18052,372,7,2025-03-21 13:37:26,89.00,efectivo
18053,663,4,2025-03-21 13:45:57,116.00,efectivo
18054,546,5,2025-03-21 14:03:48,115.90,efectivo
18055,849,5,2025-03-21 14:14:18,167.75,tarjeta
18056,433,4,2025-03-21 14:14:55,130.30,tarjeta
18057,55,4,2025-03-21 14:28:04,60.50,efectivo
18058,722,7,2025-03-21 14:34:13,19.95,efectivo
18059,441,4,2025-03-21 14:42:28,85.80,efectivo
18060,223,2,2025-03-21 14:45:50,8.00,efectivo
18061,522,6,2025-03-21 14:48:46,131.75,tarjeta
18062,730,1,2025-03-21 15:01:53,66.90,efectivo
18063,610,9,2025-03-21 15:07:11,64.90,tarjeta
18064,607,1,2025-03-21 15:16:41,67.00,efectivo
18065,546,9,2025-03-21 15:19:06,177.75,tarjeta
18066,236,5,2025-03-21 15:20:40,43.00,tarjeta
18067,965,10,2025-03-21 15:23:54,128.85,tarjeta
18068,619,10,2025-03-21 15:26:14,97.75,tarjeta
18069,403,10,2025-03-21 15:27:40,32.50,tarjeta
18070,111,3,2025-03-21 15:28:39,75.25,tarjeta
18071,145,4,2025-03-21 16:04:26,151.95,tarjeta
18072,382,2,2025-03-21 16:09:56,182.90,tarjeta
18073,67,3,2025-03-21 16:20:10,152.65,efectivo
18074,811,7,2025-03-21 16:51:48,74.00,tarjeta
18075,841,2,2025-03-21 16:53:46,123.50,efectivo
18076,151,6,2025-03-21 16:54:07,168.65,tarjeta
18077,458,5,2025-03-21 16:56:50,93.90,efectivo
18078,733,6,2025-03-21 17:10:10,50.00,efectivo
18079,151,10,2025-03-21 17:30:57,77.95,tarjeta
18080,485,8,2025-03-21 17:34:14,0.00,efectivo
18081,410,1,2025-03-21 17:42:00,79.95,efectivo
18082,71,7,2025-03-21 17:43:27,49.00,tarjeta
18083,887,1,2025-03-21 17:43:46,33.00,efectivo
18084,490,8,2025-03-21 17:44:35,138.95,efectivo
18085,742,9,2025-03-21 18:01:54,160.00,efectivo
18086,476,5,2025-03-21 18:14:30,149.30,efectivo
18087,619,10,2025-03-21 18:40:13,144.95,efectivo
18088,532,2,2025-03-21 18:40:27,35.00,efectivo
18089,412,6,2025-03-21 19:49:36,38.00,efectivo
18090,687,9,2025-03-21 19:57:16,46.50,efectivo
18091,607,10,2025-03-21 20:17:18,138.80,tarjeta
18092,472,4,2025-03-21 20:24:37,35.00,efectivo
18093,76,5,2025-03-21 20:35:58,134.90,efectivo
18094,682,7,2025-03-21 20:41:28,179.80,tarjeta
18095,686,2,2025-03-21 21:03:05,79.45,efectivo
18096,410,7,2025-03-21 21:29:46,96.35,tarjeta
18097,837,10,2025-03-21 21:32:25,10.00,tarjeta
18098,826,7,2025-03-21 21:35:47,92.35,efectivo
18099,350,3,2025-03-21 21:42:38,31.00,efectivo
18100,363,6,2025-03-21 21:45:32,126.85,efectivo
18101,472,1,2025-03-21 21:46:29,157.70,tarjeta
18102,71,6,2025-03-21 21:58:07,89.45,tarjeta
18103,379,9,2025-03-21 22:14:28,112.00,efectivo
18104,832,1,2025-03-21 22:15:19,107.85,tarjeta
18105,244,7,2025-03-21 22:24:05,51.00,tarjeta
18106,146,7,2025-03-21 22:27:35,93.40,efectivo
18107,278,8,2025-03-21 22:38:30,168.70,efectivo
18108,387,2,2025-03-21 22:59:35,144.00,efectivo
18109,568,3,2025-03-22 06:01:59,73.45,efectivo
18110,634,4,2025-03-22 06:03:48,126.75,efectivo
18111,232,4,2025-03-22 06:12:45,45.95,efectivo
18112,406,2,2025-03-22 06:23:25,10.95,efectivo
18113,707,5,2025-03-22 06:23:54,12.00,tarjeta
18114,350,9,2025-03-22 06:26:46,61.45,efectivo
18115,63,9,2025-03-22 06:26:58,27.45,efectivo
18116,525,4,2025-03-22 06:28:20,90.50,tarjeta
18117,359,7,2025-03-22 06:29:13,61.45,tarjeta
18118,742,9,2025-03-22 06:30:54,74.00,tarjeta
18119,321,9,2025-03-22 06:31:39,55.50,efectivo
18120,103,3,2025-03-22 06:31:44,60.45,efectivo
18121,995,9,2025-03-22 06:32:48,190.95,efectivo
18122,666,3,2025-03-22 06:32:58,37.50,efectivo
18123,689,6,2025-03-22 06:35:24,66.45,efectivo
18124,383,9,2025-03-22 06:42:18,88.45,efectivo
18125,76,1,2025-03-22 06:42:26,170.95,efectivo
18126,831,7,2025-03-22 06:46:57,44.00,efectivo
18127,273,3,2025-03-22 06:47:07,127.80,tarjeta
18128,948,6,2025-03-22 06:48:20,79.50,efectivo
18129,54,7,2025-03-22 06:48:32,22.95,efectivo
18130,177,2,2025-03-22 06:49:10,46.50,tarjeta
18131,763,3,2025-03-22 06:59:39,66.95,efectivo
18132,749,3,2025-03-22 07:11:34,22.00,efectivo
18133,808,5,2025-03-22 07:14:04,0.00,tarjeta
18134,45,3,2025-03-22 07:17:55,27.50,tarjeta
18135,781,8,2025-03-22 07:19:09,31.00,tarjeta
18136,124,6,2025-03-22 07:21:12,22.00,efectivo
18137,477,9,2025-03-22 07:28:55,18.00,tarjeta
18138,964,1,2025-03-22 07:35:01,69.90,tarjeta
18139,485,3,2025-03-22 07:40:08,31.00,tarjeta
18140,460,2,2025-03-22 07:44:38,24.50,tarjeta
18141,119,3,2025-03-22 07:53:01,28.00,tarjeta
18142,460,9,2025-03-22 08:03:01,46.50,efectivo
18143,451,5,2025-03-22 08:03:35,91.90,efectivo
18144,885,2,2025-03-22 08:05:38,57.95,efectivo
18145,390,6,2025-03-22 08:10:21,109.90,efectivo
18146,831,1,2025-03-22 08:11:08,63.95,tarjeta
18147,803,9,2025-03-22 08:20:30,66.45,efectivo
18148,609,6,2025-03-22 08:20:49,34.50,tarjeta
18149,331,4,2025-03-22 08:22:18,89.95,efectivo
18150,854,8,2025-03-22 08:22:57,60.90,tarjeta
18151,858,5,2025-03-22 08:24:21,15.50,tarjeta
18152,979,10,2025-03-22 08:27:14,22.00,tarjeta
18153,793,9,2025-03-22 08:33:49,52.95,tarjeta
18154,483,2,2025-03-22 08:38:33,55.50,efectivo
18155,1000,7,2025-03-22 08:38:52,26.95,efectivo
18156,792,4,2025-03-22 08:39:13,15.50,efectivo
18157,690,4,2025-03-22 08:46:32,139.40,tarjeta
18158,477,4,2025-03-22 08:48:21,26.95,efectivo
18159,472,9,2025-03-22 08:51:57,77.80,efectivo
18160,876,5,2025-03-22 08:52:01,66.50,tarjeta
18161,597,3,2025-03-22 08:52:52,46.50,efectivo
18162,920,2,2025-03-22 08:55:38,49.00,efectivo
18163,629,7,2025-03-22 08:58:37,37.50,efectivo
18164,765,7,2025-03-22 08:59:57,58.95,efectivo
18165,377,10,2025-03-22 09:05:19,24.50,efectivo
18166,242,4,2025-03-22 09:10:18,85.45,tarjeta
18167,856,7,2025-03-22 09:19:09,78.50,tarjeta
18168,767,5,2025-03-22 09:20:46,18.00,tarjeta
18169,964,8,2025-03-22 09:23:59,24.50,tarjeta
18170,965,9,2025-03-22 09:25:46,56.90,tarjeta
18171,744,10,2025-03-22 09:34:00,31.00,tarjeta
18172,771,4,2025-03-22 09:35:42,119.00,efectivo
18173,335,9,2025-03-22 09:38:08,84.00,efectivo
18174,172,3,2025-03-22 09:38:49,35.45,tarjeta
18175,919,10,2025-03-22 09:39:59,35.95,tarjeta
18176,882,8,2025-03-22 09:43:49,92.85,efectivo
18177,842,10,2025-03-22 09:43:55,73.45,efectivo
18178,954,4,2025-03-22 09:47:18,26.95,tarjeta
18179,449,1,2025-03-22 09:51:15,44.00,efectivo
18180,69,8,2025-03-22 09:54:42,37.90,tarjeta
18181,217,5,2025-03-22 09:58:28,41.95,tarjeta
18182,350,9,2025-03-22 09:59:16,31.00,tarjeta
18183,71,3,2025-03-22 10:00:16,66.90,tarjeta
18184,902,5,2025-03-22 10:01:50,22.00,efectivo
18185,435,8,2025-03-22 10:02:45,16.50,tarjeta
18186,250,4,2025-03-22 10:05:18,31.00,efectivo
18187,317,4,2025-03-22 10:07:28,31.00,efectivo
18188,323,5,2025-03-22 10:16:02,151.25,tarjeta
18189,260,3,2025-03-22 10:28:42,26.95,tarjeta
18190,801,4,2025-03-22 10:32:23,48.95,efectivo
18191,284,3,2025-03-22 10:33:26,50.90,tarjeta
18192,850,5,2025-03-22 10:33:50,48.45,efectivo
18193,245,6,2025-03-22 10:36:36,12.35,efectivo
18194,682,8,2025-03-22 10:45:43,75.95,efectivo
18195,483,6,2025-03-22 10:46:04,31.00,tarjeta
18196,842,9,2025-03-22 10:47:50,33.50,efectivo
18197,664,10,2025-03-22 10:48:23,51.95,efectivo
18198,814,8,2025-03-22 10:48:32,37.50,tarjeta
18199,659,4,2025-03-22 10:49:00,28.50,efectivo
18200,464,9,2025-03-22 10:52:42,67.95,efectivo
18201,90,9,2025-03-22 10:56:28,46.50,tarjeta
18202,933,7,2025-03-22 11:04:32,128.80,tarjeta
18203,331,10,2025-03-22 11:14:48,95.45,efectivo
18204,378,9,2025-03-22 11:18:56,98.50,tarjeta
18205,66,7,2025-03-22 11:43:15,35.00,tarjeta
18206,331,6,2025-03-22 11:50:19,38.90,tarjeta
18207,692,6,2025-03-22 11:55:01,71.95,tarjeta
18208,184,5,2025-03-22 11:57:46,97.85,efectivo
18209,348,3,2025-03-22 12:03:04,35.00,efectivo
18210,187,7,2025-03-22 12:27:47,132.45,efectivo
18211,330,6,2025-03-22 12:30:04,19.95,tarjeta
18212,77,6,2025-03-22 12:41:47,146.00,efectivo
18213,905,8,2025-03-22 12:43:07,201.40,tarjeta
18214,371,2,2025-03-22 12:46:31,59.50,efectivo
18215,8,5,2025-03-22 12:47:56,150.00,tarjeta
18216,331,8,2025-03-22 12:49:16,58.00,efectivo
18217,700,9,2025-03-22 12:58:45,16.50,tarjeta
18218,167,5,2025-03-22 13:09:06,138.80,efectivo
18219,471,4,2025-03-22 13:13:19,170.90,efectivo
18220,113,8,2025-03-22 14:00:30,120.00,efectivo
18221,849,3,2025-03-22 14:00:36,65.45,efectivo
18222,937,8,2025-03-22 14:05:20,116.85,efectivo
18223,430,3,2025-03-22 14:24:09,91.50,efectivo
18224,381,4,2025-03-22 14:34:54,170.70,tarjeta
18225,607,1,2025-03-22 14:40:09,109.90,tarjeta
18226,771,10,2025-03-22 14:50:06,55.00,tarjeta
18227,186,8,2025-03-22 14:55:20,95.90,tarjeta
18228,573,7,2025-03-22 14:55:31,63.85,tarjeta
18229,905,7,2025-03-22 14:59:06,60.95,tarjeta
18230,746,3,2025-03-22 15:06:23,45.00,efectivo
18231,418,7,2025-03-22 15:11:45,109.90,efectivo
18232,187,4,2025-03-22 15:23:15,101.95,tarjeta
18233,814,8,2025-03-22 15:28:58,46.50,tarjeta
18234,984,3,2025-03-22 15:30:18,73.90,efectivo
18235,682,7,2025-03-22 15:34:32,123.90,tarjeta
18236,654,3,2025-03-22 15:44:53,29.95,efectivo
18237,158,7,2025-03-22 15:45:40,95.40,efectivo
18238,564,9,2025-03-22 15:48:24,41.00,tarjeta
18239,585,9,2025-03-22 15:54:30,79.90,tarjeta
18240,15,6,2025-03-22 16:10:01,168.85,efectivo
18241,126,10,2025-03-22 16:25:20,27.45,efectivo
18242,905,9,2025-03-22 16:27:30,92.95,efectivo
18243,530,6,2025-03-22 16:39:19,19.95,tarjeta
18244,290,9,2025-03-22 16:40:47,53.20,tarjeta
18245,561,4,2025-03-22 16:53:28,83.95,efectivo
18246,32,8,2025-03-22 17:01:40,18.00,efectivo
18247,283,3,2025-03-22 17:06:04,159.30,tarjeta
18248,351,5,2025-03-22 17:10:17,15.50,efectivo
18249,911,10,2025-03-22 17:22:22,83.50,tarjeta
18250,792,4,2025-03-22 17:22:34,47.50,efectivo
18251,273,3,2025-03-22 17:23:03,133.00,efectivo
18252,891,5,2025-03-22 17:32:59,70.90,efectivo
18253,914,8,2025-03-22 17:45:07,28.50,efectivo
18254,168,2,2025-03-22 17:55:34,153.50,efectivo
18255,501,4,2025-03-22 17:57:09,101.00,efectivo
18256,81,7,2025-03-22 17:58:52,185.65,efectivo
18257,194,2,2025-03-22 18:05:48,19.95,efectivo
18258,111,10,2025-03-22 18:10:36,53.95,efectivo
18259,532,10,2025-03-22 18:26:14,94.00,efectivo
18260,806,8,2025-03-22 18:28:17,127.50,efectivo
18261,110,6,2025-03-22 18:45:12,103.40,tarjeta
18262,465,2,2025-03-22 18:47:29,18.00,tarjeta
18263,471,2,2025-03-22 18:48:14,138.90,tarjeta
18264,797,6,2025-03-22 18:52:50,190.90,efectivo
18265,939,3,2025-03-22 19:09:26,22.50,tarjeta
18266,995,8,2025-03-22 19:10:01,167.80,tarjeta
18267,290,3,2025-03-22 19:22:41,74.85,efectivo
18268,501,6,2025-03-22 19:40:57,49.90,efectivo
18269,102,2,2025-03-22 19:43:25,42.45,tarjeta
18270,472,7,2025-03-22 19:45:41,90.35,efectivo
18271,742,2,2025-03-22 19:55:53,50.40,tarjeta
18272,68,5,2025-03-22 20:00:41,38.90,tarjeta
18273,36,8,2025-03-22 20:02:57,109.85,tarjeta
18274,671,8,2025-03-22 20:10:55,127.35,tarjeta
18275,332,7,2025-03-22 20:31:25,100.90,efectivo
18276,393,2,2025-03-22 20:31:38,67.95,efectivo
18277,465,8,2025-03-22 20:45:02,54.50,efectivo
18278,454,4,2025-03-22 21:19:31,81.70,efectivo
18279,451,1,2025-03-22 21:39:59,118.75,efectivo
18280,145,3,2025-03-22 21:45:10,107.00,tarjeta
18281,80,3,2025-03-22 22:00:53,89.95,efectivo
18282,849,5,2025-03-22 22:09:15,222.80,tarjeta
18283,275,4,2025-03-22 22:10:11,98.50,tarjeta
18284,484,3,2025-03-22 22:14:38,117.00,efectivo
18285,984,10,2025-03-22 22:16:45,117.45,tarjeta
18286,472,5,2025-03-22 22:43:30,106.00,efectivo
18287,853,6,2025-03-23 06:00:17,108.90,tarjeta
18288,74,3,2025-03-23 06:01:21,60.50,efectivo
18289,254,3,2025-03-23 06:04:04,31.00,efectivo
18290,405,1,2025-03-23 06:04:25,18.00,efectivo
18291,611,7,2025-03-23 06:06:36,66.95,tarjeta
18292,430,10,2025-03-23 06:06:38,82.95,efectivo
18293,254,10,2025-03-23 06:06:43,38.45,tarjeta
18294,80,1,2025-03-23 06:09:46,71.45,tarjeta
18295,595,2,2025-03-23 06:13:05,26.95,efectivo
18296,124,6,2025-03-23 06:17:04,60.45,efectivo
18297,523,7,2025-03-23 06:18:02,67.50,tarjeta
18298,33,9,2025-03-23 06:22:43,66.95,efectivo
18299,803,10,2025-03-23 06:24:13,77.50,efectivo
18300,840,10,2025-03-23 06:35:15,40.85,tarjeta
18301,957,2,2025-03-23 06:35:30,32.95,tarjeta
18302,792,10,2025-03-23 06:35:34,18.00,tarjeta
18303,659,7,2025-03-23 06:38:08,151.90,efectivo
18304,425,3,2025-03-23 06:42:46,121.80,tarjeta
18305,329,3,2025-03-23 06:45:22,42.45,tarjeta
18306,356,2,2025-03-23 06:47:44,47.50,efectivo
18307,690,9,2025-03-23 06:49:30,38.00,tarjeta
18308,666,6,2025-03-23 06:51:17,31.00,efectivo
18309,954,2,2025-03-23 07:12:12,34.00,efectivo
18310,810,9,2025-03-23 07:23:46,112.95,tarjeta
18311,690,10,2025-03-23 07:24:33,0.00,tarjeta
18312,28,5,2025-03-23 07:25:37,10.95,efectivo
18313,588,2,2025-03-23 07:27:52,58.50,efectivo
18314,588,1,2025-03-23 07:29:33,10.00,tarjeta
18315,376,1,2025-03-23 07:38:45,52.00,efectivo
18316,196,9,2025-03-23 07:39:22,51.45,efectivo
18317,469,9,2025-03-23 07:50:51,31.00,efectivo
18318,27,3,2025-03-23 08:06:33,26.95,tarjeta
18319,218,9,2025-03-23 08:08:04,37.90,tarjeta
18320,176,9,2025-03-23 08:10:51,0.00,efectivo
18321,766,5,2025-03-23 08:10:52,57.95,tarjeta
18322,524,2,2025-03-23 08:13:24,109.50,tarjeta
18323,796,3,2025-03-23 08:16:18,40.00,tarjeta
18324,105,9,2025-03-23 08:18:32,32.00,efectivo
18325,976,3,2025-03-23 08:19:09,38.95,efectivo
18326,548,5,2025-03-23 08:20:16,26.95,tarjeta
18327,464,5,2025-03-23 08:22:00,82.45,efectivo
18328,923,3,2025-03-23 08:23:57,51.45,tarjeta
18329,457,10,2025-03-23 08:30:41,62.40,tarjeta
18330,377,9,2025-03-23 08:33:37,42.45,tarjeta
18331,71,7,2025-03-23 08:39:40,81.60,efectivo
18332,55,8,2025-03-23 08:40:22,84.30,tarjeta
18333,321,3,2025-03-23 08:43:33,12.00,efectivo
18334,73,9,2025-03-23 08:50:48,61.50,tarjeta
18335,922,1,2025-03-23 08:59:13,74.45,efectivo
18336,976,8,2025-03-23 09:01:50,51.45,tarjeta
18337,933,1,2025-03-23 09:09:33,94.40,efectivo
18338,760,3,2025-03-23 09:10:40,37.50,tarjeta
18339,415,1,2025-03-23 09:13:05,12.00,tarjeta
18340,465,3,2025-03-23 09:19:20,153.00,tarjeta
18341,725,10,2025-03-23 09:34:30,51.45,tarjeta
18342,604,5,2025-03-23 09:36:13,18.00,efectivo
18343,329,1,2025-03-23 09:37:02,68.50,efectivo
18344,452,3,2025-03-23 09:38:17,46.50,efectivo
18345,2,10,2025-03-23 09:41:10,77.50,efectivo
18346,885,8,2025-03-23 09:41:22,22.00,tarjeta
18347,962,2,2025-03-23 09:43:13,40.00,efectivo
18348,899,5,2025-03-23 09:47:25,12.00,efectivo
18349,390,6,2025-03-23 09:49:04,24.35,tarjeta
18350,465,10,2025-03-23 09:51:50,86.00,tarjeta
18351,972,9,2025-03-23 09:58:47,38.95,tarjeta
18352,765,6,2025-03-23 10:12:08,43.00,tarjeta
18353,713,2,2025-03-23 10:14:48,26.95,tarjeta
18354,189,8,2025-03-23 10:17:53,144.30,tarjeta
18355,245,6,2025-03-23 10:20:19,15.50,tarjeta
18356,538,1,2025-03-23 10:20:52,15.50,efectivo
18357,842,8,2025-03-23 10:24:40,63.00,tarjeta
18358,730,9,2025-03-23 10:28:03,109.45,tarjeta
18359,858,8,2025-03-23 10:33:23,49.50,tarjeta
18360,150,1,2025-03-23 10:33:32,65.00,efectivo
18361,682,9,2025-03-23 10:39:48,150.40,efectivo
18362,726,5,2025-03-23 10:56:29,40.50,efectivo
18363,3,9,2025-03-23 10:57:29,77.95,tarjeta
18364,27,9,2025-03-23 10:58:36,41.50,efectivo
18365,339,5,2025-03-23 11:20:03,22.00,tarjeta
18366,892,10,2025-03-23 11:21:42,47.50,tarjeta
18367,337,5,2025-03-23 11:23:47,71.45,efectivo
18368,381,6,2025-03-23 11:26:22,153.80,efectivo
18369,671,1,2025-03-23 11:31:49,73.40,efectivo
18370,641,8,2025-03-23 12:00:14,56.90,efectivo
18371,924,1,2025-03-23 12:09:05,67.30,efectivo
18372,178,4,2025-03-23 12:56:11,53.00,efectivo
18373,821,3,2025-03-23 13:07:15,132.30,tarjeta
18374,927,9,2025-03-23 13:25:47,126.00,tarjeta
18375,11,1,2025-03-23 13:34:14,51.45,tarjeta
18376,682,10,2025-03-23 13:39:16,162.50,efectivo
18377,641,7,2025-03-23 13:50:58,74.90,tarjeta
18378,514,9,2025-03-23 13:51:35,110.70,tarjeta
18379,573,7,2025-03-23 14:07:03,167.25,tarjeta
18380,209,4,2025-03-23 14:12:01,63.95,efectivo
18381,797,3,2025-03-23 14:17:14,69.95,efectivo
18382,514,7,2025-03-23 14:29:09,107.90,efectivo
18383,738,3,2025-03-23 14:45:11,92.85,tarjeta
18384,853,3,2025-03-23 14:47:29,77.95,efectivo
18385,414,1,2025-03-23 14:52:12,114.50,efectivo
18386,723,5,2025-03-23 14:54:32,65.90,tarjeta
18387,641,8,2025-03-23 14:55:33,74.90,tarjeta
18388,690,7,2025-03-23 14:56:15,121.50,tarjeta
18389,77,9,2025-03-23 14:58:11,145.00,tarjeta
18390,146,4,2025-03-23 15:06:06,145.00,efectivo
18391,189,10,2025-03-23 15:21:25,110.85,tarjeta
18392,641,7,2025-03-23 15:21:44,126.85,efectivo
18393,824,1,2025-03-23 15:24:42,139.00,tarjeta
18394,961,9,2025-03-23 15:27:48,92.85,efectivo
18395,146,3,2025-03-23 15:29:50,97.45,tarjeta
18396,886,4,2025-03-23 15:43:55,82.45,efectivo
18397,238,4,2025-03-23 16:04:31,22.00,tarjeta
18398,454,9,2025-03-23 16:04:40,131.45,tarjeta
18399,815,10,2025-03-23 16:05:00,94.85,efectivo
18400,905,2,2025-03-23 16:06:24,169.00,efectivo
18401,395,4,2025-03-23 16:14:29,36.00,efectivo
18402,634,5,2025-03-23 16:15:34,106.30,efectivo
18403,275,2,2025-03-23 16:15:50,109.80,efectivo
18404,3,4,2025-03-23 16:25:19,115.45,efectivo
18405,660,7,2025-03-23 16:34:18,90.45,efectivo
18406,66,5,2025-03-23 16:36:07,90.90,tarjeta
18407,387,3,2025-03-23 16:43:34,36.00,tarjeta
18408,390,8,2025-03-23 16:45:01,85.80,efectivo
18409,77,2,2025-03-23 16:59:20,106.85,efectivo
18410,675,9,2025-03-23 17:00:42,85.50,tarjeta
18411,490,10,2025-03-23 17:07:18,40.00,tarjeta
18412,150,2,2025-03-23 17:13:59,79.00,tarjeta
18413,296,1,2025-03-23 17:24:20,20.95,tarjeta
18414,747,4,2025-03-23 17:26:27,19.95,tarjeta
18415,15,3,2025-03-23 17:32:18,43.00,efectivo
18416,926,2,2025-03-23 17:43:44,60.50,tarjeta
18417,924,5,2025-03-23 18:06:06,117.40,tarjeta
18418,219,8,2025-03-23 18:33:24,119.00,efectivo
18419,449,5,2025-03-23 18:36:33,99.40,tarjeta
18420,913,7,2025-03-23 18:47:08,75.45,efectivo
18421,372,2,2025-03-23 18:52:42,81.00,tarjeta
18422,865,1,2025-03-23 18:53:14,158.15,efectivo
18423,273,1,2025-03-23 19:32:31,115.50,efectivo
18424,208,8,2025-03-23 19:39:08,0.00,tarjeta
18425,99,1,2025-03-23 19:58:18,12.00,efectivo
18426,451,7,2025-03-23 20:33:21,105.85,efectivo
18427,51,3,2025-03-23 20:34:31,56.90,tarjeta
18428,970,7,2025-03-23 20:39:31,140.95,efectivo
18429,332,9,2025-03-23 20:44:45,105.90,efectivo
18430,436,5,2025-03-23 21:00:11,24.95,efectivo
18431,243,7,2025-03-23 21:16:32,172.85,tarjeta
18432,434,10,2025-03-23 21:24:22,106.35,tarjeta
18433,259,5,2025-03-23 21:24:35,127.00,efectivo
18434,179,2,2025-03-23 21:41:42,76.85,efectivo
18435,381,2,2025-03-23 21:53:48,146.75,efectivo
18436,660,9,2025-03-23 21:56:21,142.45,efectivo
18437,853,5,2025-03-23 22:05:17,129.90,efectivo
18438,323,3,2025-03-23 22:14:06,88.00,efectivo
18439,454,1,2025-03-23 22:16:53,47.95,tarjeta
18440,856,5,2025-03-23 22:31:13,18.00,tarjeta
18441,11,3,2025-03-23 22:32:44,147.40,tarjeta
18442,554,4,2025-03-23 22:44:26,176.30,efectivo
18443,520,3,2025-03-24 06:01:14,45.00,tarjeta
18444,206,3,2025-03-24 06:01:41,10.00,tarjeta
18445,350,3,2025-03-24 06:12:39,26.45,efectivo
18446,3,7,2025-03-24 06:13:39,69.90,efectivo
18447,323,8,2025-03-24 06:19:16,38.90,tarjeta
18448,83,10,2025-03-24 06:19:22,87.45,tarjeta
18449,417,6,2025-03-24 06:27:02,48.45,tarjeta
18450,701,1,2025-03-24 06:29:50,92.25,tarjeta
18451,51,10,2025-03-24 06:33:37,125.50,efectivo
18452,533,10,2025-03-24 06:37:43,15.50,efectivo
18453,573,3,2025-03-24 06:39:00,77.00,tarjeta
18454,323,10,2025-03-24 06:42:18,142.90,efectivo
18455,189,10,2025-03-24 06:42:34,216.35,efectivo
18456,245,5,2025-03-24 06:49:30,46.50,efectivo
18457,292,6,2025-03-24 07:02:35,89.95,efectivo
18458,346,2,2025-03-24 07:10:27,48.95,efectivo
18459,89,7,2025-03-24 07:10:51,8.00,efectivo
18460,976,10,2025-03-24 07:11:14,10.95,efectivo
18461,373,3,2025-03-24 07:11:59,53.95,efectivo
18462,468,3,2025-03-24 07:13:04,24.50,efectivo
18463,27,5,2025-03-24 07:16:56,28.50,efectivo
18464,98,2,2025-03-24 07:20:28,24.50,efectivo
18465,452,9,2025-03-24 07:20:52,46.50,efectivo
18466,196,9,2025-03-24 07:23:59,22.00,tarjeta
18467,629,5,2025-03-24 07:31:17,10.95,efectivo
18468,796,9,2025-03-24 07:34:55,22.00,tarjeta
18469,38,3,2025-03-24 07:40:05,10.00,efectivo
18470,398,8,2025-03-24 07:40:33,64.85,tarjeta
18471,956,1,2025-03-24 07:40:46,53.00,efectivo
18472,766,6,2025-03-24 07:40:54,46.50,tarjeta
18473,185,3,2025-03-24 07:44:25,31.00,efectivo
18474,614,10,2025-03-24 07:45:20,15.50,efectivo
18475,630,8,2025-03-24 07:45:45,82.45,tarjeta
18476,873,6,2025-03-24 07:48:39,31.00,efectivo
18477,713,6,2025-03-24 07:49:41,82.45,efectivo
18478,332,10,2025-03-24 07:50:51,79.75,efectivo
18479,222,3,2025-03-24 07:56:14,36.95,tarjeta
18480,321,10,2025-03-24 07:56:48,77.50,efectivo
18481,692,10,2025-03-24 08:05:09,123.95,tarjeta
18482,744,9,2025-03-24 08:06:06,10.95,tarjeta
18483,160,7,2025-03-24 08:08:05,44.50,efectivo
18484,417,2,2025-03-24 08:10:28,53.00,tarjeta
18485,45,10,2025-03-24 08:13:47,50.50,tarjeta
18486,27,7,2025-03-24 08:18:13,36.95,tarjeta
18487,629,7,2025-03-24 08:20:29,31.00,tarjeta
18488,895,9,2025-03-24 08:25:24,72.40,efectivo
18489,691,10,2025-03-24 08:26:32,40.50,tarjeta
18490,9,1,2025-03-24 08:28:04,37.90,efectivo
18491,796,4,2025-03-24 08:32:52,24.50,efectivo
18492,160,4,2025-03-24 08:36:42,47.50,efectivo
18493,448,2,2025-03-24 08:38:12,40.00,efectivo
18494,553,10,2025-03-24 08:38:29,134.85,tarjeta
18495,630,3,2025-03-24 08:41:40,46.50,efectivo
18496,526,6,2025-03-24 08:43:23,22.00,tarjeta
18497,415,1,2025-03-24 08:46:33,46.50,efectivo
18498,301,2,2025-03-24 08:49:57,152.80,efectivo
18499,882,2,2025-03-24 08:51:12,96.25,tarjeta
18500,803,9,2025-03-24 08:56:00,55.50,tarjeta
18501,260,5,2025-03-24 09:00:47,53.45,efectivo
18502,408,6,2025-03-24 09:04:44,12.35,tarjeta
18503,677,6,2025-03-24 09:05:25,40.00,efectivo
18504,849,5,2025-03-24 09:06:54,151.65,tarjeta
18505,513,4,2025-03-24 09:10:15,57.45,tarjeta
18506,540,1,2025-03-24 09:11:41,151.75,efectivo
18507,818,8,2025-03-24 09:14:15,0.00,tarjeta
18508,2,6,2025-03-24 09:15:32,28.50,efectivo
18509,295,5,2025-03-24 09:16:51,10.95,tarjeta
18510,749,1,2025-03-24 09:19:15,79.95,tarjeta
18511,556,8,2025-03-24 09:22:50,71.45,efectivo
18512,376,5,2025-03-24 09:41:02,22.00,tarjeta
18513,361,7,2025-03-24 09:41:32,31.00,efectivo
18514,757,10,2025-03-24 09:47:56,69.25,tarjeta
18515,90,4,2025-03-24 09:49:29,22.50,efectivo
18516,259,4,2025-03-24 09:52:29,101.15,tarjeta
18517,192,2,2025-03-24 09:53:02,72.90,tarjeta
18518,554,10,2025-03-24 09:53:50,160.50,efectivo
18519,575,3,2025-03-24 10:07:02,25.50,tarjeta
18520,317,8,2025-03-24 10:07:24,10.95,tarjeta
18521,994,3,2025-03-24 10:11:36,19.95,tarjeta
18522,579,1,2025-03-24 10:18:40,71.85,tarjeta
18523,260,6,2025-03-24 10:23:07,26.45,tarjeta
18524,664,8,2025-03-24 10:28:17,24.50,tarjeta
18525,570,6,2025-03-24 10:28:27,78.50,tarjeta
18526,975,2,2025-03-24 10:29:37,10.00,efectivo
18527,242,4,2025-03-24 10:30:09,70.95,tarjeta
18528,42,8,2025-03-24 10:30:18,32.00,efectivo
18529,207,2,2025-03-24 10:36:27,40.00,efectivo
18530,148,5,2025-03-24 10:37:02,59.90,tarjeta
18531,801,8,2025-03-24 10:40:14,10.95,tarjeta
18532,895,4,2025-03-24 10:42:29,37.90,efectivo
18533,983,2,2025-03-24 10:44:16,10.95,efectivo
18534,406,6,2025-03-24 10:47:11,36.95,tarjeta
18535,448,9,2025-03-24 10:47:45,76.00,tarjeta
18536,796,2,2025-03-24 10:49:50,35.45,efectivo
18537,417,8,2025-03-24 10:54:50,61.95,efectivo
18538,840,1,2025-03-24 11:21:55,127.00,efectivo
18539,67,8,2025-03-24 11:32:42,46.50,efectivo
18540,331,2,2025-03-24 11:46:41,131.40,tarjeta
18541,37,5,2025-03-24 11:49:58,126.35,tarjeta
18542,557,3,2025-03-24 11:52:36,38.90,tarjeta
18543,924,2,2025-03-24 11:58:55,91.90,efectivo
18544,287,10,2025-03-24 12:12:17,62.35,efectivo
18545,797,2,2025-03-24 12:14:57,152.90,efectivo
18546,730,3,2025-03-24 12:15:15,91.45,tarjeta
18547,655,2,2025-03-24 12:19:42,55.95,efectivo
18548,237,3,2025-03-24 12:22:18,15.50,efectivo
18549,911,4,2025-03-24 12:29:14,41.45,tarjeta
18550,994,7,2025-03-24 12:41:37,47.50,efectivo
18551,622,2,2025-03-24 13:02:30,121.35,efectivo
18552,927,4,2025-03-24 13:04:47,110.80,tarjeta
18553,414,6,2025-03-24 13:05:01,147.85,efectivo
18554,714,1,2025-03-24 13:11:48,71.90,tarjeta
18555,275,2,2025-03-24 13:20:31,125.40,tarjeta
18556,525,7,2025-03-24 13:21:42,265.30,efectivo
18557,726,9,2025-03-24 13:22:44,105.00,efectivo
18558,410,5,2025-03-24 13:25:38,43.95,tarjeta
18559,81,2,2025-03-24 14:09:09,232.15,efectivo
18560,810,3,2025-03-24 14:14:29,128.80,tarjeta
18561,698,9,2025-03-24 14:16:49,35.00,tarjeta
18562,945,1,2025-03-24 14:23:36,156.40,efectivo
18563,267,8,2025-03-24 14:39:54,84.90,tarjeta
18564,623,6,2025-03-24 14:42:03,90.50,efectivo
18565,229,1,2025-03-24 14:43:45,10.95,efectivo
18566,81,8,2025-03-24 14:53:57,105.45,efectivo
18567,682,2,2025-03-24 14:54:54,79.40,tarjeta
18568,812,5,2025-03-24 15:08:29,32.00,tarjeta
18569,409,7,2025-03-24 15:13:31,61.00,tarjeta
18570,949,4,2025-03-24 15:14:50,152.80,efectivo
18571,299,1,2025-03-24 15:17:37,94.40,efectivo
18572,259,7,2025-03-24 15:21:41,49.90,efectivo
18573,466,2,2025-03-24 15:39:25,148.50,tarjeta
18574,151,10,2025-03-24 15:40:16,72.50,tarjeta
18575,772,3,2025-03-24 15:44:00,8.00,efectivo
18576,851,2,2025-03-24 15:53:08,56.90,tarjeta
18577,3,6,2025-03-24 16:02:47,91.50,tarjeta
18578,363,4,2025-03-24 16:06:30,145.80,tarjeta
18579,65,4,2025-03-24 16:14:06,85.40,tarjeta
18580,339,1,2025-03-24 16:17:27,85.00,tarjeta
18581,882,2,2025-03-24 16:21:21,123.95,efectivo
18582,8,9,2025-03-24 16:28:35,88.95,efectivo
18583,738,3,2025-03-24 16:31:06,97.90,tarjeta
18584,827,5,2025-03-24 16:46:08,132.55,efectivo
18585,484,5,2025-03-24 16:52:22,139.30,tarjeta
18586,937,3,2025-03-24 16:58:29,109.95,efectivo
18587,514,3,2025-03-24 16:58:54,75.40,tarjeta
18588,81,2,2025-03-24 17:04:52,136.95,tarjeta
18589,821,1,2025-03-24 17:14:48,42.50,tarjeta
18590,458,8,2025-03-24 17:17:59,100.85,efectivo
18591,3,4,2025-03-24 17:27:13,59.70,tarjeta
18592,933,9,2025-03-24 17:28:36,110.85,efectivo
18593,205,8,2025-03-24 17:31:36,66.90,efectivo
18594,399,10,2025-03-24 17:41:08,12.35,tarjeta
18595,690,7,2025-03-24 17:42:00,30.35,tarjeta
18596,945,3,2025-03-24 17:44:09,113.75,efectivo
18597,924,3,2025-03-24 17:51:43,86.00,tarjeta
18598,248,4,2025-03-24 17:57:38,137.20,efectivo
18599,189,10,2025-03-24 17:58:43,82.90,tarjeta
18600,5,10,2025-03-24 18:00:37,20.35,efectivo
18601,193,8,2025-03-24 18:05:01,116.45,efectivo
18602,479,5,2025-03-24 18:20:28,22.00,efectivo
18603,180,5,2025-03-24 18:21:07,26.95,efectivo
18604,738,6,2025-03-24 18:35:12,109.35,tarjeta
18605,875,4,2025-03-24 18:51:13,24.95,efectivo
18606,378,5,2025-03-24 18:52:07,91.55,tarjeta
18607,676,7,2025-03-24 19:06:17,50.00,efectivo
18608,382,10,2025-03-24 19:10:13,168.20,efectivo
18609,168,7,2025-03-24 19:15:54,36.00,efectivo
18610,198,7,2025-03-24 19:21:03,37.30,efectivo
18611,672,5,2025-03-24 19:31:52,57.90,tarjeta
18612,205,3,2025-03-24 19:43:02,95.80,efectivo
18613,306,1,2025-03-24 19:59:33,18.00,efectivo
18614,827,8,2025-03-24 20:04:15,113.45,tarjeta
18615,382,5,2025-03-24 20:04:58,104.95,efectivo
18616,24,4,2025-03-24 20:07:35,133.30,efectivo
18617,831,1,2025-03-24 20:27:05,57.95,efectivo
18618,164,6,2025-03-24 20:27:07,50.50,efectivo
18619,186,5,2025-03-24 20:27:38,67.90,efectivo
18620,836,10,2025-03-24 20:31:58,137.00,tarjeta
18621,692,1,2025-03-24 20:36:06,101.15,efectivo
18622,268,5,2025-03-24 20:39:49,79.00,tarjeta
18623,404,9,2025-03-24 20:45:48,119.95,efectivo
18624,24,9,2025-03-24 20:49:18,227.40,efectivo
18625,797,2,2025-03-24 20:51:04,183.75,efectivo
18626,683,5,2025-03-24 20:58:49,45.00,efectivo
18627,424,2,2025-03-24 21:07:34,74.45,efectivo
18628,416,4,2025-03-24 21:17:55,51.45,efectivo
18629,20,1,2025-03-24 21:23:35,50.50,tarjeta
18630,169,7,2025-03-24 21:25:16,28.00,tarjeta
18631,724,6,2025-03-24 21:37:01,79.75,efectivo
18632,821,4,2025-03-24 21:37:12,64.45,efectivo
18633,598,7,2025-03-24 21:48:57,89.95,efectivo
18634,118,4,2025-03-24 22:04:00,32.30,efectivo
18635,50,5,2025-03-24 22:05:01,153.40,efectivo
18636,275,5,2025-03-24 22:19:48,107.45,tarjeta
18637,925,9,2025-03-24 22:21:22,15.50,tarjeta
18638,961,7,2025-03-24 22:27:20,63.50,efectivo
18639,120,10,2025-03-24 22:30:55,25.50,tarjeta
18640,509,4,2025-03-24 22:46:17,40.95,efectivo
18641,524,3,2025-03-25 06:02:01,18.00,tarjeta
18642,728,1,2025-03-25 06:03:24,27.50,tarjeta
18643,24,9,2025-03-25 06:06:43,110.95,efectivo
18644,664,5,2025-03-25 06:10:59,24.50,tarjeta
18645,584,1,2025-03-25 06:12:25,40.50,efectivo
18646,505,5,2025-03-25 06:17:21,46.50,efectivo
18647,726,10,2025-03-25 06:20:27,167.80,efectivo
18648,749,3,2025-03-25 06:20:42,67.95,efectivo
18649,544,9,2025-03-25 06:22:29,22.00,tarjeta
18650,448,3,2025-03-25 06:24:54,49.85,tarjeta
18651,80,8,2025-03-25 06:25:41,78.40,tarjeta
18652,264,6,2025-03-25 06:30:15,18.00,efectivo
18653,660,10,2025-03-25 06:31:08,174.75,tarjeta
18654,234,8,2025-03-25 06:33:41,147.95,efectivo
18655,63,7,2025-03-25 06:36:23,76.40,efectivo
18656,533,4,2025-03-25 06:38:17,35.95,efectivo
18657,728,9,2025-03-25 06:42:21,33.50,tarjeta
18658,350,5,2025-03-25 06:42:54,51.45,efectivo
18659,148,9,2025-03-25 06:49:32,15.50,tarjeta
18660,9,3,2025-03-25 06:50:49,10.00,efectivo
18661,161,7,2025-03-25 06:51:33,46.50,tarjeta
18662,185,8,2025-03-25 06:52:31,46.50,efectivo
18663,302,1,2025-03-25 06:54:08,12.00,tarjeta
18664,572,5,2025-03-25 06:56:07,18.00,tarjeta
18665,93,7,2025-03-25 06:59:25,26.95,tarjeta
18666,344,1,2025-03-25 07:04:53,48.95,tarjeta
18667,33,9,2025-03-25 07:06:57,26.95,tarjeta
18668,170,2,2025-03-25 07:07:14,31.00,efectivo
18669,650,1,2025-03-25 07:09:17,57.95,efectivo
18670,475,2,2025-03-25 07:23:42,20.00,tarjeta
18671,501,9,2025-03-25 07:24:23,199.75,tarjeta
18672,232,2,2025-03-25 07:28:03,12.00,efectivo
18673,374,9,2025-03-25 07:29:42,60.45,efectivo
18674,391,3,2025-03-25 07:29:49,165.20,efectivo
18675,919,6,2025-03-25 07:31:41,167.70,tarjeta
18676,572,10,2025-03-25 07:32:00,48.95,efectivo
18677,974,2,2025-03-25 07:35:19,24.50,tarjeta
18678,611,1,2025-03-25 07:36:22,35.45,efectivo
18679,313,4,2025-03-25 07:41:37,43.00,efectivo
18680,206,4,2025-03-25 07:43:28,57.95,tarjeta
18681,712,5,2025-03-25 07:44:05,35.45,tarjeta
18682,740,9,2025-03-25 07:49:13,53.00,efectivo
18683,475,5,2025-03-25 07:50:19,15.50,efectivo
18684,878,7,2025-03-25 07:51:21,10.00,efectivo
18685,464,10,2025-03-25 07:52:23,35.45,tarjeta
18686,13,5,2025-03-25 07:52:40,52.45,efectivo
18687,232,2,2025-03-25 08:04:53,24.50,tarjeta
18688,650,3,2025-03-25 08:09:25,34.00,tarjeta
18689,568,6,2025-03-25 08:13:17,22.00,tarjeta
18690,128,7,2025-03-25 08:14:23,31.00,tarjeta
18691,964,3,2025-03-25 08:19:27,48.95,tarjeta
18692,726,1,2025-03-25 08:19:42,104.35,efectivo
18693,195,5,2025-03-25 08:24:04,29.50,tarjeta
18694,564,9,2025-03-25 08:27:23,37.50,efectivo
18695,732,2,2025-03-25 08:28:41,31.00,efectivo
18696,74,2,2025-03-25 08:29:16,73.45,tarjeta
18697,627,10,2025-03-25 08:31:47,129.95,tarjeta
18698,135,5,2025-03-25 08:37:46,150.85,efectivo
18699,597,10,2025-03-25 08:38:35,32.00,tarjeta
18700,458,3,2025-03-25 08:39:48,24.95,tarjeta
18701,860,4,2025-03-25 08:39:48,181.95,tarjeta
18702,370,7,2025-03-25 08:40:40,57.95,tarjeta
18703,356,3,2025-03-25 08:44:32,47.45,tarjeta
18704,822,10,2025-03-25 09:04:04,109.80,efectivo
18705,405,9,2025-03-25 09:09:28,0.00,efectivo
18706,242,6,2025-03-25 09:09:31,26.95,tarjeta
18707,760,6,2025-03-25 09:11:10,26.00,efectivo
18708,254,8,2025-03-25 09:15:14,61.90,efectivo
18709,41,2,2025-03-25 09:17:16,53.00,efectivo
18710,564,5,2025-03-25 09:20:25,35.00,tarjeta
18711,152,2,2025-03-25 09:21:17,26.95,efectivo
18712,13,2,2025-03-25 09:21:26,231.80,tarjeta
18713,921,7,2025-03-25 09:21:30,12.00,efectivo
18714,948,10,2025-03-25 09:25:16,18.00,efectivo
18715,278,6,2025-03-25 09:36:08,134.15,efectivo
18716,489,8,2025-03-25 09:41:45,41.00,tarjeta
18717,464,2,2025-03-25 10:04:56,79.45,efectivo
18718,872,9,2025-03-25 10:07:32,26.95,tarjeta
18719,584,9,2025-03-25 10:15:16,10.95,efectivo
18720,254,5,2025-03-25 10:17:45,15.50,efectivo
18721,167,7,2025-03-25 10:18:09,212.50,tarjeta
18722,485,3,2025-03-25 10:20:56,35.00,tarjeta
18723,814,9,2025-03-25 10:26:48,81.50,efectivo
18724,867,4,2025-03-25 10:35:52,53.95,efectivo
18725,573,8,2025-03-25 10:36:02,94.25,tarjeta
18726,148,7,2025-03-25 10:42:42,37.50,efectivo
18727,923,1,2025-03-25 10:49:32,10.00,tarjeta
18728,742,5,2025-03-25 10:49:39,115.95,efectivo
18729,585,5,2025-03-25 10:57:08,106.80,efectivo
18730,730,4,2025-03-25 11:16:41,16.50,tarjeta
18731,670,5,2025-03-25 11:18:02,57.00,tarjeta
18732,663,5,2025-03-25 11:22:38,104.40,tarjeta
18733,146,7,2025-03-25 11:25:03,53.00,efectivo
18734,259,3,2025-03-25 11:27:52,52.00,tarjeta
18735,367,3,2025-03-25 11:42:05,155.75,efectivo
18736,994,4,2025-03-25 11:48:41,81.00,efectivo
18737,339,3,2025-03-25 11:53:46,150.75,efectivo
18738,433,5,2025-03-25 12:00:10,88.30,tarjeta
18739,730,1,2025-03-25 12:02:13,213.65,efectivo
18740,37,3,2025-03-25 12:21:10,109.85,efectivo
18741,730,5,2025-03-25 12:21:30,118.30,tarjeta
18742,80,8,2025-03-25 12:25:35,93.00,efectivo
18743,690,5,2025-03-25 12:29:27,75.85,efectivo
18744,220,8,2025-03-25 12:33:19,18.00,efectivo
18745,109,10,2025-03-25 12:44:11,99.85,tarjeta
18746,943,6,2025-03-25 13:04:13,50.50,efectivo
18747,853,6,2025-03-25 13:13:53,78.00,tarjeta
18748,524,2,2025-03-25 13:15:07,119.90,efectivo
18749,367,1,2025-03-25 13:27:23,67.00,efectivo
18750,3,6,2025-03-25 13:52:37,64.50,efectivo
18751,70,9,2025-03-25 13:57:52,10.00,efectivo
18752,573,3,2025-03-25 13:58:30,136.85,efectivo
18753,721,6,2025-03-25 14:13:28,66.35,efectivo
18754,11,8,2025-03-25 14:24:58,62.00,efectivo
18755,151,1,2025-03-25 14:26:22,55.45,tarjeta
18756,634,3,2025-03-25 14:33:55,171.50,efectivo
18757,339,10,2025-03-25 14:36:10,136.90,tarjeta
18758,395,3,2025-03-25 14:45:55,44.00,tarjeta
18759,692,4,2025-03-25 14:51:22,26.00,efectivo
18760,507,4,2025-03-25 14:53:11,88.00,efectivo
18761,107,3,2025-03-25 14:59:05,116.50,tarjeta
18762,104,8,2025-03-25 14:59:43,109.85,tarjeta
18763,848,5,2025-03-25 15:06:35,57.00,efectivo
18764,259,1,2025-03-25 15:23:16,162.50,efectivo
18765,965,1,2025-03-25 15:26:56,131.85,tarjeta
18766,397,10,2025-03-25 15:37:38,36.50,efectivo
18767,267,10,2025-03-25 15:50:22,42.95,efectivo
18768,955,9,2025-03-25 15:53:10,22.95,efectivo
18769,379,7,2025-03-25 15:59:46,102.30,tarjeta
18770,795,8,2025-03-25 16:00:39,73.90,efectivo
18771,374,5,2025-03-25 16:03:36,53.00,efectivo
18772,742,10,2025-03-25 16:10:29,56.95,tarjeta
18773,829,8,2025-03-25 16:18:15,138.70,tarjeta
18774,764,2,2025-03-25 16:24:08,24.95,efectivo
18775,168,2,2025-03-25 16:46:00,135.10,efectivo
18776,111,10,2025-03-25 16:54:07,50.85,tarjeta
18777,286,2,2025-03-25 16:58:38,30.90,tarjeta
18778,147,6,2025-03-25 17:01:22,10.00,efectivo
18779,981,2,2025-03-25 17:12:12,66.40,efectivo
18780,733,2,2025-03-25 17:13:43,39.45,efectivo
18781,187,9,2025-03-25 17:14:45,85.95,efectivo
18782,472,1,2025-03-25 17:18:37,101.35,tarjeta
18783,951,9,2025-03-25 17:21:23,64.90,tarjeta
18784,687,8,2025-03-25 17:27:27,63.40,efectivo
18785,730,1,2025-03-25 17:29:41,136.95,tarjeta
18786,153,6,2025-03-25 17:31:00,32.00,efectivo
18787,887,9,2025-03-25 17:44:07,16.50,tarjeta
18788,750,8,2025-03-25 17:53:09,19.95,tarjeta
18789,290,8,2025-03-25 18:01:12,110.50,tarjeta
18790,598,6,2025-03-25 18:10:51,118.00,tarjeta
18791,234,9,2025-03-25 18:38:04,152.95,tarjeta
18792,76,1,2025-03-25 18:51:57,22.50,efectivo
18793,25,4,2025-03-25 19:07:47,50.50,tarjeta
18794,514,9,2025-03-25 19:23:49,216.80,efectivo
18795,366,5,2025-03-25 19:34:35,18.00,tarjeta
18796,524,4,2025-03-25 19:38:38,191.00,tarjeta
18797,360,1,2025-03-25 20:12:40,18.00,tarjeta
18798,239,2,2025-03-25 20:37:20,117.45,tarjeta
18799,514,2,2025-03-25 20:45:59,32.00,efectivo
18800,449,6,2025-03-25 20:58:15,36.00,efectivo
18801,398,7,2025-03-25 21:09:03,42.00,tarjeta
18802,234,1,2025-03-25 21:31:33,99.95,efectivo
18803,109,1,2025-03-25 21:37:11,35.95,efectivo
18804,167,4,2025-03-25 21:44:44,45.00,efectivo
18805,926,10,2025-03-25 21:49:25,85.45,efectivo
18806,158,7,2025-03-25 21:51:33,110.85,efectivo
18807,839,2,2025-03-25 22:03:52,127.35,efectivo
18808,297,1,2025-03-25 22:16:46,53.35,efectivo
18809,331,1,2025-03-25 22:24:10,54.50,tarjeta
18810,426,10,2025-03-25 22:36:20,134.95,efectivo
18811,67,9,2025-03-25 22:48:41,117.45,efectivo
18812,822,9,2025-03-26 06:01:41,58.00,tarjeta
18813,168,6,2025-03-26 06:01:54,34.00,efectivo
18814,222,6,2025-03-26 06:06:30,46.50,efectivo
18815,402,2,2025-03-26 06:09:30,31.00,efectivo
18816,206,3,2025-03-26 06:10:18,65.50,efectivo
18817,760,3,2025-03-26 06:13:57,0.00,efectivo
18818,881,5,2025-03-26 06:15:19,92.95,efectivo
18819,207,10,2025-03-26 06:16:11,35.45,tarjeta
18820,606,8,2025-03-26 06:18:37,10.00,tarjeta
18821,872,3,2025-03-26 06:21:08,16.50,tarjeta
18822,109,10,2025-03-26 06:23:42,133.90,efectivo
18823,574,10,2025-03-26 06:27:01,37.50,efectivo
18824,217,4,2025-03-26 06:30:04,44.95,tarjeta
18825,456,2,2025-03-26 06:33:20,24.95,efectivo
18826,843,10,2025-03-26 06:38:40,22.95,tarjeta
18827,622,2,2025-03-26 06:44:08,102.50,tarjeta
18828,372,9,2025-03-26 06:48:17,94.50,tarjeta
18829,390,3,2025-03-26 06:54:23,101.25,efectivo
18830,692,8,2025-03-26 06:54:32,76.00,tarjeta
18831,657,4,2025-03-26 06:58:41,57.00,efectivo
18832,295,5,2025-03-26 07:05:41,67.95,tarjeta
18833,445,7,2025-03-26 07:07:25,51.45,tarjeta
18834,629,4,2025-03-26 07:07:36,22.00,tarjeta
18835,760,5,2025-03-26 07:13:50,15.50,efectivo
18836,457,6,2025-03-26 07:18:35,45.95,efectivo
18837,489,7,2025-03-26 07:21:15,22.00,efectivo
18838,302,4,2025-03-26 07:24:34,26.95,efectivo
18839,911,6,2025-03-26 07:25:11,140.45,tarjeta
18840,197,5,2025-03-26 07:26:49,31.00,efectivo
18841,151,6,2025-03-26 07:27:24,139.95,efectivo
18842,962,5,2025-03-26 07:30:01,42.95,efectivo
18843,344,1,2025-03-26 07:34:59,65.45,efectivo
18844,172,2,2025-03-26 07:35:54,51.25,tarjeta
18845,472,4,2025-03-26 07:36:15,157.50,tarjeta
18846,650,6,2025-03-26 07:45:50,26.95,efectivo
18847,494,8,2025-03-26 07:48:07,51.45,tarjeta
18848,633,4,2025-03-26 07:49:23,26.95,tarjeta
18849,346,5,2025-03-26 07:50:18,52.45,efectivo
18850,458,7,2025-03-26 07:50:48,205.90,efectivo
18851,216,9,2025-03-26 07:59:54,32.95,tarjeta
18852,54,2,2025-03-26 08:07:27,18.00,efectivo
18853,763,6,2025-03-26 08:14:02,26.95,tarjeta
18854,390,9,2025-03-26 08:15:37,12.35,tarjeta
18855,356,6,2025-03-26 08:19:38,76.30,tarjeta
18856,370,7,2025-03-26 08:23:41,77.50,tarjeta
18857,675,9,2025-03-26 08:25:57,53.95,efectivo
18858,295,5,2025-03-26 08:27:04,24.35,efectivo
18859,586,2,2025-03-26 08:29:37,53.00,tarjeta
18860,717,6,2025-03-26 08:29:47,146.00,efectivo
18861,393,10,2025-03-26 08:30:46,91.90,efectivo
18862,437,2,2025-03-26 08:34:22,68.50,efectivo
18863,329,2,2025-03-26 08:35:55,26.95,efectivo
18864,18,8,2025-03-26 08:38:43,46.50,efectivo
18865,969,1,2025-03-26 08:43:21,73.45,tarjeta
18866,885,2,2025-03-26 08:43:54,32.95,efectivo
18867,78,2,2025-03-26 08:45:33,20.95,efectivo
18868,18,4,2025-03-26 08:49:06,54.00,tarjeta
18869,362,3,2025-03-26 08:50:15,40.00,tarjeta
18870,766,5,2025-03-26 08:54:15,46.50,tarjeta
18871,321,10,2025-03-26 08:54:57,24.50,efectivo
18872,321,8,2025-03-26 08:55:21,15.50,tarjeta
18873,588,10,2025-03-26 08:57:50,38.50,efectivo
18874,10,6,2025-03-26 09:00:37,46.90,efectivo
18875,765,6,2025-03-26 09:02:42,87.95,tarjeta
18876,729,8,2025-03-26 09:04:58,0.00,efectivo
18877,38,10,2025-03-26 09:13:19,75.95,tarjeta
18878,475,2,2025-03-26 09:16:03,38.95,efectivo
18879,437,6,2025-03-26 09:16:31,15.50,efectivo
18880,969,7,2025-03-26 09:16:45,35.45,efectivo
18881,245,6,2025-03-26 09:30:38,10.95,tarjeta
18882,801,4,2025-03-26 09:33:34,24.50,efectivo
18883,288,10,2025-03-26 09:33:40,41.00,tarjeta
18884,821,7,2025-03-26 09:34:11,75.40,efectivo
18885,160,8,2025-03-26 09:34:19,0.00,efectivo
18886,422,4,2025-03-26 09:36:07,10.95,efectivo
18887,572,1,2025-03-26 09:36:17,38.95,tarjeta
18888,376,6,2025-03-26 09:36:59,42.50,tarjeta
18889,148,2,2025-03-26 09:38:53,22.00,efectivo
18890,604,6,2025-03-26 09:39:20,48.00,tarjeta
18891,148,9,2025-03-26 09:45:07,31.00,tarjeta
18892,406,1,2025-03-26 09:53:55,12.00,tarjeta
18893,98,4,2025-03-26 09:54:10,47.50,tarjeta
18894,84,7,2025-03-26 09:56:34,0.00,tarjeta
18895,568,3,2025-03-26 09:57:25,25.50,efectivo
18896,471,4,2025-03-26 10:02:50,77.40,tarjeta
18897,85,2,2025-03-26 10:03:23,26.95,tarjeta
18898,590,1,2025-03-26 10:03:46,36.00,tarjeta
18899,967,8,2025-03-26 10:06:20,47.50,tarjeta
18900,967,9,2025-03-26 10:10:20,24.50,tarjeta
18901,33,6,2025-03-26 10:13:59,46.50,efectivo
18902,932,1,2025-03-26 10:16:24,10.95,tarjeta
18903,298,2,2025-03-26 10:22:11,32.95,efectivo
18904,222,1,2025-03-26 10:24:39,40.00,tarjeta
18905,763,4,2025-03-26 10:33:24,68.50,tarjeta
18906,410,7,2025-03-26 10:39:54,73.40,tarjeta
18907,233,2,2025-03-26 10:40:54,22.00,efectivo
18908,374,8,2025-03-26 10:41:33,26.95,efectivo
18909,842,2,2025-03-26 10:42:49,0.00,tarjeta
18910,890,9,2025-03-26 10:46:50,25.50,efectivo
18911,33,5,2025-03-26 10:47:22,32.50,efectivo
18912,377,9,2025-03-26 10:47:31,24.50,tarjeta
18913,899,8,2025-03-26 10:50:33,35.45,tarjeta
18914,135,3,2025-03-26 10:51:04,35.95,tarjeta
18915,260,2,2025-03-26 10:53:22,26.95,efectivo
18916,890,5,2025-03-26 10:58:28,42.45,tarjeta
18917,717,5,2025-03-26 11:06:53,70.50,efectivo
18918,208,3,2025-03-26 11:07:09,94.95,efectivo
18919,36,1,2025-03-26 11:08:03,135.95,efectivo
18920,326,9,2025-03-26 11:10:55,88.45,efectivo
18921,264,9,2025-03-26 11:16:07,133.00,tarjeta
18922,111,7,2025-03-26 11:21:00,181.85,efectivo
18923,715,9,2025-03-26 11:25:19,65.95,efectivo
18924,856,10,2025-03-26 11:25:56,76.00,efectivo
18925,708,10,2025-03-26 11:27:08,53.95,tarjeta
18926,438,5,2025-03-26 11:39:17,30.35,efectivo
18927,701,3,2025-03-26 11:43:12,145.20,efectivo
18928,806,3,2025-03-26 11:56:11,32.95,tarjeta
18929,501,4,2025-03-26 11:56:46,38.35,efectivo
18930,910,8,2025-03-26 11:59:58,47.45,efectivo
18931,627,3,2025-03-26 12:04:01,76.00,efectivo
18932,264,8,2025-03-26 12:12:04,122.30,efectivo
18933,109,10,2025-03-26 12:25:32,142.75,efectivo
18934,840,1,2025-03-26 12:31:11,130.80,efectivo
18935,507,1,2025-03-26 12:38:11,151.60,tarjeta
18936,870,2,2025-03-26 12:44:14,44.35,efectivo
18937,426,5,2025-03-26 12:49:51,125.80,efectivo
18938,832,3,2025-03-26 13:01:12,145.70,efectivo
18939,824,3,2025-03-26 13:06:43,63.00,tarjeta
18940,253,4,2025-03-26 13:09:46,48.45,tarjeta
18941,754,9,2025-03-26 13:15:20,24.50,tarjeta
18942,924,7,2025-03-26 13:31:03,75.90,tarjeta
18943,76,5,2025-03-26 13:33:33,110.85,tarjeta
18944,151,6,2025-03-26 13:37:32,174.40,tarjeta
18945,846,6,2025-03-26 13:45:46,103.40,efectivo
18946,301,4,2025-03-26 14:10:44,73.90,efectivo
18947,655,1,2025-03-26 14:11:43,94.90,efectivo
18948,726,5,2025-03-26 14:17:45,72.45,efectivo
18949,561,4,2025-03-26 14:18:16,65.85,tarjeta
18950,771,10,2025-03-26 14:19:48,48.00,efectivo
18951,465,4,2025-03-26 14:28:33,103.35,efectivo
18952,851,10,2025-03-26 14:52:16,114.00,tarjeta
18953,625,2,2025-03-26 14:56:50,40.85,tarjeta
18954,703,2,2025-03-26 15:02:21,117.85,efectivo
18955,80,5,2025-03-26 15:14:37,102.00,tarjeta
18956,81,4,2025-03-26 15:21:24,188.90,efectivo
18957,135,9,2025-03-26 15:22:41,122.40,efectivo
18958,649,5,2025-03-26 15:37:34,12.00,efectivo
18959,640,9,2025-03-26 15:41:35,60.90,tarjeta
18960,259,4,2025-03-26 15:42:28,157.35,tarjeta
18961,182,1,2025-03-26 15:47:50,40.95,efectivo
18962,959,9,2025-03-26 15:52:00,115.50,tarjeta
18963,66,10,2025-03-26 16:08:44,118.95,efectivo
18964,386,4,2025-03-26 16:16:41,100.50,tarjeta
18965,186,7,2025-03-26 16:18:29,111.90,efectivo
18966,752,5,2025-03-26 16:28:24,130.00,efectivo
18967,924,1,2025-03-26 16:34:41,47.95,efectivo
18968,180,3,2025-03-26 16:40:10,111.90,tarjeta
18969,369,10,2025-03-26 16:43:13,34.50,tarjeta
18970,472,10,2025-03-26 16:54:47,142.80,efectivo
18971,642,7,2025-03-26 17:02:10,133.95,efectivo
18972,484,7,2025-03-26 17:09:44,124.75,tarjeta
18973,860,1,2025-03-26 17:18:26,184.75,tarjeta
18974,950,5,2025-03-26 17:28:23,16.50,efectivo
18975,239,9,2025-03-26 17:33:15,146.95,tarjeta
18976,414,5,2025-03-26 17:47:20,115.85,efectivo
18977,400,1,2025-03-26 17:50:50,35.00,tarjeta
18978,478,10,2025-03-26 17:56:00,22.00,efectivo
18979,782,5,2025-03-26 17:58:25,52.45,efectivo
18980,462,2,2025-03-26 18:05:38,8.00,tarjeta
18981,767,8,2025-03-26 18:19:38,57.95,tarjeta
18982,236,10,2025-03-26 18:20:59,238.65,efectivo
18983,585,9,2025-03-26 18:28:03,52.95,efectivo
18984,537,9,2025-03-26 18:47:36,56.45,efectivo
18985,37,6,2025-03-26 18:52:27,88.90,efectivo
18986,391,5,2025-03-26 18:56:27,48.00,efectivo
18987,236,2,2025-03-26 18:58:20,103.90,tarjeta
18988,393,8,2025-03-26 19:35:49,102.95,tarjeta
18989,879,8,2025-03-26 19:38:18,224.90,efectivo
18990,42,6,2025-03-26 19:40:34,40.50,tarjeta
18991,822,5,2025-03-26 19:41:15,94.95,tarjeta
18992,515,8,2025-03-26 19:44:49,18.00,tarjeta
18993,831,9,2025-03-26 20:00:17,97.90,efectivo
18994,46,8,2025-03-26 20:08:56,22.50,tarjeta
18995,323,8,2025-03-26 20:27:55,125.40,tarjeta
18996,146,6,2025-03-26 20:53:28,121.00,tarjeta
18997,833,8,2025-03-26 20:54:59,103.90,tarjeta
18998,949,2,2025-03-26 20:59:10,159.90,tarjeta
18999,851,8,2025-03-26 21:00:12,135.90,efectivo
19000,757,6,2025-03-26 21:10:15,84.00,tarjeta
19001,248,10,2025-03-26 21:13:06,26.00,efectivo
19002,449,9,2025-03-26 21:30:06,144.90,efectivo
19003,168,1,2025-03-26 21:35:03,199.30,efectivo
19004,986,3,2025-03-26 21:48:05,16.50,efectivo
19005,839,6,2025-03-26 22:00:20,149.75,tarjeta
19006,671,7,2025-03-26 22:06:57,40.85,tarjeta
19007,892,7,2025-03-26 22:12:06,110.80,efectivo
19008,373,2,2025-03-26 22:21:13,42.95,tarjeta
19009,692,5,2025-03-26 22:25:46,95.90,tarjeta
19010,146,9,2025-03-26 22:32:02,123.90,tarjeta
19011,715,3,2025-03-26 22:50:48,71.40,tarjeta
19012,430,2,2025-03-26 22:51:12,82.85,tarjeta
19013,685,8,2025-03-27 06:04:41,34.50,tarjeta
19014,45,2,2025-03-27 06:16:04,34.50,efectivo
19015,476,7,2025-03-27 06:20:34,35.00,tarjeta
19016,584,8,2025-03-27 06:24:14,10.95,tarjeta
19017,763,7,2025-03-27 06:25:59,52.50,efectivo
19018,475,2,2025-03-27 06:30:22,31.00,tarjeta
19019,900,4,2025-03-27 06:31:39,12.00,efectivo
19020,873,3,2025-03-27 06:36:00,22.00,efectivo
19021,872,7,2025-03-27 06:37:43,10.95,efectivo
19022,902,7,2025-03-27 06:42:25,10.00,tarjeta
19023,500,3,2025-03-27 06:43:03,102.35,efectivo
19024,953,3,2025-03-27 06:44:02,50.45,efectivo
19025,535,5,2025-03-27 06:48:58,40.00,efectivo
19026,957,8,2025-03-27 06:56:00,27.50,tarjeta
19027,944,10,2025-03-27 06:57:48,37.45,efectivo
19028,288,1,2025-03-27 06:58:51,24.50,tarjeta
19029,466,5,2025-03-27 07:01:12,46.90,tarjeta
19030,477,10,2025-03-27 07:05:32,57.45,efectivo
19031,738,8,2025-03-27 07:08:05,171.70,tarjeta
19032,257,4,2025-03-27 07:12:24,43.00,tarjeta
19033,595,6,2025-03-27 07:13:33,58.95,tarjeta
19034,428,2,2025-03-27 07:20:53,22.00,efectivo
19035,71,5,2025-03-27 07:21:43,157.90,tarjeta
19036,930,10,2025-03-27 07:22:46,18.00,tarjeta
19037,98,4,2025-03-27 07:25:23,26.95,efectivo
19038,917,8,2025-03-27 07:33:14,28.50,efectivo
19039,301,8,2025-03-27 07:41:07,91.90,tarjeta
19040,446,1,2025-03-27 07:45:27,12.00,tarjeta
19041,890,10,2025-03-27 07:45:27,35.45,efectivo
19042,103,2,2025-03-27 07:45:36,34.00,efectivo
19043,67,9,2025-03-27 07:46:52,155.75,tarjeta
19044,633,3,2025-03-27 07:48:06,40.00,efectivo
19045,506,1,2025-03-27 07:49:21,26.95,tarjeta
19046,302,4,2025-03-27 07:51:56,36.95,tarjeta
19047,222,5,2025-03-27 07:52:22,62.50,tarjeta
19048,395,2,2025-03-27 07:52:57,45.95,efectivo
19049,372,9,2025-03-27 07:58:02,184.80,efectivo
19050,983,6,2025-03-27 08:04:20,10.95,tarjeta
19051,907,5,2025-03-27 08:04:48,100.90,tarjeta
19052,301,2,2025-03-27 08:08:12,82.45,tarjeta
19053,348,3,2025-03-27 08:12:22,115.00,efectivo
19054,140,6,2025-03-27 08:15:03,35.95,tarjeta
19055,533,2,2025-03-27 08:16:50,34.00,tarjeta
19056,464,9,2025-03-27 08:17:26,40.00,efectivo
19057,630,3,2025-03-27 08:21:24,93.00,tarjeta
19058,476,7,2025-03-27 08:23:47,107.90,tarjeta
19059,377,5,2025-03-27 08:28:41,0.00,tarjeta
19060,402,8,2025-03-27 08:29:35,22.00,tarjeta
19061,329,7,2025-03-27 08:29:36,26.95,tarjeta
19062,643,5,2025-03-27 08:30:54,31.00,tarjeta
19063,257,1,2025-03-27 08:38:28,36.95,efectivo
19064,233,9,2025-03-27 08:40:57,35.45,efectivo
19065,313,7,2025-03-27 08:42:12,53.50,efectivo
19066,270,10,2025-03-27 08:43:38,53.00,tarjeta
19067,831,4,2025-03-27 08:47:05,145.90,tarjeta
19068,680,4,2025-03-27 08:50:41,26.95,tarjeta
19069,245,7,2025-03-27 08:55:41,26.95,efectivo
19070,93,3,2025-03-27 09:00:09,36.95,efectivo
19071,105,6,2025-03-27 09:05:32,35.00,efectivo
19072,666,7,2025-03-27 09:10:27,33.50,efectivo
19073,753,4,2025-03-27 09:13:32,10.00,tarjeta
19074,172,7,2025-03-27 09:20:25,26.95,efectivo
19075,183,5,2025-03-27 09:28:44,73.45,tarjeta
19076,901,8,2025-03-27 09:31:01,26.95,efectivo
19077,586,3,2025-03-27 09:36:05,55.95,efectivo
19078,619,9,2025-03-27 09:37:44,81.85,efectivo
19079,387,6,2025-03-27 09:44:08,100.90,tarjeta
19080,472,3,2025-03-27 09:48:29,18.00,tarjeta
19081,730,9,2025-03-27 09:58:48,102.00,efectivo
19082,550,7,2025-03-27 10:01:14,50.95,tarjeta
19083,882,10,2025-03-27 10:03:32,78.00,efectivo
19084,113,9,2025-03-27 10:10:17,76.00,efectivo
19085,257,7,2025-03-27 10:11:14,31.00,tarjeta
19086,959,5,2025-03-27 10:22:10,81.95,tarjeta
19087,195,1,2025-03-27 10:24:28,37.90,tarjeta
19088,377,6,2025-03-27 10:25:40,38.95,tarjeta
19089,339,3,2025-03-27 10:28:12,111.85,efectivo
19090,614,1,2025-03-27 10:29:59,82.45,efectivo
19091,712,9,2025-03-27 10:32:51,36.85,tarjeta
19092,89,2,2025-03-27 10:34:54,24.95,tarjeta
19093,661,1,2025-03-27 10:35:02,78.90,tarjeta
19094,972,4,2025-03-27 10:35:35,57.95,tarjeta
19095,505,5,2025-03-27 10:42:24,0.00,efectivo
19096,81,6,2025-03-27 10:50:40,74.00,tarjeta
19097,392,4,2025-03-27 10:58:41,24.50,tarjeta
19098,885,2,2025-03-27 10:59:04,57.95,efectivo
19099,740,10,2025-03-27 10:59:32,22.00,efectivo
19100,757,8,2025-03-27 11:03:30,56.90,tarjeta
19101,243,1,2025-03-27 11:10:09,113.95,tarjeta
19102,768,9,2025-03-27 11:18:47,93.00,tarjeta
19103,615,8,2025-03-27 11:21:33,106.40,efectivo
19104,491,7,2025-03-27 11:30:41,35.00,tarjeta
19105,15,3,2025-03-27 11:31:31,106.00,efectivo
19106,15,10,2025-03-27 11:50:24,198.95,efectivo
19107,672,1,2025-03-27 11:57:20,71.00,tarjeta
19108,279,3,2025-03-27 12:00:42,42.95,efectivo
19109,703,4,2025-03-27 12:02:08,44.00,tarjeta
19110,714,10,2025-03-27 12:04:47,20.00,tarjeta
19111,273,8,2025-03-27 12:13:59,132.45,efectivo
19112,83,9,2025-03-27 12:16:23,128.80,tarjeta
19113,259,3,2025-03-27 12:36:41,66.30,efectivo
19114,949,1,2025-03-27 12:39:11,138.00,tarjeta
19115,851,2,2025-03-27 12:42:34,167.85,tarjeta
19116,661,2,2025-03-27 12:51:35,173.60,efectivo
19117,395,4,2025-03-27 12:56:26,145.50,efectivo
19118,977,9,2025-03-27 13:03:13,188.40,tarjeta
19119,180,2,2025-03-27 13:07:41,18.00,tarjeta
19120,627,2,2025-03-27 13:18:50,57.00,efectivo
19121,659,8,2025-03-27 13:37:10,120.95,tarjeta
19122,225,6,2025-03-27 13:48:46,59.50,efectivo
19123,965,9,2025-03-27 13:54:03,157.50,tarjeta
19124,106,3,2025-03-27 14:05:25,16.50,tarjeta
19125,612,5,2025-03-27 14:07:42,89.15,tarjeta
19126,430,6,2025-03-27 14:20:10,153.75,tarjeta
19127,186,1,2025-03-27 14:25:53,133.95,tarjeta
19128,907,5,2025-03-27 14:32:38,159.00,tarjeta
19129,742,6,2025-03-27 14:44:46,113.95,efectivo
19130,189,4,2025-03-27 14:47:24,89.60,efectivo
19131,849,4,2025-03-27 14:59:22,90.00,efectivo
19132,243,8,2025-03-27 15:15:14,111.95,tarjeta
19133,13,5,2025-03-27 15:21:15,135.90,efectivo
19134,810,5,2025-03-27 15:26:59,87.00,efectivo
19135,558,2,2025-03-27 15:30:10,10.00,efectivo
19136,499,7,2025-03-27 15:41:27,63.50,efectivo
19137,839,6,2025-03-27 15:49:57,166.75,tarjeta
19138,429,9,2025-03-27 16:06:14,143.75,tarjeta
19139,640,3,2025-03-27 16:10:56,160.90,tarjeta
19140,234,7,2025-03-27 16:14:37,93.50,tarjeta
19141,186,2,2025-03-27 16:19:14,33.00,tarjeta
19142,655,5,2025-03-27 16:21:51,106.50,efectivo
19143,81,5,2025-03-27 16:28:52,131.85,tarjeta
19144,77,9,2025-03-27 16:33:10,49.00,tarjeta
19145,756,4,2025-03-27 16:33:31,38.90,efectivo
19146,731,3,2025-03-27 16:36:55,16.50,efectivo
19147,146,10,2025-03-27 16:49:56,78.50,efectivo
19148,911,6,2025-03-27 17:11:19,19.95,efectivo
19149,699,6,2025-03-27 17:12:55,27.45,efectivo
19150,480,9,2025-03-27 17:14:12,29.50,tarjeta
19151,561,3,2025-03-27 17:15:48,106.85,efectivo
19152,490,10,2025-03-27 17:19:16,65.00,efectivo
19153,831,8,2025-03-27 17:21:56,27.95,tarjeta
19154,662,2,2025-03-27 17:29:16,211.75,efectivo
19155,882,3,2025-03-27 17:29:26,98.40,tarjeta
19156,698,6,2025-03-27 17:37:41,155.80,tarjeta
19157,490,2,2025-03-27 17:38:33,84.25,tarjeta
19158,780,9,2025-03-27 17:40:20,119.45,efectivo
19159,771,4,2025-03-27 17:47:29,106.90,efectivo
19160,214,7,2025-03-27 17:51:07,10.00,efectivo
19161,733,5,2025-03-27 18:02:13,122.85,efectivo
19162,61,1,2025-03-27 18:02:43,29.50,tarjeta
19163,115,2,2025-03-27 18:20:28,58.95,tarjeta
19164,418,7,2025-03-27 18:26:31,120.75,efectivo
19165,305,4,2025-03-27 18:29:10,10.95,tarjeta
19166,54,8,2025-03-27 18:34:52,10.00,tarjeta
19167,88,9,2025-03-27 18:39:36,24.50,efectivo
19168,189,2,2025-03-27 18:40:23,123.95,efectivo
19169,168,1,2025-03-27 18:40:35,47.95,efectivo
19170,579,7,2025-03-27 19:33:33,18.00,efectivo
19171,684,9,2025-03-27 19:40:18,53.95,efectivo
19172,673,4,2025-03-27 19:50:04,39.00,tarjeta
19173,373,8,2025-03-27 19:55:23,92.00,efectivo
19174,927,3,2025-03-27 20:08:39,118.30,efectivo
19175,910,4,2025-03-27 20:11:40,18.00,efectivo
19176,321,10,2025-03-27 20:17:26,37.50,efectivo
19177,949,10,2025-03-27 20:33:00,35.95,tarjeta
19178,811,3,2025-03-27 20:33:17,31.00,efectivo
19179,926,5,2025-03-27 20:37:07,149.70,efectivo
19180,856,9,2025-03-27 20:41:15,46.90,tarjeta
19181,373,1,2025-03-27 20:54:08,136.30,efectivo
19182,13,2,2025-03-27 20:59:06,94.00,efectivo
19183,395,4,2025-03-27 21:15:23,68.00,tarjeta
19184,348,2,2025-03-27 21:21:26,131.90,tarjeta
19185,807,8,2025-03-27 21:42:27,115.30,efectivo
19186,565,2,2025-03-27 21:44:34,24.95,tarjeta
19187,848,7,2025-03-27 22:01:37,75.00,efectivo
19188,659,8,2025-03-27 22:09:22,217.10,efectivo
19189,821,10,2025-03-27 22:33:04,141.50,efectivo
19190,458,7,2025-03-27 22:38:58,142.50,efectivo
19191,391,4,2025-03-27 22:50:42,156.75,efectivo
19192,622,3,2025-03-27 22:55:07,141.40,efectivo
19193,749,10,2025-03-28 06:06:57,22.50,efectivo
19194,885,8,2025-03-28 06:09:37,26.95,efectivo
19195,232,1,2025-03-28 06:10:21,48.95,tarjeta
19196,464,4,2025-03-28 06:10:55,51.45,efectivo
19197,148,10,2025-03-28 06:13:45,0.00,efectivo
19198,706,1,2025-03-28 06:16:38,25.50,efectivo
19199,85,5,2025-03-28 06:16:44,65.45,tarjeta
19200,437,2,2025-03-28 06:23:19,38.95,tarjeta
19201,642,2,2025-03-28 06:25:52,93.45,efectivo
19202,89,8,2025-03-28 06:27:52,24.50,tarjeta
19203,222,10,2025-03-28 06:38:32,32.00,tarjeta
19204,954,1,2025-03-28 06:40:08,38.45,tarjeta
19205,799,10,2025-03-28 06:52:36,57.95,tarjeta
19206,923,4,2025-03-28 06:54:50,76.50,efectivo
19207,881,8,2025-03-28 06:59:10,36.45,efectivo
19208,697,4,2025-03-28 06:59:31,26.00,efectivo
19209,766,2,2025-03-28 07:13:04,31.00,efectivo
19210,377,2,2025-03-28 07:16:17,10.95,tarjeta
19211,682,1,2025-03-28 07:19:32,66.35,efectivo
19212,691,9,2025-03-28 07:23:54,24.50,tarjeta
19213,69,8,2025-03-28 07:24:20,40.45,efectivo
19214,95,10,2025-03-28 07:35:03,10.00,tarjeta
19215,98,6,2025-03-28 07:36:56,57.95,efectivo
19216,425,8,2025-03-28 07:37:18,69.95,efectivo
19217,623,3,2025-03-28 07:43:46,97.45,tarjeta
19218,288,10,2025-03-28 07:49:50,28.00,efectivo
19219,568,2,2025-03-28 07:52:22,32.95,tarjeta
19220,652,4,2025-03-28 07:54:06,57.45,efectivo
19221,248,5,2025-03-28 07:54:36,46.50,tarjeta
19222,393,8,2025-03-28 07:54:36,206.90,tarjeta
19223,217,8,2025-03-28 07:54:37,34.50,efectivo
19224,250,9,2025-03-28 07:54:54,53.00,efectivo
19225,873,1,2025-03-28 07:57:08,37.50,tarjeta
19226,843,10,2025-03-28 08:00:22,95.45,efectivo
19227,748,9,2025-03-28 08:02:21,31.00,tarjeta
19228,317,6,2025-03-28 08:03:48,19.95,tarjeta
19229,54,3,2025-03-28 08:12:15,60.45,efectivo
19230,151,5,2025-03-28 08:19:13,134.90,tarjeta
19231,477,5,2025-03-28 08:19:40,34.00,efectivo
19232,760,10,2025-03-28 08:29:11,45.00,tarjeta
19233,846,10,2025-03-28 08:31:05,166.25,efectivo
19234,346,7,2025-03-28 08:32:26,15.50,tarjeta
19235,251,8,2025-03-28 08:32:55,61.00,tarjeta
19236,544,10,2025-03-28 08:33:44,73.90,tarjeta
19237,793,9,2025-03-28 08:34:10,22.00,efectivo
19238,484,7,2025-03-28 08:34:34,65.85,efectivo
19239,406,3,2025-03-28 08:34:37,10.00,tarjeta
19240,744,1,2025-03-28 08:34:51,57.95,efectivo
19241,407,9,2025-03-28 08:37:33,84.50,efectivo
19242,128,2,2025-03-28 08:37:34,51.45,tarjeta
19243,374,6,2025-03-28 08:45:56,26.95,efectivo
19244,905,7,2025-03-28 08:48:07,118.45,tarjeta
19245,405,9,2025-03-28 08:51:36,48.95,efectivo
19246,974,3,2025-03-28 08:52:58,10.95,efectivo
19247,50,5,2025-03-28 08:54:10,26.95,efectivo
19248,957,9,2025-03-28 08:54:24,0.00,tarjeta
19249,535,9,2025-03-28 08:56:23,37.90,efectivo
19250,803,7,2025-03-28 08:57:12,22.00,tarjeta
19251,542,9,2025-03-28 09:00:55,35.00,tarjeta
19252,586,10,2025-03-28 09:01:43,71.00,efectivo
19253,42,2,2025-03-28 09:03:44,139.45,efectivo
19254,652,2,2025-03-28 09:04:14,40.00,tarjeta
19255,744,1,2025-03-28 09:04:26,24.50,tarjeta
19256,803,8,2025-03-28 09:20:24,89.50,efectivo
19257,771,2,2025-03-28 09:20:41,162.85,efectivo
19258,217,9,2025-03-28 09:22:17,16.50,efectivo
19259,216,3,2025-03-28 09:23:04,53.00,efectivo
19260,853,5,2025-03-28 09:23:42,88.00,efectivo
19261,10,4,2025-03-28 09:24:25,51.45,tarjeta
19262,376,3,2025-03-28 09:29:05,12.00,efectivo
19263,183,10,2025-03-28 09:32:18,24.50,tarjeta
19264,765,1,2025-03-28 09:32:25,75.95,efectivo
19265,233,8,2025-03-28 09:40:03,15.50,efectivo
19266,810,1,2025-03-28 09:40:37,149.70,tarjeta
19267,967,4,2025-03-28 09:42:24,31.00,tarjeta
19268,630,1,2025-03-28 09:45:05,22.00,efectivo
19269,944,5,2025-03-28 09:45:32,57.95,tarjeta
19270,749,6,2025-03-28 09:48:14,89.45,tarjeta
19271,837,4,2025-03-28 09:52:18,30.00,efectivo
19272,172,4,2025-03-28 09:53:28,22.00,efectivo
19273,281,4,2025-03-28 09:53:39,29.50,efectivo
19274,105,4,2025-03-28 09:56:35,8.00,efectivo
19275,250,7,2025-03-28 09:58:49,16.50,tarjeta
19276,178,2,2025-03-28 09:59:35,15.50,efectivo
19277,105,6,2025-03-28 10:00:52,82.45,efectivo
19278,276,7,2025-03-28 10:02:55,60.95,efectivo
19279,892,6,2025-03-28 10:04:59,63.50,tarjeta
19280,854,7,2025-03-28 10:09:10,35.45,tarjeta
19281,446,3,2025-03-28 10:10:00,31.00,tarjeta
19282,103,2,2025-03-28 10:12:22,54.45,efectivo
19283,423,10,2025-03-28 10:13:51,35.00,efectivo
19284,348,4,2025-03-28 10:18:59,129.85,efectivo
19285,281,5,2025-03-28 10:20:42,10.95,tarjeta
19286,156,6,2025-03-28 10:21:59,15.50,tarjeta
19287,245,5,2025-03-28 10:26:17,24.50,efectivo
19288,977,3,2025-03-28 10:28:30,112.80,tarjeta
19289,652,9,2025-03-28 10:29:20,63.95,tarjeta
19290,437,2,2025-03-28 10:32:10,60.50,efectivo
19291,902,2,2025-03-28 10:40:14,25.50,tarjeta
19292,841,9,2025-03-28 10:40:24,146.85,tarjeta
19293,977,8,2025-03-28 10:41:24,167.75,tarjeta
19294,120,10,2025-03-28 10:45:30,85.50,efectivo
19295,488,9,2025-03-28 10:54:18,93.00,efectivo
19296,273,8,2025-03-28 10:56:27,231.30,tarjeta
19297,460,5,2025-03-28 10:58:15,56.00,tarjeta
19298,882,5,2025-03-28 11:17:28,88.45,tarjeta
19299,607,2,2025-03-28 11:21:29,87.85,efectivo
19300,851,5,2025-03-28 11:50:03,200.40,efectivo
19301,786,4,2025-03-28 11:56:05,54.50,tarjeta
19302,600,2,2025-03-28 11:56:40,76.00,efectivo
19303,136,9,2025-03-28 11:57:40,50.50,tarjeta
19304,77,6,2025-03-28 12:03:00,130.75,efectivo
19305,956,3,2025-03-28 12:03:03,174.85,tarjeta
19306,379,6,2025-03-28 12:06:37,36.00,tarjeta
19307,454,7,2025-03-28 12:10:40,28.50,tarjeta
19308,682,1,2025-03-28 12:17:58,128.00,efectivo
19309,13,1,2025-03-28 12:29:28,40.70,tarjeta
19310,723,2,2025-03-28 12:40:10,44.00,efectivo
19311,672,4,2025-03-28 12:44:23,206.25,efectivo
19312,627,2,2025-03-28 12:47:03,57.90,efectivo
19313,243,10,2025-03-28 12:50:40,95.90,tarjeta
19314,502,8,2025-03-28 12:57:57,38.00,tarjeta
19315,449,10,2025-03-28 13:02:20,130.50,tarjeta
19316,692,6,2025-03-28 13:02:53,66.00,efectivo
19317,303,4,2025-03-28 13:05:51,26.95,tarjeta
19318,168,4,2025-03-28 13:46:10,94.90,efectivo
19319,931,6,2025-03-28 13:49:18,146.85,tarjeta
19320,682,7,2025-03-28 13:56:04,123.00,efectivo
19321,104,9,2025-03-28 13:58:12,57.45,efectivo
19322,492,4,2025-03-28 13:58:46,18.00,tarjeta
19323,841,3,2025-03-28 14:04:36,71.00,tarjeta
19324,500,4,2025-03-28 14:08:15,47.30,tarjeta
19325,892,3,2025-03-28 14:09:49,53.00,efectivo
19326,316,3,2025-03-28 14:12:08,73.90,tarjeta
19327,752,9,2025-03-28 14:22:13,127.50,tarjeta
19328,371,7,2025-03-28 14:23:55,153.85,efectivo
19329,780,7,2025-03-28 14:28:56,146.40,tarjeta
19330,36,2,2025-03-28 14:32:49,93.35,efectivo
19331,228,10,2025-03-28 14:33:31,99.00,tarjeta
19332,856,9,2025-03-28 14:33:41,166.35,efectivo
19333,414,8,2025-03-28 14:34:29,38.90,efectivo
19334,608,10,2025-03-28 14:43:05,63.50,efectivo
19335,36,5,2025-03-28 14:45:44,28.50,efectivo
19336,822,2,2025-03-28 15:00:40,138.85,tarjeta
19337,798,5,2025-03-28 15:06:20,128.95,efectivo
19338,828,3,2025-03-28 15:07:21,16.50,efectivo
19339,634,4,2025-03-28 15:11:48,91.00,tarjeta
19340,827,10,2025-03-28 15:18:11,180.80,tarjeta
19341,540,7,2025-03-28 15:22:14,169.00,tarjeta
19342,144,10,2025-03-28 15:23:55,12.35,efectivo
19343,656,3,2025-03-28 15:27:55,0.00,tarjeta
19344,393,7,2025-03-28 15:33:04,138.75,efectivo
19345,316,9,2025-03-28 15:47:55,122.45,tarjeta
19346,347,5,2025-03-28 15:53:12,24.95,efectivo
19347,275,2,2025-03-28 16:07:36,24.95,tarjeta
19348,440,8,2025-03-28 16:15:21,166.75,efectivo
19349,617,1,2025-03-28 16:21:13,90.50,efectivo
19350,571,2,2025-03-28 16:21:24,22.00,efectivo
19351,742,2,2025-03-28 16:27:57,34.00,efectivo
19352,757,5,2025-03-28 16:33:47,165.50,tarjeta
19353,193,5,2025-03-28 16:40:31,99.00,tarjeta
19354,931,8,2025-03-28 16:45:26,122.90,tarjeta
19355,113,6,2025-03-28 16:47:32,38.50,tarjeta
19356,655,6,2025-03-28 16:53:19,74.85,efectivo
19357,797,3,2025-03-28 17:00:28,122.85,efectivo
19358,378,9,2025-03-28 17:03:19,50.00,efectivo
19359,484,10,2025-03-28 17:10:07,132.45,efectivo
19360,664,7,2025-03-28 17:20:53,42.50,tarjeta
19361,501,3,2025-03-28 17:27:23,44.00,tarjeta
19362,313,8,2025-03-28 17:27:37,54.00,efectivo
19363,248,5,2025-03-28 17:51:56,112.70,tarjeta
19364,228,4,2025-03-28 17:52:01,38.95,tarjeta
19365,228,4,2025-03-28 17:58:46,102.40,tarjeta
19366,771,5,2025-03-28 18:39:03,53.00,tarjeta
19367,580,5,2025-03-28 18:46:11,34.50,efectivo
19368,892,7,2025-03-28 18:54:13,94.95,efectivo
19369,398,3,2025-03-28 18:54:31,217.60,efectivo
19370,409,5,2025-03-28 19:01:17,35.00,efectivo
19371,583,6,2025-03-28 19:10:10,34.00,efectivo
19372,67,5,2025-03-28 19:10:45,125.35,efectivo
19373,642,6,2025-03-28 19:14:09,110.00,efectivo
19374,318,2,2025-03-28 19:14:41,74.40,tarjeta
19375,690,2,2025-03-28 19:18:25,78.50,tarjeta
19376,234,10,2025-03-28 19:26:42,142.00,efectivo
19377,186,9,2025-03-28 19:29:38,183.50,efectivo
19378,636,6,2025-03-28 19:31:25,38.00,tarjeta
19379,51,5,2025-03-28 19:32:03,96.75,efectivo
19380,275,3,2025-03-28 19:41:50,122.95,tarjeta
19381,532,9,2025-03-28 19:46:07,162.40,efectivo
19382,780,2,2025-03-28 19:56:36,122.85,efectivo
19383,627,2,2025-03-28 19:57:41,132.85,efectivo
19384,463,10,2025-03-28 20:04:39,49.85,tarjeta
19385,524,5,2025-03-28 20:05:29,137.50,efectivo
19386,977,3,2025-03-28 20:15:11,125.85,efectivo
19387,77,3,2025-03-28 20:16:41,106.30,efectivo
19388,223,7,2025-03-28 20:19:28,55.90,efectivo
19389,429,3,2025-03-28 20:31:58,57.90,efectivo
19390,682,2,2025-03-28 20:48:15,38.90,tarjeta
19391,375,8,2025-03-28 20:58:01,19.95,efectivo
19392,323,9,2025-03-28 20:58:53,125.95,efectivo
19393,385,9,2025-03-28 21:21:11,19.95,tarjeta
19394,76,2,2025-03-28 21:24:33,24.95,tarjeta
19395,945,10,2025-03-28 21:30:41,131.90,efectivo
19396,501,6,2025-03-28 21:38:13,45.85,efectivo
19397,495,10,2025-03-28 21:42:15,27.50,efectivo
19398,593,10,2025-03-28 21:47:30,16.50,tarjeta
19399,157,7,2025-03-28 21:57:59,45.30,tarjeta
19400,655,7,2025-03-28 22:05:11,55.40,efectivo
19401,522,10,2025-03-28 22:38:05,234.25,efectivo
19402,167,4,2025-03-28 22:53:16,110.85,efectivo
19403,760,6,2025-03-29 06:00:10,66.00,tarjeta
19404,793,10,2025-03-29 06:02:04,32.00,tarjeta
19405,872,4,2025-03-29 06:03:50,44.00,tarjeta
19406,584,6,2025-03-29 06:06:52,53.40,tarjeta
19407,28,6,2025-03-29 06:07:22,10.95,tarjeta
19408,207,8,2025-03-29 06:10:57,53.00,efectivo
19409,783,6,2025-03-29 06:14:56,42.95,efectivo
19410,321,2,2025-03-29 06:20:12,0.00,tarjeta
19411,38,2,2025-03-29 06:21:45,55.50,efectivo
19412,105,2,2025-03-29 06:23:22,22.00,efectivo
19413,283,6,2025-03-29 06:25:44,67.00,efectivo
19414,172,1,2025-03-29 06:30:50,34.00,efectivo
19415,295,9,2025-03-29 06:31:42,68.45,tarjeta
19416,953,7,2025-03-29 06:32:46,45.95,tarjeta
19417,763,7,2025-03-29 06:36:20,52.95,tarjeta
19418,1000,6,2025-03-29 06:36:21,38.95,tarjeta
19419,957,9,2025-03-29 06:44:48,34.50,efectivo
19420,777,3,2025-03-29 06:45:36,91.50,efectivo
19421,564,6,2025-03-29 06:46:03,52.45,tarjeta
19422,707,1,2025-03-29 06:55:05,15.50,tarjeta
19423,69,4,2025-03-29 06:55:25,35.45,efectivo
19424,185,7,2025-03-29 06:55:41,22.00,tarjeta
19425,586,5,2025-03-29 06:59:30,29.50,tarjeta
19426,392,9,2025-03-29 07:01:22,12.00,efectivo
19427,85,7,2025-03-29 07:03:58,24.50,tarjeta
19428,814,9,2025-03-29 07:06:03,31.00,tarjeta
19429,799,6,2025-03-29 07:06:59,53.00,efectivo
19430,143,10,2025-03-29 07:07:49,57.95,efectivo
19431,268,10,2025-03-29 07:09:56,85.95,tarjeta
19432,85,1,2025-03-29 07:12:22,57.95,efectivo
19433,728,5,2025-03-29 07:13:52,48.95,tarjeta
19434,445,10,2025-03-29 07:17:31,55.50,efectivo
19435,640,5,2025-03-29 07:19:09,127.95,tarjeta
19436,822,8,2025-03-29 07:19:44,104.35,tarjeta
19437,714,7,2025-03-29 07:28:21,55.95,efectivo
19438,41,4,2025-03-29 07:29:15,12.00,tarjeta
19439,66,8,2025-03-29 07:29:27,102.90,tarjeta
19440,781,9,2025-03-29 07:31:22,29.50,tarjeta
19441,858,9,2025-03-29 07:32:03,12.00,tarjeta
19442,606,6,2025-03-29 07:35:49,69.00,tarjeta
19443,33,8,2025-03-29 07:37:28,22.00,efectivo
19444,842,8,2025-03-29 07:38:05,59.00,tarjeta
19445,878,10,2025-03-29 07:42:44,37.50,efectivo
19446,588,1,2025-03-29 07:45:19,63.40,tarjeta
19447,983,2,2025-03-29 07:46:58,41.00,tarjeta
19448,423,1,2025-03-29 07:51:04,36.00,efectivo
19449,67,10,2025-03-29 07:57:54,130.30,tarjeta
19450,713,10,2025-03-29 08:07:38,50.90,efectivo
19451,954,10,2025-03-29 08:12:29,12.00,tarjeta
19452,105,7,2025-03-29 08:16:36,26.95,tarjeta
19453,452,4,2025-03-29 08:16:37,22.00,tarjeta
19454,707,3,2025-03-29 08:20:25,26.95,efectivo
19455,187,1,2025-03-29 08:25:19,18.00,tarjeta
19456,494,8,2025-03-29 08:27:07,48.95,efectivo
19457,532,6,2025-03-29 08:29:43,83.85,efectivo
19458,931,7,2025-03-29 08:32:41,130.75,tarjeta
19459,595,9,2025-03-29 08:35:21,15.50,tarjeta
19460,276,4,2025-03-29 08:39:39,23.50,efectivo
19461,749,9,2025-03-29 08:42:59,52.45,tarjeta
19462,469,5,2025-03-29 08:43:00,65.50,tarjeta
19463,187,4,2025-03-29 08:47:39,52.00,tarjeta
19464,172,4,2025-03-29 08:47:55,24.50,tarjeta
19465,260,2,2025-03-29 08:49:16,10.95,tarjeta
19466,292,4,2025-03-29 08:52:52,15.50,tarjeta
19467,485,5,2025-03-29 08:53:26,88.45,tarjeta
19468,890,10,2025-03-29 08:54:38,22.00,efectivo
19469,276,1,2025-03-29 08:55:18,8.00,efectivo
19470,185,10,2025-03-29 08:58:50,28.50,tarjeta
19471,575,7,2025-03-29 08:59:56,46.95,tarjeta
19472,895,6,2025-03-29 09:01:49,31.00,tarjeta
19473,643,9,2025-03-29 09:02:09,92.95,tarjeta
19474,377,3,2025-03-29 09:06:11,57.00,tarjeta
19475,111,1,2025-03-29 09:08:40,94.95,tarjeta
19476,391,8,2025-03-29 09:12:12,116.50,efectivo
19477,582,6,2025-03-29 09:13:01,82.45,efectivo
19478,595,2,2025-03-29 09:14:10,22.00,tarjeta
19479,83,10,2025-03-29 09:15:04,128.90,efectivo
19480,867,5,2025-03-29 09:15:53,58.90,tarjeta
19481,346,6,2025-03-29 09:18:04,48.45,tarjeta
19482,167,4,2025-03-29 09:19:10,124.90,tarjeta
19483,12,2,2025-03-29 09:22:57,25.50,efectivo
19484,796,8,2025-03-29 09:24:32,50.95,tarjeta
19485,216,6,2025-03-29 09:26:10,36.50,tarjeta
19486,418,3,2025-03-29 09:26:38,156.75,efectivo
19487,513,4,2025-03-29 09:29:28,84.90,tarjeta
19488,548,3,2025-03-29 09:33:19,63.00,efectivo
19489,803,2,2025-03-29 09:39:49,72.50,tarjeta
19490,322,7,2025-03-29 09:42:49,31.00,tarjeta
19491,927,5,2025-03-29 09:46:58,139.00,efectivo
19492,575,2,2025-03-29 09:50:34,57.00,tarjeta
19493,920,7,2025-03-29 09:56:02,57.95,efectivo
19494,553,5,2025-03-29 09:59:40,190.25,tarjeta
19495,835,3,2025-03-29 10:01:08,215.00,tarjeta
19496,372,5,2025-03-29 10:03:15,110.85,efectivo
19497,972,9,2025-03-29 10:08:46,40.00,efectivo
19498,507,10,2025-03-29 10:13:46,99.45,tarjeta
19499,562,9,2025-03-29 10:15:57,59.90,tarjeta
19500,95,4,2025-03-29 10:21:23,77.50,efectivo
19501,739,10,2025-03-29 10:22:32,42.45,efectivo
19502,367,8,2025-03-29 10:22:39,102.40,tarjeta
19503,45,7,2025-03-29 10:25:21,41.95,tarjeta
19504,575,10,2025-03-29 10:28:51,46.50,efectivo
19505,572,5,2025-03-29 10:36:26,10.00,tarjeta
19506,66,10,2025-03-29 10:41:09,15.50,tarjeta
19507,633,4,2025-03-29 10:42:24,34.50,tarjeta
19508,879,5,2025-03-29 10:45:31,31.95,efectivo
19509,500,9,2025-03-29 10:47:33,65.00,tarjeta
19510,395,6,2025-03-29 10:51:10,38.90,efectivo
19511,317,3,2025-03-29 10:51:20,42.95,tarjeta
19512,185,9,2025-03-29 10:52:08,89.00,efectivo
19513,176,2,2025-03-29 10:54:06,26.95,tarjeta
19514,680,8,2025-03-29 10:58:05,50.90,tarjeta
19515,882,4,2025-03-29 10:58:57,60.50,efectivo
19516,239,10,2025-03-29 11:06:19,77.45,tarjeta
19517,31,5,2025-03-29 11:09:00,8.00,efectivo
19518,104,1,2025-03-29 11:34:35,173.85,tarjeta
19519,372,6,2025-03-29 11:42:56,114.90,efectivo
19520,570,7,2025-03-29 11:43:38,18.00,tarjeta
19521,371,9,2025-03-29 11:55:01,120.95,efectivo
19522,662,8,2025-03-29 11:57:56,90.35,efectivo
19523,111,3,2025-03-29 12:04:03,80.75,efectivo
19524,275,6,2025-03-29 12:10:54,44.95,efectivo
19525,83,2,2025-03-29 12:20:25,87.00,efectivo
19526,379,5,2025-03-29 12:37:24,192.55,efectivo
19527,717,6,2025-03-29 12:37:38,180.35,efectivo
19528,372,5,2025-03-29 12:48:28,121.40,efectivo
19529,83,9,2025-03-29 13:08:07,60.95,tarjeta
19530,345,7,2025-03-29 13:09:51,58.00,tarjeta
19531,208,6,2025-03-29 13:13:45,73.85,efectivo
19532,367,6,2025-03-29 13:16:10,89.30,tarjeta
19533,849,1,2025-03-29 13:29:45,120.00,tarjeta
19534,961,8,2025-03-29 13:48:04,100.90,tarjeta
19535,367,4,2025-03-29 13:51:14,89.00,tarjeta
19536,138,8,2025-03-29 13:55:33,30.90,tarjeta
19537,776,4,2025-03-29 14:00:35,26.00,tarjeta
19538,391,8,2025-03-29 14:06:07,160.15,tarjeta
19539,875,4,2025-03-29 14:06:34,196.10,efectivo
19540,831,6,2025-03-29 14:11:14,191.80,efectivo
19541,945,8,2025-03-29 14:14:50,32.00,tarjeta
19542,8,6,2025-03-29 14:16:01,42.95,tarjeta
19543,326,5,2025-03-29 14:26:28,53.95,efectivo
19544,290,3,2025-03-29 14:30:05,0.00,efectivo
19545,83,3,2025-03-29 14:35:07,105.80,tarjeta
19546,167,4,2025-03-29 14:42:25,121.90,tarjeta
19547,860,4,2025-03-29 14:47:02,135.95,tarjeta
19548,158,1,2025-03-29 14:49:41,69.95,tarjeta
19549,146,2,2025-03-29 14:56:41,154.75,tarjeta
19550,37,7,2025-03-29 15:00:12,114.90,efectivo
19551,894,3,2025-03-29 15:06:29,12.00,tarjeta
19552,959,7,2025-03-29 15:06:35,136.85,efectivo
19553,328,9,2025-03-29 15:15:58,34.50,efectivo
19554,283,4,2025-03-29 15:54:27,219.75,efectivo
19555,780,3,2025-03-29 15:58:34,114.75,tarjeta
19556,268,8,2025-03-29 16:01:11,54.95,tarjeta
19557,860,1,2025-03-29 16:03:30,120.80,efectivo
19558,228,5,2025-03-29 16:06:31,20.35,efectivo
19559,371,2,2025-03-29 16:15:43,71.90,efectivo
19560,641,9,2025-03-29 16:18:17,41.45,tarjeta
19561,607,10,2025-03-29 16:50:13,141.85,tarjeta
19562,166,7,2025-03-29 16:50:15,56.95,efectivo
19563,965,2,2025-03-29 17:12:07,181.30,efectivo
19564,42,9,2025-03-29 17:22:26,150.00,tarjeta
19565,228,2,2025-03-29 17:23:09,76.50,efectivo
19566,15,8,2025-03-29 17:36:00,54.95,efectivo
19567,661,4,2025-03-29 17:37:49,157.90,efectivo
19568,336,3,2025-03-29 17:41:24,12.35,tarjeta
19569,490,5,2025-03-29 17:42:46,93.00,efectivo
19570,969,1,2025-03-29 17:46:26,57.00,efectivo
19571,91,6,2025-03-29 17:53:01,10.95,efectivo
19572,809,8,2025-03-29 17:57:03,166.80,tarjeta
19573,959,1,2025-03-29 18:04:36,38.90,efectivo
19574,757,1,2025-03-29 18:45:32,65.00,efectivo
19575,837,7,2025-03-29 18:46:07,92.85,tarjeta
19576,806,5,2025-03-29 18:49:54,191.80,efectivo
19577,911,10,2025-03-29 19:10:07,45.00,efectivo
19578,573,5,2025-03-29 19:31:17,238.75,efectivo
19579,209,2,2025-03-29 19:47:57,166.50,efectivo
19580,97,6,2025-03-29 19:49:26,36.85,efectivo
19581,81,6,2025-03-29 19:50:39,133.60,tarjeta
19582,387,6,2025-03-29 19:55:34,206.00,efectivo
19583,109,7,2025-03-29 20:02:29,82.00,efectivo
19584,634,9,2025-03-29 20:08:55,91.90,tarjeta
19585,721,3,2025-03-29 20:17:49,29.50,efectivo
19586,3,6,2025-03-29 20:37:58,234.95,tarjeta
19587,193,6,2025-03-29 20:52:27,95.50,efectivo
19588,747,7,2025-03-29 20:53:54,24.95,efectivo
19589,682,5,2025-03-29 21:13:48,88.50,efectivo
19590,244,8,2025-03-29 21:37:26,19.95,efectivo
19591,809,6,2025-03-29 21:56:10,116.85,tarjeta
19592,797,5,2025-03-29 22:25:41,60.50,efectivo
19593,52,3,2025-03-29 22:32:08,28.50,tarjeta
19594,695,9,2025-03-29 22:32:40,18.00,tarjeta
19595,693,6,2025-03-29 22:34:44,15.50,tarjeta
19596,609,9,2025-03-29 22:36:03,24.95,tarjeta
19597,715,6,2025-03-29 22:39:15,48.50,efectivo
19598,717,10,2025-03-29 22:41:38,181.75,tarjeta
19599,26,8,2025-03-29 22:42:34,12.35,tarjeta
19600,388,1,2025-03-29 22:48:16,10.00,efectivo
19601,473,8,2025-03-30 06:01:49,128.50,tarjeta
19602,563,9,2025-03-30 06:14:09,42.45,efectivo
19603,376,1,2025-03-30 06:15:15,12.00,tarjeta
19604,13,6,2025-03-30 06:18:11,63.50,efectivo
19605,850,6,2025-03-30 06:18:40,26.95,tarjeta
19606,151,9,2025-03-30 06:20:04,85.40,tarjeta
19607,485,1,2025-03-30 06:20:30,34.95,efectivo
19608,702,5,2025-03-30 06:27:01,26.95,tarjeta
19609,901,6,2025-03-30 06:33:51,24.50,efectivo
19610,732,5,2025-03-30 06:40:13,34.50,tarjeta
19611,259,6,2025-03-30 06:41:53,94.45,efectivo
19612,116,1,2025-03-30 06:42:01,22.00,tarjeta
19613,899,9,2025-03-30 06:42:28,61.95,tarjeta
19614,691,5,2025-03-30 06:44:30,51.45,tarjeta
19615,451,3,2025-03-30 06:50:07,50.50,tarjeta
19616,873,5,2025-03-30 06:51:32,44.50,tarjeta
19617,712,10,2025-03-30 06:51:37,31.00,tarjeta
19618,765,8,2025-03-30 06:53:02,10.95,tarjeta
19619,232,6,2025-03-30 06:53:07,39.45,efectivo
19620,377,7,2025-03-30 06:56:06,28.50,efectivo
19621,567,7,2025-03-30 07:01:48,31.00,tarjeta
19622,161,7,2025-03-30 07:04:02,15.50,tarjeta
19623,39,7,2025-03-30 07:16:58,28.50,efectivo
19624,839,2,2025-03-30 07:20:49,169.60,tarjeta
19625,953,3,2025-03-30 07:27:28,26.95,tarjeta
19626,148,4,2025-03-30 07:29:28,32.00,tarjeta
19627,222,3,2025-03-30 07:36:07,31.00,tarjeta
19628,890,10,2025-03-30 07:38:31,41.00,efectivo
19629,573,7,2025-03-30 07:40:01,63.85,efectivo
19630,448,7,2025-03-30 07:41:29,63.50,tarjeta
19631,128,5,2025-03-30 07:48:40,63.45,efectivo
19632,523,5,2025-03-30 07:48:41,31.00,tarjeta
19633,122,8,2025-03-30 07:49:06,10.95,tarjeta
19634,84,7,2025-03-30 07:52:38,46.90,efectivo
19635,415,9,2025-03-30 07:52:51,47.50,efectivo
19636,524,7,2025-03-30 07:57:18,123.90,efectivo
19637,135,6,2025-03-30 08:08:58,74.85,efectivo
19638,960,10,2025-03-30 08:09:52,30.00,efectivo
19639,96,10,2025-03-30 08:11:18,24.50,efectivo
19640,363,3,2025-03-30 08:11:27,78.85,tarjeta
19641,686,2,2025-03-30 08:12:40,94.30,tarjeta
19642,556,8,2025-03-30 08:19:27,92.85,tarjeta
19643,976,10,2025-03-30 08:23:08,31.00,efectivo
19644,11,9,2025-03-30 08:27:09,163.80,efectivo
19645,834,9,2025-03-30 08:32:15,60.95,efectivo
19646,428,4,2025-03-30 08:50:27,48.95,efectivo
19647,317,4,2025-03-30 08:51:26,22.00,tarjeta
19648,284,2,2025-03-30 08:56:00,26.95,efectivo
19649,712,1,2025-03-30 08:56:36,22.00,tarjeta
19650,152,8,2025-03-30 08:58:05,79.95,tarjeta
19651,664,3,2025-03-30 09:08:45,22.50,efectivo
19652,792,1,2025-03-30 09:14:37,97.00,tarjeta
19653,657,10,2025-03-30 09:14:46,57.95,efectivo
19654,461,2,2025-03-30 09:15:00,26.95,tarjeta
19655,983,8,2025-03-30 09:23:33,15.50,efectivo
19656,858,4,2025-03-30 09:23:50,22.00,tarjeta
19657,680,10,2025-03-30 09:37:06,53.00,efectivo
19658,599,6,2025-03-30 09:39:08,46.50,efectivo
19659,437,5,2025-03-30 09:39:13,64.45,efectivo
19660,406,8,2025-03-30 09:39:14,24.50,efectivo
19661,483,2,2025-03-30 09:46:39,34.00,tarjeta
19662,177,10,2025-03-30 09:49:03,61.45,efectivo
19663,222,5,2025-03-30 09:57:34,75.00,tarjeta
19664,284,1,2025-03-30 09:58:25,26.95,tarjeta
19665,650,8,2025-03-30 10:02:28,24.50,efectivo
19666,624,2,2025-03-30 10:05:04,45.45,efectivo
19667,554,5,2025-03-30 10:05:06,59.50,efectivo
19668,653,9,2025-03-30 10:05:56,120.40,tarjeta
19669,712,1,2025-03-30 10:07:36,12.00,tarjeta
19670,39,2,2025-03-30 10:08:59,50.50,efectivo
19671,42,7,2025-03-30 10:09:36,64.95,efectivo
19672,575,9,2025-03-30 10:16:31,24.50,efectivo
19673,983,5,2025-03-30 10:17:04,20.95,tarjeta
19674,213,4,2025-03-30 10:18:22,22.00,tarjeta
19675,1000,3,2025-03-30 10:20:00,0.00,tarjeta
19676,542,9,2025-03-30 10:20:19,37.90,tarjeta
19677,505,4,2025-03-30 10:21:07,48.95,tarjeta
19678,12,7,2025-03-30 10:21:47,43.00,efectivo
19679,280,7,2025-03-30 10:22:57,57.95,efectivo
19680,216,10,2025-03-30 10:28:53,20.95,tarjeta
19681,780,9,2025-03-30 10:31:31,61.40,efectivo
19682,540,7,2025-03-30 10:35:51,113.75,efectivo
19683,911,5,2025-03-30 10:36:56,73.90,efectivo
19684,10,2,2025-03-30 10:38:47,10.00,tarjeta
19685,123,6,2025-03-30 10:41:23,44.00,efectivo
19686,885,6,2025-03-30 10:45:14,12.00,efectivo
19687,505,10,2025-03-30 10:49:10,91.45,tarjeta
19688,90,4,2025-03-30 10:51:35,32.00,efectivo
19689,575,2,2025-03-30 10:52:17,66.45,tarjeta
19690,733,7,2025-03-30 10:52:40,120.60,tarjeta
19691,362,1,2025-03-30 10:55:16,53.00,efectivo
19692,472,4,2025-03-30 10:55:21,117.85,efectivo
19693,787,6,2025-03-30 10:55:21,0.00,tarjeta
19694,448,7,2025-03-30 10:59:44,10.95,tarjeta
19695,937,3,2025-03-30 11:06:30,38.90,tarjeta
19696,42,8,2025-03-30 11:21:18,114.95,efectivo
19697,931,7,2025-03-30 11:24:40,91.90,tarjeta
19698,824,8,2025-03-30 11:28:15,44.00,efectivo
19699,473,7,2025-03-30 11:34:13,62.90,tarjeta
19700,458,10,2025-03-30 11:38:10,81.50,tarjeta
19701,426,10,2025-03-30 11:38:18,77.00,tarjeta
19702,638,6,2025-03-30 11:53:11,28.50,tarjeta
19703,671,7,2025-03-30 11:55:19,116.40,tarjeta
19704,159,4,2025-03-30 11:57:50,47.00,efectivo
19705,831,9,2025-03-30 11:58:27,136.85,efectivo
19706,827,3,2025-03-30 12:09:25,157.70,efectivo
19707,507,6,2025-03-30 12:14:57,180.95,efectivo
19708,59,4,2025-03-30 12:17:14,12.35,efectivo
19709,316,6,2025-03-30 12:18:31,28.50,efectivo
19710,169,7,2025-03-30 12:20:15,38.35,tarjeta
19711,195,4,2025-03-30 12:24:41,41.95,efectivo
19712,514,8,2025-03-30 12:25:26,129.75,efectivo
19713,157,8,2025-03-30 12:35:14,112.90,tarjeta
19714,607,3,2025-03-30 12:46:50,85.85,tarjeta
19715,640,7,2025-03-30 12:58:19,84.40,efectivo
19716,429,10,2025-03-30 13:02:03,61.20,efectivo
19717,723,7,2025-03-30 13:13:06,75.00,tarjeta
19718,50,1,2025-03-30 13:16:24,67.00,efectivo
19719,278,9,2025-03-30 13:29:45,73.90,efectivo
19720,686,10,2025-03-30 13:36:23,142.80,tarjeta
19721,870,4,2025-03-30 13:36:23,124.30,tarjeta
19722,100,9,2025-03-30 13:41:12,74.50,efectivo
19723,363,9,2025-03-30 13:43:46,199.15,efectivo
19724,907,5,2025-03-30 13:45:10,68.50,tarjeta
19725,738,5,2025-03-30 13:46:12,49.90,tarjeta
19726,42,10,2025-03-30 14:17:05,88.90,efectivo
19727,826,2,2025-03-30 14:22:11,169.50,tarjeta
19728,292,6,2025-03-30 14:24:42,10.00,efectivo
19729,587,8,2025-03-30 14:31:54,44.90,tarjeta
19730,438,1,2025-03-30 14:33:35,54.45,efectivo
19731,823,8,2025-03-30 14:35:55,152.65,tarjeta
19732,8,8,2025-03-30 14:38:41,141.00,tarjeta
19733,822,4,2025-03-30 14:54:31,62.00,efectivo
19734,970,1,2025-03-30 15:00:39,52.00,tarjeta
19735,379,4,2025-03-30 15:12:17,80.90,tarjeta
19736,877,4,2025-03-30 15:15:56,40.45,efectivo
19737,671,10,2025-03-30 15:23:01,107.00,tarjeta
19738,287,5,2025-03-30 15:35:48,188.95,efectivo
19739,24,10,2025-03-30 15:43:19,158.30,efectivo
19740,429,2,2025-03-30 16:05:57,178.20,efectivo
19741,590,4,2025-03-30 16:07:36,94.50,efectivo
19742,841,10,2025-03-30 16:25:12,34.85,efectivo
19743,797,7,2025-03-30 16:28:25,131.90,efectivo
19744,875,9,2025-03-30 16:32:45,129.25,efectivo
19745,879,8,2025-03-30 16:33:01,144.90,tarjeta
19746,811,9,2025-03-30 16:36:57,8.00,efectivo
19747,367,10,2025-03-30 16:41:10,60.90,tarjeta
19748,24,3,2025-03-30 16:43:00,158.90,tarjeta
19749,61,6,2025-03-30 16:48:24,28.50,tarjeta
19750,236,5,2025-03-30 16:55:16,46.50,efectivo
19751,660,9,2025-03-30 17:04:37,62.00,efectivo
19752,687,7,2025-03-30 17:09:51,121.50,tarjeta
19753,715,2,2025-03-30 17:22:54,10.95,efectivo
19754,733,2,2025-03-30 17:33:02,116.40,efectivo
19755,876,3,2025-03-30 17:34:42,64.45,efectivo
19756,386,7,2025-03-30 17:39:13,106.90,tarjeta
19757,800,6,2025-03-30 17:41:11,10.00,tarjeta
19758,223,2,2025-03-30 17:50:53,8.00,tarjeta
19759,104,1,2025-03-30 17:54:30,75.85,efectivo
19760,386,5,2025-03-30 18:00:04,103.85,tarjeta
19761,107,8,2025-03-30 18:09:08,201.75,efectivo
19762,540,10,2025-03-30 18:14:45,81.95,efectivo
19763,945,5,2025-03-30 18:25:48,110.80,efectivo
19764,499,5,2025-03-30 18:31:08,186.40,efectivo
19765,36,4,2025-03-30 18:34:20,40.85,tarjeta
19766,273,10,2025-03-30 19:03:34,126.00,efectivo
19767,892,9,2025-03-30 19:08:12,77.00,efectivo
19768,372,2,2025-03-30 19:32:18,88.90,efectivo
19769,264,6,2025-03-30 19:33:27,99.85,efectivo
19770,933,10,2025-03-30 19:38:51,113.80,efectivo
19771,186,1,2025-03-30 20:03:38,149.70,efectivo
19772,675,8,2025-03-30 20:05:37,68.40,efectivo
19773,745,5,2025-03-30 20:07:14,18.00,efectivo
19774,736,7,2025-03-30 20:10:17,41.50,efectivo
19775,826,3,2025-03-30 20:10:54,106.30,tarjeta
19776,525,1,2025-03-30 20:15:36,57.50,tarjeta
19777,151,6,2025-03-30 20:23:23,115.40,tarjeta
19778,636,5,2025-03-30 20:27:53,12.35,efectivo
19779,209,10,2025-03-30 20:34:18,145.20,tarjeta
19780,284,8,2025-03-30 20:35:13,68.90,tarjeta
19781,969,9,2025-03-30 20:50:33,10.00,tarjeta
19782,167,10,2025-03-30 20:54:09,135.90,tarjeta
19783,550,8,2025-03-30 21:05:59,65.30,tarjeta
19784,801,3,2025-03-30 21:27:10,53.00,efectivo
19785,429,1,2025-03-30 21:57:27,93.85,tarjeta
19786,849,9,2025-03-30 21:59:31,42.00,efectivo
19787,642,6,2025-03-30 22:00:46,124.50,tarjeta
19788,343,7,2025-03-30 22:02:30,10.95,tarjeta
19789,323,4,2025-03-30 22:13:49,161.85,tarjeta
19790,72,8,2025-03-30 22:15:41,100.50,efectivo
19791,715,5,2025-03-30 22:16:14,78.50,tarjeta
19792,826,8,2025-03-30 22:18:03,117.50,tarjeta
19793,379,6,2025-03-30 22:23:35,173.25,efectivo
19794,291,6,2025-03-30 22:26:46,0.00,efectivo
19795,331,1,2025-03-30 22:28:03,67.40,tarjeta
19796,193,4,2025-03-30 22:34:23,36.00,tarjeta
19797,501,3,2025-03-30 22:41:58,60.70,efectivo
19798,340,3,2025-03-30 22:42:49,10.95,efectivo
19799,652,3,2025-03-31 06:03:14,15.50,efectivo
19800,217,8,2025-03-31 06:11:04,73.45,efectivo
19801,848,9,2025-03-31 06:12:13,105.90,efectivo
19802,975,9,2025-03-31 06:14:06,46.50,tarjeta
19803,123,5,2025-03-31 06:14:27,134.90,efectivo
19804,733,7,2025-03-31 06:17:13,44.65,efectivo
19805,702,7,2025-03-31 06:18:55,57.95,efectivo
19806,860,4,2025-03-31 06:18:58,212.80,efectivo
19807,962,4,2025-03-31 06:20:34,55.50,tarjeta
19808,196,3,2025-03-31 06:20:43,62.40,tarjeta
19809,657,3,2025-03-31 06:25:00,24.50,tarjeta
19810,111,8,2025-03-31 06:26:49,60.50,tarjeta
19811,54,1,2025-03-31 06:28:58,0.00,tarjeta
19812,532,1,2025-03-31 06:29:12,32.00,efectivo
19813,661,4,2025-03-31 06:32:37,87.95,tarjeta
19814,535,2,2025-03-31 06:32:49,79.95,efectivo
19815,430,4,2025-03-31 06:38:43,35.00,tarjeta
19816,840,7,2025-03-31 06:39:53,107.55,tarjeta
19817,457,8,2025-03-31 06:48:36,40.95,efectivo
19818,404,7,2025-03-31 06:51:14,116.85,efectivo
19819,903,10,2025-03-31 06:52:16,36.95,tarjeta
19820,418,4,2025-03-31 06:54:40,91.75,efectivo
19821,205,2,2025-03-31 06:59:20,122.35,tarjeta
19822,119,9,2025-03-31 07:06:00,12.00,efectivo
19823,405,6,2025-03-31 07:11:55,40.45,efectivo
19824,315,1,2025-03-31 07:14:49,40.45,efectivo
19825,535,4,2025-03-31 07:24:06,82.45,efectivo
19826,824,9,2025-03-31 07:26:11,91.90,efectivo
19827,744,10,2025-03-31 07:29:33,42.45,tarjeta
19828,24,5,2025-03-31 07:36:46,143.25,tarjeta
19829,923,3,2025-03-31 07:37:15,22.00,efectivo
19830,706,1,2025-03-31 07:40:10,57.95,tarjeta
19831,367,5,2025-03-31 07:40:52,136.40,tarjeta
19832,524,7,2025-03-31 07:42:10,143.60,efectivo
19833,233,5,2025-03-31 07:42:33,25.50,tarjeta
19834,377,8,2025-03-31 07:46:57,57.95,efectivo
19835,964,7,2025-03-31 07:50:56,35.45,tarjeta
19836,748,2,2025-03-31 07:53:33,22.00,efectivo
19837,41,5,2025-03-31 07:59:44,31.00,efectivo
19838,715,9,2025-03-31 08:05:07,99.85,tarjeta
19839,317,9,2025-03-31 08:07:21,55.50,tarjeta
19840,796,4,2025-03-31 08:10:44,10.95,tarjeta
19841,843,6,2025-03-31 08:12:55,35.45,tarjeta
19842,461,2,2025-03-31 08:18:07,67.50,tarjeta
19843,234,5,2025-03-31 08:20:13,112.50,tarjeta
19844,96,6,2025-03-31 08:25:47,90.35,tarjeta
19845,471,10,2025-03-31 08:28:47,145.95,efectivo
19846,563,4,2025-03-31 08:34:28,63.95,tarjeta
19847,556,2,2025-03-31 08:38:40,32.95,efectivo
19848,44,9,2025-03-31 08:43:49,64.45,efectivo
19849,275,7,2025-03-31 08:45:47,60.95,efectivo
19850,702,3,2025-03-31 08:53:10,34.50,efectivo
19851,652,10,2025-03-31 08:56:17,0.00,tarjeta
19852,452,8,2025-03-31 08:58:16,44.00,efectivo
19853,328,3,2025-03-31 09:04:40,83.85,efectivo
19854,376,5,2025-03-31 09:09:02,86.95,tarjeta
19855,393,7,2025-03-31 09:10:53,78.00,tarjeta
19856,899,1,2025-03-31 09:12:33,44.00,efectivo
19857,573,10,2025-03-31 09:13:21,109.90,tarjeta
19858,448,1,2025-03-31 09:17:24,81.50,tarjeta
19859,494,6,2025-03-31 09:18:46,38.00,tarjeta
19860,405,6,2025-03-31 09:20:18,61.45,tarjeta
19861,346,3,2025-03-31 09:22:18,37.50,tarjeta
19862,872,8,2025-03-31 09:22:25,51.50,efectivo
19863,233,1,2025-03-31 09:25:21,25.50,efectivo
19864,456,4,2025-03-31 09:25:41,22.00,tarjeta
19865,965,6,2025-03-31 09:25:44,142.85,efectivo
19866,372,5,2025-03-31 09:32:12,92.00,tarjeta
19867,356,6,2025-03-31 09:32:20,32.00,tarjeta
19868,767,4,2025-03-31 09:39:04,39.00,efectivo
19869,39,5,2025-03-31 09:43:29,79.95,tarjeta
19870,119,1,2025-03-31 09:50:46,31.00,efectivo
19871,867,7,2025-03-31 09:51:29,51.45,tarjeta
19872,563,6,2025-03-31 09:58:29,48.90,tarjeta
19873,103,3,2025-03-31 09:58:41,0.00,efectivo
19874,513,1,2025-03-31 10:00:40,22.00,efectivo
19875,170,1,2025-03-31 10:06:57,77.50,efectivo
19876,655,6,2025-03-31 10:09:01,65.00,efectivo
19877,777,6,2025-03-31 10:10:43,15.50,efectivo
19878,957,7,2025-03-31 10:13:44,51.45,efectivo
19879,460,8,2025-03-31 10:14:31,32.00,tarjeta
19880,465,2,2025-03-31 10:15:43,114.45,efectivo
19881,575,7,2025-03-31 10:19:46,26.50,tarjeta
19882,810,7,2025-03-31 10:28:44,57.00,efectivo
19883,586,9,2025-03-31 10:33:39,37.50,tarjeta
19884,284,6,2025-03-31 10:34:08,26.95,tarjeta
19885,344,8,2025-03-31 10:37:37,57.95,tarjeta
19886,195,7,2025-03-31 10:38:41,37.90,tarjeta
19887,135,6,2025-03-31 10:38:50,163.90,tarjeta
19888,362,7,2025-03-31 10:41:15,73.45,efectivo
19889,387,7,2025-03-31 10:41:47,159.40,efectivo
19890,917,2,2025-03-31 10:42:46,57.95,tarjeta
19891,725,1,2025-03-31 10:43:22,26.95,efectivo
19892,882,4,2025-03-31 10:52:24,72.70,tarjeta
19893,451,5,2025-03-31 11:23:31,97.40,efectivo
19894,155,4,2025-03-31 11:27:52,10.00,efectivo
19895,553,5,2025-03-31 11:30:30,83.30,efectivo
19896,205,10,2025-03-31 11:45:15,44.00,efectivo
19897,829,3,2025-03-31 12:02:03,95.90,efectivo
19898,209,1,2025-03-31 12:03:27,106.00,tarjeta
19899,598,4,2025-03-31 12:08:08,121.30,efectivo
19900,607,9,2025-03-31 12:15:58,118.40,tarjeta
19901,209,6,2025-03-31 12:30:53,24.95,efectivo
19902,655,6,2025-03-31 12:34:24,42.95,efectivo
19903,742,3,2025-03-31 12:34:56,113.00,efectivo
19904,800,2,2025-03-31 12:42:35,16.50,efectivo
19905,570,8,2025-03-31 12:45:50,109.45,tarjeta
19906,414,7,2025-03-31 12:46:21,188.60,efectivo
19907,840,3,2025-03-31 12:49:18,108.50,efectivo
19908,779,3,2025-03-31 13:06:22,88.95,efectivo
19909,761,8,2025-03-31 13:20:16,50.00,tarjeta
19910,351,6,2025-03-31 13:30:14,85.90,tarjeta
19911,767,6,2025-03-31 13:38:11,31.00,efectivo
19912,499,5,2025-03-31 13:40:33,37.30,efectivo
19913,83,8,2025-03-31 13:50:46,97.95,efectivo
19914,328,2,2025-03-31 13:52:13,127.95,tarjeta
19915,831,7,2025-03-31 13:56:40,133.80,efectivo
19916,737,7,2025-03-31 14:01:14,26.00,tarjeta
19917,465,2,2025-03-31 14:03:00,114.85,efectivo
19918,275,4,2025-03-31 14:09:07,75.50,efectivo
19919,258,1,2025-03-31 14:31:24,24.35,tarjeta
19920,500,10,2025-03-31 14:45:41,122.95,tarjeta
19921,378,2,2025-03-31 14:47:20,35.00,efectivo
19922,835,7,2025-03-31 15:01:29,65.35,efectivo
19923,719,10,2025-03-31 15:01:58,26.45,tarjeta
19924,640,4,2025-03-31 15:04:30,112.35,efectivo
19925,876,1,2025-03-31 15:11:45,41.50,efectivo
19926,65,10,2025-03-31 15:16:15,36.00,efectivo
19927,139,10,2025-03-31 15:23:46,18.00,tarjeta
19928,622,4,2025-03-31 15:33:43,126.30,tarjeta
19929,484,3,2025-03-31 15:36:03,126.95,efectivo
19930,379,1,2025-03-31 15:39:42,70.90,tarjeta
19931,959,3,2025-03-31 15:41:08,96.40,efectivo
19932,510,3,2025-03-31 15:52:10,12.35,tarjeta
19933,205,3,2025-03-31 15:57:36,95.40,tarjeta
19934,192,5,2025-03-31 15:58:01,76.50,tarjeta
19935,733,9,2025-03-31 16:00:58,61.50,tarjeta
19936,507,8,2025-03-31 16:11:57,117.50,tarjeta
19937,51,3,2025-03-31 16:12:28,12.00,tarjeta
19938,80,7,2025-03-31 16:15:00,196.30,efectivo
19939,328,2,2025-03-31 16:17:06,49.00,efectivo
19940,395,5,2025-03-31 16:17:28,86.95,tarjeta
19941,259,8,2025-03-31 16:26:11,46.95,efectivo
19942,905,8,2025-03-31 16:30:40,99.00,efectivo
19943,404,4,2025-03-31 16:30:52,94.45,tarjeta
19944,378,1,2025-03-31 16:32:35,65.50,efectivo
19945,451,7,2025-03-31 16:41:36,35.00,tarjeta
19946,703,1,2025-03-31 16:41:44,138.85,efectivo
19947,585,9,2025-03-31 16:43:10,71.00,tarjeta
19948,556,6,2025-03-31 16:49:12,95.50,efectivo
19949,768,1,2025-03-31 17:03:57,18.00,tarjeta
19950,425,5,2025-03-31 17:04:55,105.40,efectivo
19951,372,3,2025-03-31 17:11:31,63.95,efectivo
19952,389,3,2025-03-31 17:14:13,64.45,tarjeta
19953,682,10,2025-03-31 17:14:31,88.90,tarjeta
19954,259,2,2025-03-31 17:18:33,92.85,tarjeta
19955,846,9,2025-03-31 17:20:50,82.60,efectivo
19956,55,9,2025-03-31 17:40:11,93.00,tarjeta
19957,404,10,2025-03-31 17:44:46,127.90,tarjeta
19958,641,3,2025-03-31 17:46:11,22.00,efectivo
19959,612,7,2025-03-31 17:52:42,144.00,tarjeta
19960,849,3,2025-03-31 17:56:07,72.45,tarjeta
19961,742,4,2025-03-31 17:58:37,82.25,efectivo
19962,328,5,2025-03-31 17:59:30,41.00,efectivo
19963,631,2,2025-03-31 18:06:08,10.00,tarjeta
19964,268,4,2025-03-31 18:22:27,121.00,tarjeta
19965,298,4,2025-03-31 18:27:36,19.95,efectivo
19966,833,2,2025-03-31 18:29:43,121.75,efectivo
19967,454,1,2025-03-31 18:32:30,180.90,efectivo
19968,585,8,2025-03-31 18:39:04,164.70,efectivo
19969,331,8,2025-03-31 18:48:33,54.50,tarjeta
19970,554,3,2025-03-31 18:58:25,44.00,tarjeta
19971,490,2,2025-03-31 18:59:08,90.90,efectivo
19972,80,6,2025-03-31 19:01:53,137.85,efectivo
19973,546,5,2025-03-31 19:02:46,116.95,tarjeta
19974,37,8,2025-03-31 19:09:21,36.00,tarjeta
19975,451,9,2025-03-31 19:09:35,54.50,efectivo
19976,465,2,2025-03-31 19:17:28,154.45,efectivo
19977,31,8,2025-03-31 19:27:30,144.80,efectivo
19978,988,2,2025-03-31 19:41:02,148.90,efectivo
19979,11,8,2025-03-31 20:06:05,95.50,efectivo
19980,31,7,2025-03-31 20:16:06,115.95,tarjeta
19981,660,9,2025-03-31 20:27:28,85.00,tarjeta
19982,243,1,2025-03-31 20:32:24,126.35,efectivo
19983,715,9,2025-03-31 20:41:53,156.00,tarjeta
19984,24,9,2025-03-31 20:47:32,55.95,efectivo
19985,113,6,2025-03-31 20:55:10,158.95,tarjeta
19986,965,5,2025-03-31 20:56:36,148.80,tarjeta
19987,865,8,2025-03-31 20:57:41,19.95,efectivo
19988,51,2,2025-03-31 21:04:58,34.00,tarjeta
19989,167,5,2025-03-31 21:12:39,54.95,efectivo
19990,514,7,2025-03-31 21:24:19,118.80,efectivo
19991,36,6,2025-03-31 21:40:50,169.85,tarjeta
19992,145,9,2025-03-31 21:47:46,10.00,tarjeta
19993,853,9,2025-03-31 21:53:41,78.40,tarjeta
19994,968,6,2025-03-31 21:55:35,15.50,efectivo
19995,841,2,2025-03-31 21:56:04,138.30,efectivo
19996,387,2,2025-03-31 21:58:45,110.45,efectivo
19997,772,4,2025-03-31 21:58:47,27.95,efectivo
19998,351,3,2025-03-31 22:02:05,86.95,tarjeta
19999,907,1,2025-03-31 22:04:07,37.95,tarjeta
20000,13,1,2025-03-31 22:36:40,69.95,efectivo
1,584,5,2025-01-01 06:00:40,66.45,tarjeta
2,394,4,2025-01-01 06:03:32,26.00,tarjeta
3,627,1,2025-01-01 06:04:26,131.75,tarjeta
4,422,7,2025-01-01 06:09:12,15.50,efectivo
5,588,4,2025-01-01 06:11:20,22.00,tarjeta
20001,1,1,2025-03-31 22:59:59,-12.35,efectivo
20002,1,1,2025-03-31 22:59:59,15.00,efectivo
